Year_Month,Province,Average NO2 Value,Average PM2.5 Value,Average PM10 Value
1990-01,Drenthe,1.3249171566376374,,
1990-01,Flevoland,1.7640909393523057,,
1990-01,Friesland,1.2151237109589703,,
1990-01,Gelderland,2.4228516134243083,,
1990-01,Groningen,1.2151237109589703,,
1990-01,Limburg,1.3249171566376374,,
1990-01,Noord-Brabant,1.7640909393523057,,
1990-01,Noord-Holland,2.642438504781642,,
1990-01,Overijssel,1.8738843850309728,,
1990-01,Utrecht,2.5326450591029754,,
1990-01,Zeeland,1.4347106023163045,,
1990-01,Zuid-Holland,2.8620253961389763,,
1990-02,Drenthe,0.666156482565635,,
1990-02,Flevoland,0.9955368196016362,,
1990-02,Friesland,0.2269826998509666,,
1990-02,Gelderland,2.313058167745641,,
1990-02,Groningen,0.5563630368869679,,
1990-02,Limburg,0.775949928244302,,
1990-02,Noord-Brabant,1.4347106023163045,,
1990-02,Noord-Holland,2.4228516134243083,,
1990-02,Overijssel,1.2151237109589703,,
1990-02,Utrecht,2.642438504781642,,
1990-02,Zeeland,0.44656959120830075,,
1990-02,Zuid-Holland,2.5326450591029754,,
1990-03,Drenthe,0.3367761455296337,,
1990-03,Flevoland,0.775949928244302,,
1990-03,Friesland,-0.10239763718503461,,
1990-03,Gelderland,2.642438504781642,,
1990-03,Groningen,0.3367761455296337,,
1990-03,Limburg,1.8738843850309728,,
1990-03,Noord-Brabant,2.752231950460309,,
1990-03,Noord-Holland,2.5326450591029754,,
1990-03,Overijssel,0.775949928244302,,
1990-03,Utrecht,3.1914057331749777,,
1990-03,Zeeland,1.2151237109589703,,
1990-03,Zuid-Holland,3.410992624532312,,
1990-04,Drenthe,-0.32198452854236875,,
1990-04,Flevoland,-0.10239763718503461,,
1990-04,Friesland,-0.65136486557837,,
1990-04,Gelderland,2.313058167745641,,
1990-04,Groningen,0.5563630368869679,,
1990-04,Limburg,1.3249171566376374,,
1990-04,Noord-Brabant,2.752231950460309,,
1990-04,Noord-Holland,2.203264722066974,,
1990-04,Overijssel,-0.2121910828637017,,
1990-04,Utrecht,2.8620253961389763,,
1990-04,Zeeland,0.8857433739229691,,
1990-04,Zuid-Holland,3.0816122874963106,,
1990-05,Drenthe,-0.5415714198997029,,
1990-05,Flevoland,-0.4317779742210358,,
1990-05,Friesland,-0.8709517569357041,,
1990-05,Gelderland,2.642438504781642,,
1990-05,Groningen,-0.4317779742210358,,
1990-05,Limburg,1.3249171566376374,,
1990-05,Noord-Brabant,3.630579515889646,,
1990-05,Noord-Holland,2.093471276388307,,
1990-05,Overijssel,0.007395808493632469,,
1990-05,Utrecht,3.630579515889646,,
1990-05,Zeeland,0.666156482565635,,
1990-05,Zuid-Holland,3.410992624532312,,
1990-06,Drenthe,-0.5415714198997029,,
1990-06,Flevoland,-0.4317779742210358,,
1990-06,Friesland,-0.761158311257037,,
1990-06,Gelderland,2.203264722066974,,
1990-06,Groningen,-0.5415714198997029,,
1990-06,Limburg,0.775949928244302,,
1990-06,Noord-Brabant,2.5326450591029754,,
1990-06,Noord-Holland,1.7640909393523057,,
1990-06,Overijssel,0.2269826998509666,,
1990-06,Utrecht,3.520786070210979,,
1990-06,Zeeland,-0.32198452854236875,,
1990-06,Zuid-Holland,2.642438504781642,,
1990-07,Drenthe,-0.8709517569357041,,
1990-07,Flevoland,-0.761158311257037,,
1990-07,Friesland,-1.0905386482930384,,
1990-07,Gelderland,1.5445040479949714,,
1990-07,Groningen,-0.65136486557837,,
1990-07,Limburg,0.775949928244302,,
1990-07,Noord-Brabant,2.093471276388307,,
1990-07,Noord-Holland,1.2151237109589703,,
1990-07,Overijssel,-0.32198452854236875,,
1990-07,Utrecht,2.642438504781642,,
1990-07,Zeeland,-0.10239763718503461,,
1990-07,Zuid-Holland,2.093471276388307,,
1990-08,Drenthe,-0.2121910828637017,,
1990-08,Flevoland,-0.10239763718503461,,
1990-08,Friesland,-0.4317779742210358,,
1990-08,Gelderland,2.642438504781642,,
1990-08,Groningen,0.007395808493632469,,
1990-08,Limburg,2.093471276388307,,
1990-08,Noord-Brabant,3.630579515889646,,
1990-08,Noord-Holland,2.4228516134243083,,
1990-08,Overijssel,0.666156482565635,,
1990-08,Utrecht,4.069753298604314,,
1990-08,Zeeland,0.775949928244302,,
1990-08,Zuid-Holland,3.520786070210979,,
1990-09,Drenthe,-0.2121910828637017,,
1990-09,Flevoland,0.3367761455296337,,
1990-09,Friesland,-0.761158311257037,,
1990-09,Gelderland,2.313058167745641,,
1990-09,Groningen,-0.32198452854236875,,
1990-09,Limburg,1.8738843850309728,,
1990-09,Noord-Brabant,2.642438504781642,,
1990-09,Noord-Holland,1.8738843850309728,,
1990-09,Overijssel,0.775949928244302,,
1990-09,Utrecht,3.3011991788536448,,
1990-09,Zeeland,0.11718925417229954,,
1990-09,Zuid-Holland,2.5326450591029754,,
1990-10,Drenthe,1.2151237109589703,,
1990-10,Flevoland,1.6542974936736385,,
1990-10,Friesland,1.2151237109589703,,
1990-10,Gelderland,2.752231950460309,,
1990-10,Groningen,1.4347106023163045,,
1990-10,Limburg,1.9836778307096399,,
1990-10,Noord-Brabant,2.752231950460309,,
1990-10,Noord-Holland,3.0816122874963106,,
1990-10,Overijssel,2.093471276388307,,
1990-10,Utrecht,3.8501664072469803,,
1990-10,Zeeland,1.9836778307096399,,
1990-10,Zuid-Holland,3.520786070210979,,
1990-11,Drenthe,0.8857433739229691,,
1990-11,Flevoland,1.5445040479949714,,
1990-11,Friesland,0.5563630368869679,,
1990-11,Gelderland,2.752231950460309,,
1990-11,Groningen,1.1053302652803032,,
1990-11,Limburg,2.203264722066974,,
1990-11,Noord-Brabant,2.5326450591029754,,
1990-11,Noord-Holland,3.0816122874963106,,
1990-11,Overijssel,1.7640909393523057,,
1990-11,Utrecht,4.069753298604314,,
1990-11,Zeeland,1.9836778307096399,,
1990-11,Zuid-Holland,3.630579515889646,,
1990-12,Drenthe,0.775949928244302,,
1990-12,Flevoland,1.1053302652803032,,
1990-12,Friesland,0.666156482565635,,
1990-12,Gelderland,2.203264722066974,,
1990-12,Groningen,1.1053302652803032,,
1990-12,Limburg,2.093471276388307,,
1990-12,Noord-Brabant,2.313058167745641,,
1990-12,Noord-Holland,2.313058167745641,,
1990-12,Overijssel,1.2151237109589703,,
1990-12,Utrecht,3.3011991788536448,,
1990-12,Zeeland,1.6542974936736385,,
1990-12,Zuid-Holland,2.752231950460309,,
2016-01,Drenthe,0.007395808493632469,,1.4072898406747885
2016-01,Flevoland,0.44656959120830075,,0.48405641444622566
2016-01,Friesland,-0.10239763718503461,2.0089011796829093,1.1764814841176479
2016-01,Gelderland,1.1053302652803032,0.6611156118611788,0.9456731275605071
2016-01,Groningen,0.9955368196016362,2.548015406811601,3.4845650496890546
2016-01,Limburg,0.666156482565635,0.12200138473248687,-0.43917701178233715
2016-01,Noord-Brabant,1.1053302652803032,0.6611156118611788,0.253248057889085
2016-01,Noord-Holland,1.7640909393523057,1.4697869525542169,0.9456731275605071
2016-01,Overijssel,0.3367761455296337,2.278458293247255,0.7148647710033664
2016-01,Utrecht,1.5445040479949714,0.6611156118611788,0.253248057889085
2016-01,Zeeland,0.11718925417229954,,0.253248057889085
2016-01,Zuid-Holland,2.093471276388307,0.6611156118611788,0.7148647710033664
2016-02,Drenthe,-0.65136486557837,,-0.9007937248966186
2016-02,Flevoland,-0.10239763718503461,,-0.6699853683394779
2016-02,Friesland,-0.8709517569357041,-0.41711284239620516,-0.6699853683394779
2016-02,Gelderland,0.775949928244302,0.12200138473248687,0.253248057889085
2016-02,Groningen,0.3367761455296337,-0.14755572883185916,0.9456731275605071
2016-02,Limburg,0.5563630368869679,0.39155849829683287,-0.6699853683394779
2016-02,Noord-Brabant,0.8857433739229691,0.12200138473248687,-0.20836865522519646
2016-02,Noord-Holland,1.4347106023163045,0.6611156118611788,0.253248057889085
2016-02,Overijssel,-0.4317779742210358,0.39155849829683287,-0.6699853683394779
2016-02,Utrecht,1.2151237109589703,0.12200138473248687,-0.20836865522519646
2016-02,Zeeland,-0.10239763718503461,,-0.20836865522519646
2016-02,Zuid-Holland,1.8738843850309728,0.12200138473248687,0.253248057889085
2016-03,Drenthe,-0.8709517569357041,,-0.20836865522519646
2016-03,Flevoland,-0.5415714198997029,,0.02243970133194425
2016-03,Friesland,-0.8709517569357041,-0.14755572883185916,0.02243970133194425
2016-03,Gelderland,0.8857433739229691,1.200229838989871,1.1764814841176479
2016-03,Groningen,0.2269826998509666,0.9306727254255249,1.6380981972319293
2016-03,Limburg,0.666156482565635,2.0089011796829093,1.1764814841176479
2016-03,Noord-Brabant,0.666156482565635,1.4697869525542169,0.7148647710033664
2016-03,Noord-Holland,1.3249171566376374,1.4697869525542169,0.9456731275605071
2016-03,Overijssel,-0.761158311257037,1.4697869525542169,0.02243970133194425
2016-03,Utrecht,0.9955368196016362,1.200229838989871,0.48405641444622566
2016-03,Zeeland,-0.10239763718503461,,1.1764814841176479
2016-03,Zuid-Holland,1.5445040479949714,0.9306727254255249,0.9456731275605071
2016-04,Drenthe,-0.9807452026143713,,-1.3624104380109
2016-04,Flevoland,-0.65136486557837,,-0.9007937248966186
2016-04,Friesland,-1.2003320939717053,-0.6866699559605512,-0.6699853683394779
2016-04,Gelderland,0.3367761455296337,-0.41711284239620516,-0.20836865522519646
2016-04,Groningen,0.007395808493632469,-0.14755572883185916,0.7148647710033664
2016-04,Limburg,0.11718925417229954,-0.14755572883185916,-0.6699853683394779
2016-04,Noord-Brabant,0.2269826998509666,-0.14755572883185916,-0.43917701178233715
2016-04,Noord-Holland,0.9955368196016362,0.12200138473248687,0.02243970133194425
2016-04,Overijssel,-0.8709517569357041,-0.14755572883185916,-1.1316020814537593
2016-04,Utrecht,0.666156482565635,-0.41711284239620516,-0.6699853683394779
2016-04,Zeeland,-0.4317779742210358,,0.02243970133194425
2016-04,Zuid-Holland,1.2151237109589703,-0.14755572883185916,-0.20836865522519646
2016-05,Drenthe,-0.9807452026143713,,-0.6699853683394779
2016-05,Flevoland,-0.761158311257037,,-0.20836865522519646
2016-05,Friesland,-1.0905386482930384,-0.14755572883185916,0.253248057889085
2016-05,Gelderland,0.3367761455296337,-0.14755572883185916,0.48405641444622566
2016-05,Groningen,-0.2121910828637017,-0.14755572883185916,1.4072898406747885
2016-05,Limburg,0.007395808493632469,-0.14755572883185916,0.253248057889085
2016-05,Noord-Brabant,0.11718925417229954,0.39155849829683287,0.48405641444622566
2016-05,Noord-Holland,0.666156482565635,0.9306727254255249,0.7148647710033664
2016-05,Overijssel,-0.9807452026143713,-0.14755572883185916,-0.20836865522519646
2016-05,Utrecht,0.2269826998509666,-0.14755572883185916,0.02243970133194425
2016-05,Zeeland,-0.32198452854236875,,0.9456731275605071
2016-05,Zuid-Holland,0.8857433739229691,0.12200138473248687,0.48405641444622566
2016-06,Drenthe,-1.0905386482930384,,-0.6699853683394779
2016-06,Flevoland,-1.0905386482930384,,-0.43917701178233715
2016-06,Friesland,-1.2003320939717053,-0.41711284239620516,0.253248057889085
2016-06,Gelderland,0.007395808493632469,-0.6866699559605512,0.02243970133194425
2016-06,Groningen,-0.2121910828637017,-0.14755572883185916,1.6380981972319293
2016-06,Limburg,-0.2121910828637017,0.39155849829683287,0.253248057889085
2016-06,Noord-Brabant,0.007395808493632469,0.9306727254255249,0.253248057889085
2016-06,Noord-Holland,0.44656959120830075,0.39155849829683287,0.48405641444622566
2016-06,Overijssel,-1.2003320939717053,-0.41711284239620516,0.02243970133194425
2016-06,Utrecht,0.11718925417229954,-0.41711284239620516,-0.20836865522519646
2016-06,Zeeland,-0.65136486557837,,0.48405641444622566
2016-06,Zuid-Holland,0.775949928244302,-0.14755572883185916,0.48405641444622566
2016-07,Drenthe,-1.3101255396503724,,-1.1316020814537593
2016-07,Flevoland,-1.0905386482930384,,-0.9007937248966186
2016-07,Friesland,-1.3101255396503724,-1.7648984102179353,-0.6699853683394779
2016-07,Gelderland,0.11718925417229954,-1.2257841830892433,-0.20836865522519646
2016-07,Groningen,-0.4317779742210358,-0.9562270695248973,-0.20836865522519646
2016-07,Limburg,-0.32198452854236875,-0.6866699559605512,-0.20836865522519646
2016-07,Noord-Brabant,-0.2121910828637017,-0.14755572883185916,0.02243970133194425
2016-07,Noord-Holland,0.3367761455296337,-0.41711284239620516,-0.20836865522519646
2016-07,Overijssel,-1.0905386482930384,-1.2257841830892433,-0.9007937248966186
2016-07,Utrecht,0.2269826998509666,-1.2257841830892433,-0.6699853683394779
2016-07,Zeeland,-0.9807452026143713,,-0.6699853683394779
2016-07,Zuid-Holland,0.5563630368869679,-1.2257841830892433,-0.20836865522519646
2016-08,Drenthe,-1.0905386482930384,,-1.1316020814537593
2016-08,Flevoland,-0.9807452026143713,,-0.9007937248966186
2016-08,Friesland,-1.3101255396503724,-1.4953412966535893,-0.9007937248966186
2016-08,Gelderland,0.11718925417229954,-1.2257841830892433,-0.6699853683394779
2016-08,Groningen,-0.32198452854236875,-1.2257841830892433,-0.20836865522519646
2016-08,Limburg,-0.10239763718503461,-0.9562270695248973,-0.43917701178233715
2016-08,Noord-Brabant,0.007395808493632469,-0.41711284239620516,-0.20836865522519646
2016-08,Noord-Holland,0.5563630368869679,-0.14755572883185916,0.02243970133194425
2016-08,Overijssel,-1.0905386482930384,-1.4953412966535893,-0.9007937248966186
2016-08,Utrecht,0.2269826998509666,-0.9562270695248973,-0.6699853683394779
2016-08,Zeeland,-0.65136486557837,,0.7148647710033664
2016-08,Zuid-Holland,0.775949928244302,-0.41711284239620516,0.02243970133194425
2016-09,Drenthe,-0.65136486557837,,0.02243970133194425
2016-09,Flevoland,-0.5415714198997029,,0.7148647710033664
2016-09,Friesland,-0.8709517569357041,-0.41711284239620516,0.02243970133194425
2016-09,Gelderland,0.9955368196016362,-0.41711284239620516,1.4072898406747885
2016-09,Groningen,0.3367761455296337,0.12200138473248687,1.1764814841176479
2016-09,Limburg,0.5563630368869679,-0.41711284239620516,0.9456731275605071
2016-09,Noord-Brabant,0.775949928244302,0.6611156118611788,1.4072898406747885
2016-09,Noord-Holland,1.5445040479949714,0.39155849829683287,0.9456731275605071
2016-09,Overijssel,-0.65136486557837,-0.14755572883185916,0.253248057889085
2016-09,Utrecht,1.2151237109589703,-0.41711284239620516,0.48405641444622566
2016-09,Zeeland,-0.10239763718503461,,0.7148647710033664
2016-09,Zuid-Holland,1.8738843850309728,0.39155849829683287,1.1764814841176479
2016-10,Drenthe,-0.761158311257037,,-0.6699853683394779
2016-10,Flevoland,-0.4317779742210358,,-0.43917701178233715
2016-10,Friesland,-0.761158311257037,-0.41711284239620516,-1.1316020814537593
2016-10,Gelderland,0.8857433739229691,0.39155849829683287,0.48405641444622566
2016-10,Groningen,0.5563630368869679,0.12200138473248687,0.7148647710033664
2016-10,Limburg,0.5563630368869679,0.6611156118611788,0.02243970133194425
2016-10,Noord-Brabant,0.775949928244302,0.9306727254255249,0.7148647710033664
2016-10,Noord-Holland,1.2151237109589703,0.9306727254255249,0.253248057889085
2016-10,Overijssel,-0.5415714198997029,0.12200138473248687,-0.43917701178233715
2016-10,Utrecht,0.8857433739229691,0.12200138473248687,-0.20836865522519646
2016-10,Zeeland,0.11718925417229954,,0.02243970133194425
2016-10,Zuid-Holland,1.5445040479949714,0.6611156118611788,0.253248057889085
2016-11,Drenthe,-0.10239763718503461,,-0.6699853683394779
2016-11,Flevoland,0.3367761455296337,,-0.43917701178233715
2016-11,Friesland,-0.2121910828637017,-0.14755572883185916,-0.9007937248966186
2016-11,Gelderland,1.3249171566376374,0.6611156118611788,0.9456731275605071
2016-11,Groningen,0.9955368196016362,0.12200138473248687,0.9456731275605071
2016-11,Limburg,0.8857433739229691,0.6611156118611788,0.02243970133194425
2016-11,Noord-Brabant,1.2151237109589703,1.200229838989871,0.7148647710033664
2016-11,Noord-Holland,1.9836778307096399,0.9306727254255249,0.253248057889085
2016-11,Overijssel,0.11718925417229954,0.39155849829683287,-0.20836865522519646
2016-11,Utrecht,1.6542974936736385,0.39155849829683287,0.02243970133194425
2016-11,Zeeland,0.44656959120830075,,-0.20836865522519646
2016-11,Zuid-Holland,2.203264722066974,0.6611156118611788,0.253248057889085
2016-12,Drenthe,0.3367761455296337,,1.4072898406747885
2016-12,Flevoland,1.1053302652803032,,1.4072898406747885
2016-12,Friesland,0.666156482565635,1.200229838989871,0.9456731275605071
2016-12,Gelderland,1.8738843850309728,2.548015406811601,3.2537566931319137
2016-12,Groningen,1.5445040479949714,2.0089011796829093,3.7153734062461954
2016-12,Limburg,1.5445040479949714,2.278458293247255,1.6380981972319293
2016-12,Noord-Brabant,1.8738843850309728,3.087129633940293,2.7921399800176325
2016-12,Noord-Holland,2.642438504781642,3.087129633940293,2.7921399800176325
2016-12,Overijssel,0.775949928244302,2.548015406811601,1.6380981972319293
2016-12,Utrecht,2.313058167745641,2.548015406811601,2.3305232669033513
2016-12,Zeeland,1.4347106023163045,,2.3305232669033513
2016-12,Zuid-Holland,2.8620253961389763,2.8175725203759474,3.0229483365747734
2017-01,Drenthe,0.2269826998509666,,1.86890655378907
2017-01,Flevoland,0.5563630368869679,,1.86890655378907
2017-01,Friesland,0.2269826998509666,2.278458293247255,1.6380981972319293
2017-01,Gelderland,1.9836778307096399,3.087129633940293,3.7153734062461954
2017-01,Groningen,1.4347106023163045,3.087129633940293,4.407798475917618
2017-01,Limburg,1.6542974936736385,2.548015406811601,1.86890655378907
2017-01,Noord-Brabant,1.8738843850309728,3.3566867475046394,2.7921399800176325
2017-01,Noord-Holland,2.642438504781642,3.087129633940293,2.5613316234604917
2017-01,Overijssel,0.44656959120830075,3.087129633940293,1.86890655378907
2017-01,Utrecht,2.203264722066974,2.8175725203759474,2.3305232669033513
2017-01,Zeeland,0.9955368196016362,,2.5613316234604917
2017-01,Zuid-Holland,2.8620253961389763,2.548015406811601,2.5613316234604917
2017-02,Drenthe,-0.4317779742210358,,2.5613316234604917
2017-02,Flevoland,0.007395808493632469,,2.5613316234604917
2017-02,Friesland,-0.32198452854236875,3.626243861068985,2.3305232669033513
2017-02,Gelderland,1.2151237109589703,3.3566867475046394,3.946181762803336
2017-02,Groningen,0.3367761455296337,2.8175725203759474,4.407798475917618
2017-02,Limburg,0.8857433739229691,2.278458293247255,1.6380981972319293
2017-02,Noord-Brabant,1.2151237109589703,3.3566867475046394,2.7921399800176325
2017-02,Noord-Holland,1.6542974936736385,3.8958009746333313,3.0229483365747734
2017-02,Overijssel,0.007395808493632469,3.3566867475046394,2.7921399800176325
2017-02,Utrecht,1.3249171566376374,3.087129633940293,2.5613316234604917
2017-02,Zeeland,0.5563630368869679,,2.3305232669033513
2017-02,Zuid-Holland,2.093471276388307,3.3566867475046394,3.0229483365747734
2017-03,Drenthe,-0.65136486557837,,-0.43917701178233715
2017-03,Flevoland,-0.2121910828637017,,-0.20836865522519646
2017-03,Friesland,-0.65136486557837,0.12200138473248687,0.02243970133194425
2017-03,Gelderland,0.9955368196016362,0.12200138473248687,1.1764814841176479
2017-03,Groningen,0.3367761455296337,0.39155849829683287,1.1764814841176479
2017-03,Limburg,0.44656959120830075,0.12200138473248687,0.253248057889085
2017-03,Noord-Brabant,0.8857433739229691,0.6611156118611788,0.7148647710033664
2017-03,Noord-Holland,1.7640909393523057,0.9306727254255249,0.9456731275605071
2017-03,Overijssel,-0.4317779742210358,-0.14755572883185916,0.02243970133194425
2017-03,Utrecht,1.2151237109589703,0.39155849829683287,0.48405641444622566
2017-03,Zeeland,0.11718925417229954,,0.48405641444622566
2017-03,Zuid-Holland,2.203264722066974,0.6611156118611788,1.1764814841176479
2017-04,Drenthe,-0.9807452026143713,,-0.43917701178233715
2017-04,Flevoland,-0.8709517569357041,,-0.20836865522519646
2017-04,Friesland,-1.3101255396503724,-0.6866699559605512,-0.9007937248966186
2017-04,Gelderland,0.5563630368869679,0.39155849829683287,0.9456731275605071
2017-04,Groningen,-0.4317779742210358,-0.41711284239620516,0.02243970133194425
2017-04,Limburg,0.3367761455296337,0.9306727254255249,0.9456731275605071
2017-04,Noord-Brabant,0.3367761455296337,0.6611156118611788,0.48405641444622566
2017-04,Noord-Holland,0.775949928244302,0.12200138473248687,0.253248057889085
2017-04,Overijssel,-1.0905386482930384,0.12200138473248687,-0.43917701178233715
2017-04,Utrecht,0.44656959120830075,-0.14755572883185916,-0.20836865522519646
2017-04,Zeeland,-0.4317779742210358,,0.7148647710033664
2017-04,Zuid-Holland,1.1053302652803032,0.39155849829683287,0.7148647710033664
2017-05,Drenthe,-0.65136486557837,,-0.9007937248966186
2017-05,Flevoland,-0.761158311257037,,-0.9007937248966186
2017-05,Friesland,-1.0905386482930384,-0.41711284239620516,-0.6699853683394779
2017-05,Gelderland,0.3367761455296337,0.12200138473248687,0.253248057889085
2017-05,Groningen,-0.2121910828637017,-0.41711284239620516,0.253248057889085
2017-05,Limburg,0.007395808493632469,-0.14755572883185916,-0.20836865522519646
2017-05,Noord-Brabant,0.3367761455296337,0.12200138473248687,0.02243970133194425
2017-05,Noord-Holland,0.775949928244302,0.12200138473248687,0.02243970133194425
2017-05,Overijssel,-0.9807452026143713,-0.6866699559605512,-0.43917701178233715
2017-05,Utrecht,0.11718925417229954,-0.14755572883185916,-0.43917701178233715
2017-05,Zeeland,-0.2121910828637017,,-0.20836865522519646
2017-05,Zuid-Holland,0.9955368196016362,0.12200138473248687,0.02243970133194425
2017-06,Drenthe,-0.8709517569357041,,-0.6699853683394779
2017-06,Flevoland,-0.9807452026143713,,-0.9007937248966186
2017-06,Friesland,-1.2003320939717053,-0.9562270695248973,-1.1316020814537593
2017-06,Gelderland,0.2269826998509666,-0.41711284239620516,0.253248057889085
2017-06,Groningen,-0.4317779742210358,-0.9562270695248973,0.48405641444622566
2017-06,Limburg,-0.10239763718503461,-0.6866699559605512,0.253248057889085
2017-06,Noord-Brabant,-0.10239763718503461,-0.14755572883185916,0.253248057889085
2017-06,Noord-Holland,0.44656959120830075,-0.41711284239620516,0.253248057889085
2017-06,Overijssel,-0.9807452026143713,-0.9562270695248973,-0.43917701178233715
2017-06,Utrecht,0.007395808493632469,-0.6866699559605512,-0.20836865522519646
2017-06,Zeeland,-0.65136486557837,,-0.20836865522519646
2017-06,Zuid-Holland,0.666156482565635,-0.41711284239620516,0.253248057889085
2017-07,Drenthe,-1.3101255396503724,,-1.3624104380109
2017-07,Flevoland,-1.0905386482930384,,-1.1316020814537593
2017-07,Friesland,-1.3101255396503724,-1.7648984102179353,-1.3624104380109
2017-07,Gelderland,0.007395808493632469,-0.6866699559605512,-0.20836865522519646
2017-07,Groningen,-0.5415714198997029,-1.4953412966535893,0.253248057889085
2017-07,Limburg,-0.32198452854236875,-0.6866699559605512,-0.20836865522519646
2017-07,Noord-Brabant,-0.2121910828637017,-0.41711284239620516,-0.43917701178233715
2017-07,Noord-Holland,0.2269826998509666,-0.6866699559605512,-0.20836865522519646
2017-07,Overijssel,-1.2003320939717053,-1.2257841830892433,-0.6699853683394779
2017-07,Utrecht,-0.10239763718503461,-0.9562270695248973,-0.6699853683394779
2017-07,Zeeland,-0.8709517569357041,,-0.6699853683394779
2017-07,Zuid-Holland,0.44656959120830075,-0.6866699559605512,-0.20836865522519646
2017-08,Drenthe,-1.0905386482930384,,-1.1316020814537593
2017-08,Flevoland,-0.761158311257037,,-0.6699853683394779
2017-08,Friesland,-1.2003320939717053,-1.4953412966535893,-1.1316020814537593
2017-08,Gelderland,0.2269826998509666,-0.14755572883185916,0.253248057889085
2017-08,Groningen,-0.4317779742210358,-0.6866699559605512,1.1764814841176479
2017-08,Limburg,0.007395808493632469,-0.14755572883185916,0.02243970133194425
2017-08,Noord-Brabant,0.2269826998509666,0.12200138473248687,0.02243970133194425
2017-08,Noord-Holland,0.775949928244302,-0.14755572883185916,0.253248057889085
2017-08,Overijssel,-0.9807452026143713,-0.6866699559605512,-0.6699853683394779
2017-08,Utrecht,0.3367761455296337,-0.41711284239620516,-0.43917701178233715
2017-08,Zeeland,-0.5415714198997029,,0.02243970133194425
2017-08,Zuid-Holland,1.1053302652803032,-0.14755572883185916,0.253248057889085
2017-09,Drenthe,-0.9807452026143713,,-1.3624104380109
2017-09,Flevoland,-0.5415714198997029,,-0.9007937248966186
2017-09,Friesland,-1.0905386482930384,-0.6866699559605512,-1.1316020814537593
2017-09,Gelderland,0.44656959120830075,0.12200138473248687,0.02243970133194425
2017-09,Groningen,0.007395808493632469,-0.14755572883185916,0.7148647710033664
2017-09,Limburg,0.007395808493632469,-0.41711284239620516,-0.43917701178233715
2017-09,Noord-Brabant,0.3367761455296337,0.12200138473248687,0.02243970133194425
2017-09,Noord-Holland,1.1053302652803032,0.12200138473248687,0.253248057889085
2017-09,Overijssel,-0.761158311257037,-0.14755572883185916,-0.9007937248966186
2017-09,Utrecht,0.666156482565635,-0.14755572883185916,-0.43917701178233715
2017-09,Zeeland,-0.5415714198997029,,-0.43917701178233715
2017-09,Zuid-Holland,1.4347106023163045,0.39155849829683287,0.02243970133194425
2017-10,Drenthe,-0.8709517569357041,,-1.1316020814537593
2017-10,Flevoland,-0.4317779742210358,,-0.43917701178233715
2017-10,Friesland,-1.0905386482930384,-0.9562270695248973,-0.6699853683394779
2017-10,Gelderland,0.5563630368869679,-0.41711284239620516,0.48405641444622566
2017-10,Groningen,-0.10239763718503461,-0.9562270695248973,0.9456731275605071
2017-10,Limburg,0.007395808493632469,-0.6866699559605512,-0.20836865522519646
2017-10,Noord-Brabant,0.3367761455296337,-0.41711284239620516,0.253248057889085
2017-10,Noord-Holland,0.775949928244302,-0.41711284239620516,0.48405641444622566
2017-10,Overijssel,-0.65136486557837,-0.6866699559605512,-0.43917701178233715
2017-10,Utrecht,0.5563630368869679,-0.6866699559605512,0.02243970133194425
2017-10,Zeeland,-0.65136486557837,,-0.43917701178233715
2017-10,Zuid-Holland,1.1053302652803032,-0.14755572883185916,0.7148647710033664
2017-11,Drenthe,-0.32198452854236875,,-1.1316020814537593
2017-11,Flevoland,0.2269826998509666,,-0.9007937248966186
2017-11,Friesland,-0.65136486557837,-0.41711284239620516,-0.9007937248966186
2017-11,Gelderland,1.3249171566376374,0.6611156118611788,0.48405641444622566
2017-11,Groningen,0.666156482565635,-0.41711284239620516,0.48405641444622566
2017-11,Limburg,0.5563630368869679,0.6611156118611788,0.02243970133194425
2017-11,Noord-Brabant,1.1053302652803032,0.9306727254255249,0.48405641444622566
2017-11,Noord-Holland,1.7640909393523057,0.12200138473248687,0.48405641444622566
2017-11,Overijssel,-0.10239763718503461,0.39155849829683287,-0.20836865522519646
2017-11,Utrecht,1.5445040479949714,0.39155849829683287,0.02243970133194425
2017-11,Zeeland,-0.2121910828637017,,-0.43917701178233715
2017-11,Zuid-Holland,1.9836778307096399,0.39155849829683287,0.7148647710033664
2017-12,Drenthe,-0.5415714198997029,,-1.8240271511251813
2017-12,Flevoland,0.11718925417229954,,-1.3624104380109
2017-12,Friesland,-0.761158311257037,-0.6866699559605512,-1.5932187945680407
2017-12,Gelderland,1.2151237109589703,0.12200138473248687,0.02243970133194425
2017-12,Groningen,0.3367761455296337,-0.41711284239620516,-0.20836865522519646
2017-12,Limburg,0.44656959120830075,0.12200138473248687,-0.6699853683394779
2017-12,Noord-Brabant,0.8857433739229691,0.39155849829683287,-0.20836865522519646
2017-12,Noord-Holland,1.4347106023163045,0.12200138473248687,0.02243970133194425
2017-12,Overijssel,-0.32198452854236875,-0.14755572883185916,-1.3624104380109
2017-12,Utrecht,1.3249171566376374,0.12200138473248687,-0.43917701178233715
2017-12,Zeeland,0.007395808493632469,,-0.9007937248966186
2017-12,Zuid-Holland,1.7640909393523057,0.39155849829683287,0.02243970133194425
2018-01,Drenthe,-0.5415714198997029,,-0.6699853683394779
2018-01,Flevoland,-0.10239763718503461,,-0.6699853683394779
2018-01,Friesland,-0.65136486557837,-0.14755572883185916,-0.6699853683394779
2018-01,Gelderland,0.666156482565635,0.39155849829683287,0.253248057889085
2018-01,Groningen,0.44656959120830075,0.39155849829683287,1.4072898406747885
2018-01,Limburg,0.11718925417229954,0.12200138473248687,-0.43917701178233715
2018-01,Noord-Brabant,0.666156482565635,0.6611156118611788,0.253248057889085
2018-01,Noord-Holland,1.1053302652803032,0.6611156118611788,0.48405641444622566
2018-01,Overijssel,-0.4317779742210358,0.12200138473248687,-0.43917701178233715
2018-01,Utrecht,0.8857433739229691,0.39155849829683287,0.02243970133194425
2018-01,Zeeland,-0.2121910828637017,,-0.43917701178233715
2018-01,Zuid-Holland,1.5445040479949714,0.6611156118611788,0.48405641444622566
2018-02,Drenthe,-0.2121910828637017,,0.9456731275605071
2018-02,Flevoland,0.007395808493632469,,2.3305232669033513
2018-02,Friesland,-0.4317779742210358,2.0089011796829093,0.9456731275605071
2018-02,Gelderland,1.2151237109589703,2.278458293247255,2.5613316234604917
2018-02,Groningen,0.666156482565635,2.0089011796829093,3.2537566931319137
2018-02,Limburg,0.775949928244302,2.278458293247255,1.6380981972319293
2018-02,Noord-Brabant,1.1053302652803032,2.278458293247255,1.6380981972319293
2018-02,Noord-Holland,1.5445040479949714,2.548015406811601,2.0997149103462105
2018-02,Overijssel,-0.10239763718503461,2.278458293247255,1.4072898406747885
2018-02,Utrecht,1.1053302652803032,2.0089011796829093,1.6380981972319293
2018-02,Zeeland,0.3367761455296337,,0.9456731275605071
2018-02,Zuid-Holland,1.7640909393523057,2.278458293247255,1.86890655378907
2018-03,Drenthe,-0.65136486557837,,0.02243970133194425
2018-03,Flevoland,-0.32198452854236875,,1.1764814841176479
2018-03,Friesland,-0.761158311257037,2.0089011796829093,1.4072898406747885
2018-03,Gelderland,0.5563630368869679,1.7393440661185628,1.86890655378907
2018-03,Groningen,0.2269826998509666,2.0089011796829093,3.2537566931319137
2018-03,Limburg,0.2269826998509666,1.4697869525542169,0.7148647710033664
2018-03,Noord-Brabant,0.775949928244302,1.7393440661185628,1.4072898406747885
2018-03,Noord-Holland,1.5445040479949714,2.548015406811601,2.3305232669033513
2018-03,Overijssel,-0.5415714198997029,1.4697869525542169,1.1764814841176479
2018-03,Utrecht,0.8857433739229691,1.7393440661185628,1.4072898406747885
2018-03,Zeeland,0.11718925417229954,,0.7148647710033664
2018-03,Zuid-Holland,1.8738843850309728,2.278458293247255,1.86890655378907
2018-04,Drenthe,-0.65136486557837,,0.7148647710033664
2018-04,Flevoland,-0.4317779742210358,,1.1764814841176479
2018-04,Friesland,-0.9807452026143713,1.7393440661185628,1.6380981972319293
2018-04,Gelderland,0.5563630368869679,1.7393440661185628,2.3305232669033513
2018-04,Groningen,0.007395808493632469,1.7393440661185628,2.7921399800176325
2018-04,Limburg,0.11718925417229954,1.200229838989871,1.4072898406747885
2018-04,Noord-Brabant,0.5563630368869679,2.0089011796829093,1.86890655378907
2018-04,Noord-Holland,1.4347106023163045,2.548015406811601,2.5613316234604917
2018-04,Overijssel,-0.761158311257037,1.4697869525542169,1.4072898406747885
2018-04,Utrecht,0.775949928244302,2.0089011796829093,2.0997149103462105
2018-04,Zeeland,0.11718925417229954,,1.6380981972319293
2018-04,Zuid-Holland,1.5445040479949714,2.278458293247255,2.0997149103462105
2018-05,Drenthe,-0.761158311257037,,0.48405641444622566
2018-05,Flevoland,-0.65136486557837,,0.9456731275605071
2018-05,Friesland,-1.0905386482930384,0.39155849829683287,0.9456731275605071
2018-05,Gelderland,0.3367761455296337,0.9306727254255249,1.6380981972319293
2018-05,Groningen,-0.2121910828637017,0.6611156118611788,1.1764814841176479
2018-05,Limburg,-0.10239763718503461,0.9306727254255249,1.6380981972319293
2018-05,Noord-Brabant,0.2269826998509666,1.4697869525542169,1.6380981972319293
2018-05,Noord-Holland,0.775949928244302,1.7393440661185628,2.0997149103462105
2018-05,Overijssel,-0.9807452026143713,0.12200138473248687,0.9456731275605071
2018-05,Utrecht,0.007395808493632469,0.9306727254255249,1.6380981972319293
2018-05,Zeeland,0.11718925417229954,,2.7921399800176325
2018-05,Zuid-Holland,0.775949928244302,2.0089011796829093,2.0997149103462105
2018-06,Drenthe,-1.0905386482930384,,-0.43917701178233715
2018-06,Flevoland,-0.8709517569357041,,-0.20836865522519646
2018-06,Friesland,-1.2003320939717053,-0.6866699559605512,-0.43917701178233715
2018-06,Gelderland,0.007395808493632469,0.39155849829683287,0.9456731275605071
2018-06,Groningen,-0.5415714198997029,-0.41711284239620516,0.48405641444622566
2018-06,Limburg,-0.32198452854236875,0.39155849829683287,1.1764814841176479
2018-06,Noord-Brabant,-0.2121910828637017,0.39155849829683287,0.7148647710033664
2018-06,Noord-Holland,0.11718925417229954,0.12200138473248687,0.7148647710033664
2018-06,Overijssel,-1.2003320939717053,-0.14755572883185916,0.02243970133194425
2018-06,Utrecht,-0.32198452854236875,-0.14755572883185916,0.253248057889085
2018-06,Zeeland,-0.65136486557837,,1.4072898406747885
2018-06,Zuid-Holland,0.11718925417229954,0.12200138473248687,0.7148647710033664
2018-07,Drenthe,-0.9807452026143713,,-0.9007937248966186
2018-07,Flevoland,-0.761158311257037,,-0.9007937248966186
2018-07,Friesland,-1.3101255396503724,-1.4953412966535893,-0.6699853683394779
2018-07,Gelderland,0.11718925417229954,-0.41711284239620516,0.48405641444622566
2018-07,Groningen,-0.5415714198997029,-1.2257841830892433,-0.43917701178233715
2018-07,Limburg,-0.10239763718503461,-0.14755572883185916,1.4072898406747885
2018-07,Noord-Brabant,0.007395808493632469,-0.41711284239620516,0.48405641444622566
2018-07,Noord-Holland,0.3367761455296337,-0.41711284239620516,0.48405641444622566
2018-07,Overijssel,-1.0905386482930384,-0.9562270695248973,-0.6699853683394779
2018-07,Utrecht,-0.2121910828637017,-0.9562270695248973,-0.20836865522519646
2018-07,Zeeland,-0.32198452854236875,,0.02243970133194425
2018-07,Zuid-Holland,0.2269826998509666,-0.6866699559605512,0.253248057889085
2018-08,Drenthe,-0.761158311257037,,-1.1316020814537593
2018-08,Flevoland,-0.761158311257037,,-0.9007937248966186
2018-08,Friesland,-1.0905386482930384,-1.4953412966535893,-0.9007937248966186
2018-08,Gelderland,0.2269826998509666,-0.41711284239620516,0.02243970133194425
2018-08,Groningen,-0.32198452854236875,-1.2257841830892433,-0.6699853683394779
2018-08,Limburg,0.007395808493632469,-0.41711284239620516,0.48405641444622566
2018-08,Noord-Brabant,0.11718925417229954,-0.41711284239620516,-0.43917701178233715
2018-08,Noord-Holland,0.666156482565635,-0.6866699559605512,-0.20836865522519646
2018-08,Overijssel,-0.761158311257037,-0.9562270695248973,-0.9007937248966186
2018-08,Utrecht,0.2269826998509666,-0.6866699559605512,-0.6699853683394779
2018-08,Zeeland,-0.5415714198997029,,-0.9007937248966186
2018-08,Zuid-Holland,0.666156482565635,-0.6866699559605512,-0.43917701178233715
2018-09,Drenthe,-0.761158311257037,,-0.9007937248966186
2018-09,Flevoland,-0.5415714198997029,,-0.43917701178233715
2018-09,Friesland,-0.9807452026143713,-1.2257841830892433,-0.9007937248966186
2018-09,Gelderland,0.666156482565635,-0.14755572883185916,0.253248057889085
2018-09,Groningen,0.007395808493632469,-0.9562270695248973,0.253248057889085
2018-09,Limburg,0.3367761455296337,-0.14755572883185916,0.48405641444622566
2018-09,Noord-Brabant,0.44656959120830075,-0.14755572883185916,0.253248057889085
2018-09,Noord-Holland,0.9955368196016362,-0.41711284239620516,0.253248057889085
2018-09,Overijssel,-0.65136486557837,-0.9562270695248973,-0.9007937248966186
2018-09,Utrecht,0.666156482565635,-0.41711284239620516,-0.20836865522519646
2018-09,Zeeland,-0.4317779742210358,,-0.43917701178233715
2018-09,Zuid-Holland,1.1053302652803032,-0.41711284239620516,0.02243970133194425
2018-10,Drenthe,-0.65136486557837,,-0.43917701178233715
2018-10,Flevoland,-0.32198452854236875,,0.02243970133194425
2018-10,Friesland,-0.761158311257037,-0.41711284239620516,-0.20836865522519646
2018-10,Gelderland,0.9955368196016362,0.39155849829683287,0.7148647710033664
2018-10,Groningen,0.3367761455296337,-0.41711284239620516,1.86890655378907
2018-10,Limburg,0.5563630368869679,0.6611156118611788,0.9456731275605071
2018-10,Noord-Brabant,0.775949928244302,0.12200138473248687,0.48405641444622566
2018-10,Noord-Holland,1.4347106023163045,0.12200138473248687,0.48405641444622566
2018-10,Overijssel,-0.4317779742210358,-0.41711284239620516,-0.43917701178233715
2018-10,Utrecht,0.9955368196016362,-0.14755572883185916,0.253248057889085
2018-10,Zeeland,-0.10239763718503461,,-0.20836865522519646
2018-10,Zuid-Holland,1.6542974936736385,0.39155849829683287,0.7148647710033664
2018-11,Drenthe,-0.2121910828637017,,0.253248057889085
2018-11,Flevoland,0.2269826998509666,,0.253248057889085
2018-11,Friesland,-0.10239763718503461,1.200229838989871,0.48405641444622566
2018-11,Gelderland,0.9955368196016362,1.4697869525542169,0.9456731275605071
2018-11,Groningen,0.666156482565635,1.200229838989871,2.0997149103462105
2018-11,Limburg,0.775949928244302,1.200229838989871,0.48405641444622566
2018-11,Noord-Brabant,0.9955368196016362,1.4697869525542169,0.9456731275605071
2018-11,Noord-Holland,1.6542974936736385,2.0089011796829093,1.1764814841176479
2018-11,Overijssel,0.11718925417229954,0.6611156118611788,0.48405641444622566
2018-11,Utrecht,1.1053302652803032,1.4697869525542169,0.9456731275605071
2018-11,Zeeland,0.5563630368869679,,0.9456731275605071
2018-11,Zuid-Holland,1.6542974936736385,2.0089011796829093,1.1764814841176479
2018-12,Drenthe,-0.4317779742210358,,-0.9007937248966186
2018-12,Flevoland,0.007395808493632469,,-0.43917701178233715
2018-12,Friesland,-0.4317779742210358,-0.41711284239620516,-0.6699853683394779
2018-12,Gelderland,0.666156482565635,0.6611156118611788,0.253248057889085
2018-12,Groningen,0.3367761455296337,-0.14755572883185916,1.1764814841176479
2018-12,Limburg,0.3367761455296337,0.39155849829683287,-0.20836865522519646
2018-12,Noord-Brabant,0.775949928244302,0.6611156118611788,0.48405641444622566
2018-12,Noord-Holland,1.4347106023163045,0.6611156118611788,0.48405641444622566
2018-12,Overijssel,-0.2121910828637017,0.12200138473248687,-0.43917701178233715
2018-12,Utrecht,0.9955368196016362,0.39155849829683287,0.253248057889085
2018-12,Zeeland,-0.10239763718503461,,0.253248057889085
2018-12,Zuid-Holland,1.5445040479949714,0.6611156118611788,0.7148647710033664
2019-01,Drenthe,-0.5415714198997029,,0.48405641444622566
2019-01,Flevoland,-0.10239763718503461,,0.253248057889085
2019-01,Friesland,-0.65136486557837,0.6611156118611788,0.48405641444622566
2019-01,Gelderland,0.8857433739229691,1.4697869525542169,1.1764814841176479
2019-01,Groningen,0.44656959120830075,0.6611156118611788,2.5613316234604917
2019-01,Limburg,0.5563630368869679,1.4697869525542169,0.7148647710033664
2019-01,Noord-Brabant,0.9955368196016362,1.200229838989871,1.1764814841176479
2019-01,Noord-Holland,1.3249171566376374,0.9306727254255249,0.9456731275605071
2019-01,Overijssel,-0.32198452854236875,0.9306727254255249,0.48405641444622566
2019-01,Utrecht,1.1053302652803032,1.200229838989871,0.9456731275605071
2019-01,Zeeland,0.007395808493632469,,0.48405641444622566
2019-01,Zuid-Holland,1.6542974936736385,1.200229838989871,1.4072898406747885
2019-02,Drenthe,0.11718925417229954,,1.1764814841176479
2019-02,Flevoland,0.666156482565635,,1.6380981972319293
2019-02,Friesland,0.2269826998509666,2.278458293247255,2.0997149103462105
2019-02,Gelderland,1.7640909393523057,2.278458293247255,2.3305232669033513
2019-02,Groningen,1.3249171566376374,2.278458293247255,3.7153734062461954
2019-02,Limburg,1.1053302652803032,1.4697869525542169,1.1764814841176479
2019-02,Noord-Brabant,1.7640909393523057,2.278458293247255,2.0997149103462105
2019-02,Noord-Holland,2.752231950460309,2.8175725203759474,2.5613316234604917
2019-02,Overijssel,0.44656959120830075,1.7393440661185628,1.86890655378907
2019-02,Utrecht,2.093471276388307,2.278458293247255,1.86890655378907
2019-02,Zeeland,0.8857433739229691,,2.0997149103462105
2019-02,Zuid-Holland,2.8620253961389763,2.548015406811601,2.5613316234604917
2019-03,Drenthe,-1.0905386482930384,,-0.43917701178233715
2019-03,Flevoland,-0.761158311257037,,0.253248057889085
2019-03,Friesland,-1.0905386482930384,-0.41711284239620516,0.02243970133194425
2019-03,Gelderland,0.2269826998509666,0.6611156118611788,0.7148647710033664
2019-03,Groningen,-0.32198452854236875,-0.41711284239620516,1.4072898406747885
2019-03,Limburg,-0.10239763718503461,0.39155849829683287,0.253248057889085
2019-03,Noord-Brabant,0.2269826998509666,0.6611156118611788,0.7148647710033664
2019-03,Noord-Holland,0.775949928244302,0.9306727254255249,1.1764814841176479
2019-03,Overijssel,-0.8709517569357041,-0.14755572883185916,0.253248057889085
2019-03,Utrecht,0.2269826998509666,0.6611156118611788,0.48405641444622566
2019-03,Zeeland,-0.4317779742210358,,1.1764814841176479
2019-03,Zuid-Holland,1.1053302652803032,1.200229838989871,1.6380981972319293
2019-04,Drenthe,-0.761158311257037,,1.6380981972319293
2019-04,Flevoland,-0.8709517569357041,,0.9456731275605071
2019-04,Friesland,-1.0905386482930384,0.9306727254255249,0.9456731275605071
2019-04,Gelderland,0.2269826998509666,1.200229838989871,1.4072898406747885
2019-04,Groningen,-0.2121910828637017,0.9306727254255249,2.3305232669033513
2019-04,Limburg,0.007395808493632469,1.7393440661185628,1.86890655378907
2019-04,Noord-Brabant,0.3367761455296337,1.7393440661185628,1.86890655378907
2019-04,Noord-Holland,0.5563630368869679,1.7393440661185628,1.6380981972319293
2019-04,Overijssel,-0.8709517569357041,0.9306727254255249,1.1764814841176479
2019-04,Utrecht,-0.2121910828637017,1.200229838989871,0.9456731275605071
2019-04,Zeeland,0.11718925417229954,,2.7921399800176325
2019-04,Zuid-Holland,0.775949928244302,2.0089011796829093,1.86890655378907
2019-05,Drenthe,-0.8709517569357041,,-0.43917701178233715
2019-05,Flevoland,-0.9807452026143713,,-0.9007937248966186
2019-05,Friesland,-1.2003320939717053,-0.6866699559605512,-0.9007937248966186
2019-05,Gelderland,0.11718925417229954,0.12200138473248687,0.02243970133194425
2019-05,Groningen,-0.2121910828637017,-0.9562270695248973,0.48405641444622566
2019-05,Limburg,-0.32198452854236875,0.39155849829683287,0.02243970133194425
2019-05,Noord-Brabant,-0.10239763718503461,0.12200138473248687,-0.20836865522519646
2019-05,Noord-Holland,0.2269826998509666,-0.14755572883185916,-0.20836865522519646
2019-05,Overijssel,-1.0905386482930384,-0.6866699559605512,-0.6699853683394779
2019-05,Utrecht,-0.10239763718503461,-0.14755572883185916,-0.6699853683394779
2019-05,Zeeland,-0.65136486557837,,0.02243970133194425
2019-05,Zuid-Holland,0.44656959120830075,0.12200138473248687,0.02243970133194425
2019-06,Drenthe,-0.8709517569357041,,0.02243970133194425
2019-06,Flevoland,-1.0905386482930384,,-0.43917701178233715
2019-06,Friesland,-1.2003320939717053,-0.9562270695248973,-0.9007937248966186
2019-06,Gelderland,-0.10239763718503461,-0.14755572883185916,0.253248057889085
2019-06,Groningen,0.007395808493632469,-0.9562270695248973,0.48405641444622566
2019-06,Limburg,-0.5415714198997029,-0.14755572883185916,0.02243970133194425
2019-06,Noord-Brabant,-0.2121910828637017,-0.14755572883185916,-0.20836865522519646
2019-06,Noord-Holland,0.3367761455296337,-0.14755572883185916,0.02243970133194425
2019-06,Overijssel,-0.9807452026143713,-0.41711284239620516,-0.43917701178233715
2019-06,Utrecht,-0.2121910828637017,-0.41711284239620516,-0.43917701178233715
2019-06,Zeeland,-0.5415714198997029,,-0.43917701178233715
2019-06,Zuid-Holland,0.5563630368869679,-0.14755572883185916,0.253248057889085
2019-07,Drenthe,-1.0905386482930384,,-0.43917701178233715
2019-07,Flevoland,-0.9807452026143713,,-0.43917701178233715
2019-07,Friesland,-1.2003320939717053,-1.2257841830892433,-0.6699853683394779
2019-07,Gelderland,0.007395808493632469,-0.41711284239620516,0.253248057889085
2019-07,Groningen,-0.5415714198997029,-1.2257841830892433,0.253248057889085
2019-07,Limburg,-0.32198452854236875,-0.41711284239620516,0.253248057889085
2019-07,Noord-Brabant,-0.2121910828637017,-0.41711284239620516,0.02243970133194425
2019-07,Noord-Holland,0.2269826998509666,-0.14755572883185916,0.02243970133194425
2019-07,Overijssel,-0.9807452026143713,-0.9562270695248973,-0.6699853683394779
2019-07,Utrecht,-0.2121910828637017,-0.6866699559605512,-0.20836865522519646
2019-07,Zeeland,-0.761158311257037,,-0.6699853683394779
2019-07,Zuid-Holland,0.44656959120830075,-0.41711284239620516,0.253248057889085
2019-08,Drenthe,-0.8709517569357041,,-0.20836865522519646
2019-08,Flevoland,-0.9807452026143713,,0.02243970133194425
2019-08,Friesland,-1.0905386482930384,-0.6866699559605512,-0.20836865522519646
2019-08,Gelderland,0.2269826998509666,0.12200138473248687,0.48405641444622566
2019-08,Groningen,-0.32198452854236875,-0.41711284239620516,0.9456731275605071
2019-08,Limburg,-0.32198452854236875,-0.14755572883185916,0.02243970133194425
2019-08,Noord-Brabant,0.007395808493632469,0.12200138473248687,0.48405641444622566
2019-08,Noord-Holland,0.5563630368869679,0.39155849829683287,0.7148647710033664
2019-08,Overijssel,-0.761158311257037,-0.41711284239620516,-0.20836865522519646
2019-08,Utrecht,0.007395808493632469,-0.14755572883185916,0.02243970133194425
2019-08,Zeeland,-0.65136486557837,,-0.20836865522519646
2019-08,Zuid-Holland,0.5563630368869679,0.12200138473248687,0.7148647710033664
2019-09,Drenthe,-0.9807452026143713,,-1.3624104380109
2019-09,Flevoland,-0.8709517569357041,,-1.1316020814537593
2019-09,Friesland,-1.2003320939717053,-1.7648984102179353,-1.1316020814537593
2019-09,Gelderland,0.2269826998509666,-0.9562270695248973,-0.43917701178233715
2019-09,Groningen,-0.2121910828637017,-1.4953412966535893,0.253248057889085
2019-09,Limburg,-0.32198452854236875,-0.9562270695248973,-0.6699853683394779
2019-09,Noord-Brabant,0.007395808493632469,-0.9562270695248973,-0.6699853683394779
2019-09,Noord-Holland,0.5563630368869679,-0.9562270695248973,-0.43917701178233715
2019-09,Overijssel,-0.9807452026143713,-1.4953412966535893,-1.3624104380109
2019-09,Utrecht,0.11718925417229954,-1.2257841830892433,-0.9007937248966186
2019-09,Zeeland,-0.761158311257037,,-1.1316020814537593
2019-09,Zuid-Holland,0.5563630368869679,-0.9562270695248973,-0.43917701178233715
2019-10,Drenthe,-0.8709517569357041,,-1.5932187945680407
2019-10,Flevoland,-0.65136486557837,,-1.1316020814537593
2019-10,Friesland,-0.9807452026143713,-1.2257841830892433,-1.3624104380109
2019-10,Gelderland,0.11718925417229954,-0.6866699559605512,-0.43917701178233715
2019-10,Groningen,0.007395808493632469,-1.2257841830892433,0.253248057889085
2019-10,Limburg,-0.2121910828637017,-0.9562270695248973,-0.9007937248966186
2019-10,Noord-Brabant,0.2269826998509666,-0.6866699559605512,-0.6699853683394779
2019-10,Noord-Holland,0.775949928244302,-0.41711284239620516,-0.43917701178233715
2019-10,Overijssel,-0.8709517569357041,-1.2257841830892433,-1.3624104380109
2019-10,Utrecht,0.3367761455296337,-0.6866699559605512,-1.1316020814537593
2019-10,Zeeland,-0.4317779742210358,,-1.1316020814537593
2019-10,Zuid-Holland,0.9955368196016362,-0.41711284239620516,-0.43917701178233715
2019-11,Drenthe,-0.32198452854236875,,-0.9007937248966186
2019-11,Flevoland,-0.10239763718503461,,-0.6699853683394779
2019-11,Friesland,-0.4317779742210358,-0.14755572883185916,-0.6699853683394779
2019-11,Gelderland,0.8857433739229691,0.39155849829683287,0.02243970133194425
2019-11,Groningen,0.5563630368869679,0.12200138473248687,1.1764814841176479
2019-11,Limburg,0.3367761455296337,0.12200138473248687,-0.6699853683394779
2019-11,Noord-Brabant,0.8857433739229691,0.39155849829683287,0.02243970133194425
2019-11,Noord-Holland,1.6542974936736385,0.6611156118611788,0.253248057889085
2019-11,Overijssel,-0.2121910828637017,0.12200138473248687,-0.43917701178233715
2019-11,Utrecht,0.9955368196016362,0.39155849829683287,-0.43917701178233715
2019-11,Zeeland,0.007395808493632469,,-0.9007937248966186
2019-11,Zuid-Holland,1.7640909393523057,0.39155849829683287,0.02243970133194425
2019-12,Drenthe,-0.32198452854236875,,-0.9007937248966186
2019-12,Flevoland,0.11718925417229954,,-0.43917701178233715
2019-12,Friesland,-0.4317779742210358,-0.41711284239620516,-0.9007937248966186
2019-12,Gelderland,0.775949928244302,0.39155849829683287,0.02243970133194425
2019-12,Groningen,0.666156482565635,-0.14755572883185916,1.1764814841176479
2019-12,Limburg,0.2269826998509666,0.12200138473248687,-0.43917701178233715
2019-12,Noord-Brabant,0.775949928244302,0.6611156118611788,0.253248057889085
2019-12,Noord-Holland,1.4347106023163045,0.6611156118611788,0.48405641444622566
2019-12,Overijssel,-0.2121910828637017,-0.14755572883185916,-0.6699853683394779
2019-12,Utrecht,0.9955368196016362,0.39155849829683287,0.02243970133194425
2019-12,Zeeland,0.11718925417229954,,0.02243970133194425
2019-12,Zuid-Holland,1.5445040479949714,0.9306727254255249,0.7148647710033664
2020-01,Drenthe,-0.4317779742210358,,-0.9007937248966186
2020-01,Flevoland,0.007395808493632469,,-0.20836865522519646
2020-01,Friesland,-0.5415714198997029,-0.14755572883185916,-0.20836865522519646
2020-01,Gelderland,0.5563630368869679,0.9306727254255249,0.48405641444622566
2020-01,Groningen,0.3367761455296337,-0.14755572883185916,1.4072898406747885
2020-01,Limburg,0.2269826998509666,0.9306727254255249,0.02243970133194425
2020-01,Noord-Brabant,0.666156482565635,0.6611156118611788,0.253248057889085
2020-01,Noord-Holland,1.3249171566376374,0.9306727254255249,0.9456731275605071
2020-01,Overijssel,-0.2121910828637017,0.39155849829683287,-0.43917701178233715
2020-01,Utrecht,0.8857433739229691,0.9306727254255249,0.48405641444622566
2020-01,Zeeland,-0.10239763718503461,,-0.20836865522519646
2020-01,Zuid-Holland,1.4347106023163045,1.4697869525542169,1.1764814841176479
2020-02,Drenthe,-1.0905386482930384,,-1.1316020814537593
2020-02,Flevoland,-0.8709517569357041,,-0.6699853683394779
2020-02,Friesland,-1.2003320939717053,-0.9562270695248973,-0.9007937248966186
2020-02,Gelderland,0.007395808493632469,-0.6866699559605512,-0.20836865522519646
2020-02,Groningen,-0.32198452854236875,-1.4953412966535893,0.7148647710033664
2020-02,Limburg,-0.4317779742210358,-0.41711284239620516,-0.6699853683394779
2020-02,Noord-Brabant,-0.2121910828637017,-0.6866699559605512,-0.43917701178233715
2020-02,Noord-Holland,0.2269826998509666,-0.14755572883185916,0.253248057889085
2020-02,Overijssel,-0.9807452026143713,-0.9562270695248973,-0.9007937248966186
2020-02,Utrecht,0.007395808493632469,-0.41711284239620516,-0.20836865522519646
2020-02,Zeeland,-0.9807452026143713,,-0.43917701178233715
2020-02,Zuid-Holland,0.666156482565635,-0.41711284239620516,0.7148647710033664
2020-03,Drenthe,-1.0905386482930384,,-1.1316020814537593
2020-03,Flevoland,-0.9807452026143713,,-0.6699853683394779
2020-03,Friesland,-1.2003320939717053,-0.6866699559605512,-0.6699853683394779
2020-03,Gelderland,-0.10239763718503461,0.12200138473248687,0.02243970133194425
2020-03,Groningen,-0.4317779742210358,-0.6866699559605512,0.7148647710033664
2020-03,Limburg,-0.4317779742210358,0.39155849829683287,0.253248057889085
2020-03,Noord-Brabant,-0.10239763718503461,0.12200138473248687,0.02243970133194425
2020-03,Noord-Holland,0.11718925417229954,0.12200138473248687,0.253248057889085
2020-03,Overijssel,-1.0905386482930384,-0.41711284239620516,-0.43917701178233715
2020-03,Utrecht,-0.2121910828637017,-0.14755572883185916,-0.43917701178233715
2020-03,Zeeland,-0.761158311257037,,-0.6699853683394779
2020-03,Zuid-Holland,0.44656959120830075,0.12200138473248687,0.253248057889085
2020-04,Drenthe,-0.9807452026143713,,0.48405641444622566
2020-04,Flevoland,-0.9807452026143713,,0.48405641444622566
2020-04,Friesland,-1.2003320939717053,-0.6866699559605512,-0.20836865522519646
2020-04,Gelderland,-0.10239763718503461,0.39155849829683287,1.6380981972319293
2020-04,Groningen,-0.65136486557837,-0.6866699559605512,0.7148647710033664
2020-04,Limburg,-0.2121910828637017,1.200229838989871,2.5613316234604917
2020-04,Noord-Brabant,0.007395808493632469,0.9306727254255249,1.86890655378907
2020-04,Noord-Holland,0.11718925417229954,0.39155849829683287,1.1764814841176479
2020-04,Overijssel,-1.2003320939717053,-0.14755572883185916,0.48405641444622566
2020-04,Utrecht,-0.4317779742210358,0.12200138473248687,0.253248057889085
2020-04,Zeeland,0.007395808493632469,,1.4072898406747885
2020-04,Zuid-Holland,0.44656959120830075,0.6611156118611788,1.4072898406747885
2020-05,Drenthe,-0.8709517569357041,,0.02243970133194425
2020-05,Flevoland,-0.8709517569357041,,-0.6699853683394779
2020-05,Friesland,-1.2003320939717053,-0.9562270695248973,-0.6699853683394779
2020-05,Gelderland,-0.2121910828637017,-0.14755572883185916,0.253248057889085
2020-05,Groningen,-0.761158311257037,-1.2257841830892433,0.02243970133194425
2020-05,Limburg,-0.5415714198997029,0.12200138473248687,0.48405641444622566
2020-05,Noord-Brabant,-0.32198452854236875,-0.14755572883185916,0.253248057889085
2020-05,Noord-Holland,-0.2121910828637017,-0.14755572883185916,0.02243970133194425
2020-05,Overijssel,-1.2003320939717053,-0.9562270695248973,-0.6699853683394779
2020-05,Utrecht,-0.5415714198997029,-0.41711284239620516,-0.43917701178233715
2020-05,Zeeland,-0.5415714198997029,,-0.43917701178233715
2020-05,Zuid-Holland,0.11718925417229954,-0.14755572883185916,0.253248057889085
2020-06,Drenthe,-0.9807452026143713,,-0.9007937248966186
2020-06,Flevoland,-1.2003320939717053,,-0.6699853683394779
2020-06,Friesland,-1.2003320939717053,-0.9562270695248973,-0.9007937248966186
2020-06,Gelderland,-0.2121910828637017,-0.41711284239620516,-0.20836865522519646
2020-06,Groningen,-0.65136486557837,-1.2257841830892433,0.48405641444622566
2020-06,Limburg,-0.65136486557837,-0.41711284239620516,-0.20836865522519646
2020-06,Noord-Brabant,-0.32198452854236875,-0.41711284239620516,-0.20836865522519646
2020-06,Noord-Holland,-0.10239763718503461,-0.41711284239620516,-0.20836865522519646
2020-06,Overijssel,-1.0905386482930384,-0.9562270695248973,-0.9007937248966186
2020-06,Utrecht,-0.4317779742210358,-0.6866699559605512,-0.6699853683394779
2020-06,Zeeland,-0.761158311257037,,-0.6699853683394779
2020-06,Zuid-Holland,0.11718925417229954,-0.6866699559605512,0.02243970133194425
2020-07,Drenthe,-1.3101255396503724,,-1.5932187945680407
2020-07,Flevoland,-1.2003320939717053,,-1.5932187945680407
2020-07,Friesland,-1.4199189853290395,-1.7648984102179353,-1.5932187945680407
2020-07,Gelderland,-0.32198452854236875,-0.9562270695248973,-0.9007937248966186
2020-07,Groningen,-0.761158311257037,-1.4953412966535893,-0.6699853683394779
2020-07,Limburg,-0.65136486557837,-0.6866699559605512,-0.6699853683394779
2020-07,Noord-Brabant,-0.5415714198997029,-1.2257841830892433,-1.1316020814537593
2020-07,Noord-Holland,-0.32198452854236875,-0.9562270695248973,-0.9007937248966186
2020-07,Overijssel,-1.2003320939717053,-1.4953412966535893,-1.8240271511251813
2020-07,Utrecht,-0.4317779742210358,-1.2257841830892433,-1.3624104380109
2020-07,Zeeland,-1.0905386482930384,,-1.1316020814537593
2020-07,Zuid-Holland,0.007395808493632469,-1.2257841830892433,-0.9007937248966186
2020-08,Drenthe,-0.9807452026143713,,-0.43917701178233715
2020-08,Flevoland,-1.0905386482930384,,-0.20836865522519646
2020-08,Friesland,-1.2003320939717053,-0.9562270695248973,-0.43917701178233715
2020-08,Gelderland,-0.10239763718503461,-0.14755572883185916,0.02243970133194425
2020-08,Groningen,-0.5415714198997029,-0.41711284239620516,1.1764814841176479
2020-08,Limburg,-0.4317779742210358,-0.41711284239620516,0.02243970133194425
2020-08,Noord-Brabant,-0.32198452854236875,-0.14755572883185916,0.253248057889085
2020-08,Noord-Holland,0.11718925417229954,0.39155849829683287,0.253248057889085
2020-08,Overijssel,-0.9807452026143713,-0.6866699559605512,-0.20836865522519646
2020-08,Utrecht,-0.2121910828637017,-0.41711284239620516,0.02243970133194425
2020-08,Zeeland,-0.65136486557837,,0.02243970133194425
2020-08,Zuid-Holland,0.44656959120830075,0.12200138473248687,0.7148647710033664
2020-09,Drenthe,-0.9807452026143713,,-0.9007937248966186
2020-09,Flevoland,-0.8709517569357041,,-0.43917701178233715
2020-09,Friesland,-1.0905386482930384,-0.9562270695248973,-0.9007937248966186
2020-09,Gelderland,0.44656959120830075,0.12200138473248687,0.253248057889085
2020-09,Groningen,-0.10239763718503461,-0.14755572883185916,0.48405641444622566
2020-09,Limburg,0.11718925417229954,-0.14755572883185916,0.48405641444622566
2020-09,Noord-Brabant,0.2269826998509666,-0.14755572883185916,0.48405641444622566
2020-09,Noord-Holland,0.5563630368869679,0.12200138473248687,0.253248057889085
2020-09,Overijssel,-0.761158311257037,-0.6866699559605512,-0.9007937248966186
2020-09,Utrecht,0.2269826998509666,-0.14755572883185916,-0.43917701178233715
2020-09,Zeeland,-0.5415714198997029,,-0.6699853683394779
2020-09,Zuid-Holland,0.9955368196016362,-0.14755572883185916,0.48405641444622566
2020-10,Drenthe,-1.0905386482930384,,-1.8240271511251813
2020-10,Flevoland,-0.761158311257037,,-1.5932187945680407
2020-10,Friesland,-1.0905386482930384,-1.4953412966535893,-1.8240271511251813
2020-10,Gelderland,-0.2121910828637017,-0.9562270695248973,-0.9007937248966186
2020-10,Groningen,-0.32198452854236875,-1.2257841830892433,-0.43917701178233715
2020-10,Limburg,-0.4317779742210358,-0.9562270695248973,-1.1316020814537593
2020-10,Noord-Brabant,-0.10239763718503461,-0.6866699559605512,-0.9007937248966186
2020-10,Noord-Holland,0.44656959120830075,-0.6866699559605512,-1.1316020814537593
2020-10,Overijssel,-0.9807452026143713,-1.2257841830892433,-1.5932187945680407
2020-10,Utrecht,-0.10239763718503461,-0.9562270695248973,-1.3624104380109
2020-10,Zeeland,-0.761158311257037,,-1.5932187945680407
2020-10,Zuid-Holland,0.5563630368869679,-0.9562270695248973,-0.9007937248966186
2020-11,Drenthe,-0.65136486557837,,-0.43917701178233715
2020-11,Flevoland,-0.10239763718503461,,0.02243970133194425
2020-11,Friesland,-0.65136486557837,-0.14755572883185916,-0.20836865522519646
2020-11,Gelderland,0.5563630368869679,1.200229838989871,1.1764814841176479
2020-11,Groningen,0.11718925417229954,0.39155849829683287,1.4072898406747885
2020-11,Limburg,0.2269826998509666,0.39155849829683287,0.253248057889085
2020-11,Noord-Brabant,0.5563630368869679,1.200229838989871,0.9456731275605071
2020-11,Noord-Holland,1.1053302652803032,0.9306727254255249,0.7148647710033664
2020-11,Overijssel,-0.32198452854236875,0.6611156118611788,0.02243970133194425
2020-11,Utrecht,0.666156482565635,0.9306727254255249,0.48405641444622566
2020-11,Zeeland,-0.10239763718503461,,1.1764814841176479
2020-11,Zuid-Holland,1.4347106023163045,0.9306727254255249,1.1764814841176479
2020-12,Drenthe,-0.4317779742210358,,-0.9007937248966186
2020-12,Flevoland,-0.2121910828637017,,-0.9007937248966186
2020-12,Friesland,-0.32198452854236875,0.12200138473248687,-0.9007937248966186
2020-12,Gelderland,0.44656959120830075,0.39155849829683287,-0.43917701178233715
2020-12,Groningen,0.2269826998509666,0.39155849829683287,0.48405641444622566
2020-12,Limburg,0.11718925417229954,-0.41711284239620516,-1.1316020814537593
2020-12,Noord-Brabant,0.3367761455296337,0.39155849829683287,-0.6699853683394779
2020-12,Noord-Holland,1.1053302652803032,0.39155849829683287,-0.43917701178233715
2020-12,Overijssel,-0.2121910828637017,0.12200138473248687,-0.9007937248966186
2020-12,Utrecht,0.5563630368869679,0.39155849829683287,-0.9007937248966186
2020-12,Zeeland,-0.32198452854236875,,-0.9007937248966186
2020-12,Zuid-Holland,1.2151237109589703,0.12200138473248687,-0.20836865522519646
2021-01,Drenthe,-0.8709517569357041,,-1.1316020814537593
2021-01,Flevoland,-0.4317779742210358,,-1.1316020814537593
2021-01,Friesland,-0.8709517569357041,-0.9562270695248973,-1.5932187945680407
2021-01,Gelderland,0.3367761455296337,0.6611156118611788,0.02243970133194425
2021-01,Groningen,-0.10239763718503461,-0.6866699559605512,-0.43917701178233715
2021-01,Limburg,0.2269826998509666,0.39155849829683287,-0.6699853683394779
2021-01,Noord-Brabant,0.3367761455296337,0.39155849829683287,-0.43917701178233715
2021-01,Noord-Holland,0.666156482565635,0.12200138473248687,-0.43917701178233715
2021-01,Overijssel,-0.65136486557837,0.12200138473248687,-0.9007937248966186
2021-01,Utrecht,0.44656959120830075,0.12200138473248687,-0.6699853683394779
2021-01,Zeeland,-0.4317779742210358,,-0.6699853683394779
2021-01,Zuid-Holland,0.8857433739229691,-0.14755572883185916,-0.20836865522519646
2021-02,Drenthe,-0.761158311257037,,0.02243970133194425
2021-02,Flevoland,-0.5415714198997029,,0.253248057889085
2021-02,Friesland,-0.761158311257037,0.12200138473248687,-0.20836865522519646
2021-02,Gelderland,0.3367761455296337,0.9306727254255249,1.4072898406747885
2021-02,Groningen,0.007395808493632469,-0.14755572883185916,1.1764814841176479
2021-02,Limburg,0.007395808493632469,0.6611156118611788,0.7148647710033664
2021-02,Noord-Brabant,0.3367761455296337,0.6611156118611788,0.9456731275605071
2021-02,Noord-Holland,0.9955368196016362,0.9306727254255249,0.9456731275605071
2021-02,Overijssel,-0.5415714198997029,0.39155849829683287,0.48405641444622566
2021-02,Utrecht,0.3367761455296337,0.6611156118611788,0.48405641444622566
2021-02,Zeeland,0.007395808493632469,,0.9456731275605071
2021-02,Zuid-Holland,1.2151237109589703,0.9306727254255249,1.1764814841176479
2021-03,Drenthe,-1.0905386482930384,,-0.43917701178233715
2021-03,Flevoland,-0.761158311257037,,0.253248057889085
2021-03,Friesland,-1.0905386482930384,-0.14755572883185916,0.02243970133194425
2021-03,Gelderland,0.3367761455296337,1.200229838989871,1.6380981972319293
2021-03,Groningen,-0.4317779742210358,-0.14755572883185916,0.9456731275605071
2021-03,Limburg,0.11718925417229954,0.9306727254255249,0.9456731275605071
2021-03,Noord-Brabant,0.2269826998509666,0.9306727254255249,1.1764814841176479
2021-03,Noord-Holland,0.5563630368869679,0.9306727254255249,0.9456731275605071
2021-03,Overijssel,-0.9807452026143713,0.12200138473248687,0.48405641444622566
2021-03,Utrecht,0.2269826998509666,0.9306727254255249,0.9456731275605071
2021-03,Zeeland,-0.2121910828637017,,1.1764814841176479
2021-03,Zuid-Holland,0.9955368196016362,1.200229838989871,1.6380981972319293
2021-04,Drenthe,-1.2003320939717053,,-0.9007937248966186
2021-04,Flevoland,-0.9807452026143713,,-0.43917701178233715
2021-04,Friesland,-1.4199189853290395,-0.9562270695248973,-0.6699853683394779
2021-04,Gelderland,0.007395808493632469,-0.14755572883185916,0.48405641444622566
2021-04,Groningen,-0.761158311257037,-0.9562270695248973,0.253248057889085
2021-04,Limburg,-0.32198452854236875,0.6611156118611788,0.9456731275605071
2021-04,Noord-Brabant,-0.2121910828637017,-0.14755572883185916,0.253248057889085
2021-04,Noord-Holland,-0.10239763718503461,-0.14755572883185916,0.02243970133194425
2021-04,Overijssel,-1.3101255396503724,-0.6866699559605512,-0.20836865522519646
2021-04,Utrecht,-0.5415714198997029,-0.41711284239620516,-0.43917701178233715
2021-04,Zeeland,-0.4317779742210358,,0.253248057889085
2021-04,Zuid-Holland,0.11718925417229954,-0.14755572883185916,0.48405641444622566
2021-05,Drenthe,-1.3101255396503724,,-2.054835507682322
2021-05,Flevoland,-1.0905386482930384,,-1.3624104380109
2021-05,Friesland,-1.4199189853290395,-1.2257841830892433,-1.5932187945680407
2021-05,Gelderland,-0.32198452854236875,-0.6866699559605512,-0.6699853683394779
2021-05,Groningen,-0.8709517569357041,-1.2257841830892433,-0.9007937248966186
2021-05,Limburg,-0.761158311257037,-0.6866699559605512,-0.9007937248966186
2021-05,Noord-Brabant,-0.4317779742210358,-0.6866699559605512,-0.9007937248966186
2021-05,Noord-Holland,-0.2121910828637017,-0.41711284239620516,-0.6699853683394779
2021-05,Overijssel,-1.3101255396503724,-1.4953412966535893,-1.5932187945680407
2021-05,Utrecht,-0.5415714198997029,-0.9562270695248973,-1.1316020814537593
2021-05,Zeeland,-0.8709517569357041,,-1.1316020814537593
2021-05,Zuid-Holland,0.2269826998509666,-0.41711284239620516,-0.43917701178233715
2021-06,Drenthe,-1.0905386482930384,,-0.6699853683394779
2021-06,Flevoland,-1.2003320939717053,,0.02243970133194425
2021-06,Friesland,-1.3101255396503724,-0.6866699559605512,-0.20836865522519646
2021-06,Gelderland,-0.2121910828637017,0.12200138473248687,0.7148647710033664
2021-06,Groningen,-0.761158311257037,-0.14755572883185916,1.4072898406747885
2021-06,Limburg,-0.5415714198997029,0.39155849829683287,0.7148647710033664
2021-06,Noord-Brabant,-0.2121910828637017,0.39155849829683287,0.253248057889085
2021-06,Noord-Holland,-0.10239763718503461,0.12200138473248687,0.02243970133194425
2021-06,Overijssel,-1.2003320939717053,-0.14755572883185916,-0.20836865522519646
2021-06,Utrecht,-0.5415714198997029,-0.14755572883185916,-0.20836865522519646
2021-06,Zeeland,-0.5415714198997029,,-0.43917701178233715
2021-06,Zuid-Holland,0.3367761455296337,0.12200138473248687,0.7148647710033664
2021-07,Drenthe,-1.4199189853290395,,-0.9007937248966186
2021-07,Flevoland,-1.3101255396503724,,-0.20836865522519646
2021-07,Friesland,-1.5297124310077066,-1.2257841830892433,-0.6699853683394779
2021-07,Gelderland,-0.5415714198997029,-0.14755572883185916,0.253248057889085
2021-07,Groningen,-0.8709517569357041,-0.6866699559605512,0.02243970133194425
2021-07,Limburg,-0.761158311257037,-0.41711284239620516,-0.20836865522519646
2021-07,Noord-Brabant,-0.5415714198997029,-0.41711284239620516,-0.43917701178233715
2021-07,Noord-Holland,-0.32198452854236875,0.12200138473248687,0.02243970133194425
2021-07,Overijssel,-1.3101255396503724,-0.9562270695248973,-0.43917701178233715
2021-07,Utrecht,-0.5415714198997029,-0.41711284239620516,-0.43917701178233715
2021-07,Zeeland,-0.9807452026143713,,-0.43917701178233715
2021-07,Zuid-Holland,-0.10239763718503461,0.12200138473248687,0.48405641444622566
2021-08,Drenthe,-1.4199189853290395,,-1.5932187945680407
2021-08,Flevoland,-1.3101255396503724,,-1.1316020814537593
2021-08,Friesland,-1.5297124310077066,-1.4953412966535893,-1.3624104380109
2021-08,Gelderland,-0.5415714198997029,-0.9562270695248973,-0.6699853683394779
2021-08,Groningen,-0.8709517569357041,-1.2257841830892433,-0.6699853683394779
2021-08,Limburg,-0.761158311257037,-0.6866699559605512,-0.9007937248966186
2021-08,Noord-Brabant,-0.5415714198997029,-0.6866699559605512,-0.9007937248966186
2021-08,Noord-Holland,-0.2121910828637017,-0.6866699559605512,-0.6699853683394779
2021-08,Overijssel,-1.3101255396503724,-1.2257841830892433,-1.3624104380109
2021-08,Utrecht,-0.65136486557837,-0.9562270695248973,-1.1316020814537593
2021-08,Zeeland,-1.0905386482930384,,-0.9007937248966186
2021-08,Zuid-Holland,-0.10239763718503461,-0.6866699559605512,-0.43917701178233715
2021-09,Drenthe,-1.2003320939717053,,-1.1316020814537593
2021-09,Flevoland,-0.8709517569357041,,-0.20836865522519646
2021-09,Friesland,-1.3101255396503724,-0.9562270695248973,-0.43917701178233715
2021-09,Gelderland,0.11718925417229954,0.12200138473248687,0.253248057889085
2021-09,Groningen,-0.4317779742210358,-0.41711284239620516,0.02243970133194425
2021-09,Limburg,-0.2121910828637017,0.39155849829683287,0.48405641444622566
2021-09,Noord-Brabant,0.007395808493632469,0.39155849829683287,0.253248057889085
2021-09,Noord-Holland,0.44656959120830075,0.12200138473248687,0.253248057889085
2021-09,Overijssel,-0.9807452026143713,-0.6866699559605512,-0.43917701178233715
2021-09,Utrecht,0.007395808493632469,0.12200138473248687,-0.20836865522519646
2021-09,Zeeland,-0.4317779742210358,,-0.20836865522519646
2021-09,Zuid-Holland,0.666156482565635,0.6611156118611788,0.9456731275605071
2021-10,Drenthe,-0.9807452026143713,,-1.3624104380109
2021-10,Flevoland,-0.761158311257037,,-1.1316020814537593
2021-10,Friesland,-1.0905386482930384,-0.9562270695248973,-0.9007937248966186
2021-10,Gelderland,0.11718925417229954,-0.14755572883185916,-0.43917701178233715
2021-10,Groningen,-0.32198452854236875,-0.6866699559605512,-0.20836865522519646
2021-10,Limburg,-0.32198452854236875,-0.41711284239620516,-0.6699853683394779
2021-10,Noord-Brabant,0.11718925417229954,0.12200138473248687,-0.43917701178233715
2021-10,Noord-Holland,0.666156482565635,-0.14755572883185916,0.02243970133194425
2021-10,Overijssel,-0.8709517569357041,-0.6866699559605512,-1.1316020814537593
2021-10,Utrecht,0.11718925417229954,-0.14755572883185916,-0.9007937248966186
2021-10,Zeeland,-0.65136486557837,,-0.9007937248966186
2021-10,Zuid-Holland,0.775949928244302,-0.14755572883185916,0.02243970133194425
2021-11,Drenthe,-0.65136486557837,,-0.9007937248966186
2021-11,Flevoland,-0.2121910828637017,,-0.6699853683394779
2021-11,Friesland,-0.8709517569357041,-0.6866699559605512,-0.6699853683394779
2021-11,Gelderland,0.9955368196016362,1.200229838989871,0.48405641444622566
2021-11,Groningen,0.11718925417229954,0.12200138473248687,0.48405641444622566
2021-11,Limburg,0.44656959120830075,0.9306727254255249,0.48405641444622566
2021-11,Noord-Brabant,0.775949928244302,1.200229838989871,0.48405641444622566
2021-11,Noord-Holland,1.2151237109589703,0.39155849829683287,0.253248057889085
2021-11,Overijssel,-0.5415714198997029,0.39155849829683287,0.02243970133194425
2021-11,Utrecht,0.8857433739229691,0.9306727254255249,-0.20836865522519646
2021-11,Zeeland,-0.32198452854236875,,0.02243970133194425
2021-11,Zuid-Holland,1.4347106023163045,0.39155849829683287,0.48405641444622566
2021-12,Drenthe,-0.5415714198997029,,-1.5932187945680407
2021-12,Flevoland,-0.2121910828637017,,-1.3624104380109
2021-12,Friesland,-0.5415714198997029,-0.41711284239620516,-1.1316020814537593
2021-12,Gelderland,0.44656959120830075,0.12200138473248687,-0.20836865522519646
2021-12,Groningen,0.3367761455296337,-0.41711284239620516,0.48405641444622566
2021-12,Limburg,0.11718925417229954,0.12200138473248687,-0.6699853683394779
2021-12,Noord-Brabant,0.5563630368869679,0.39155849829683287,-0.43917701178233715
2021-12,Noord-Holland,1.1053302652803032,0.12200138473248687,-0.20836865522519646
2021-12,Overijssel,-0.32198452854236875,-0.41711284239620516,-0.6699853683394779
2021-12,Utrecht,0.5563630368869679,0.39155849829683287,-0.9007937248966186
2021-12,Zeeland,-0.2121910828637017,,-0.43917701178233715
2021-12,Zuid-Holland,1.1053302652803032,0.39155849829683287,0.02243970133194425
2022-01,Drenthe,-0.8709517569357041,,-0.6699853683394779
2022-01,Flevoland,-0.4317779742210358,,-0.20836865522519646
2022-01,Friesland,-0.8709517569357041,-0.41711284239620516,0.02243970133194425
2022-01,Gelderland,0.44656959120830075,1.200229838989871,1.1764814841176479
2022-01,Groningen,-0.32198452854236875,-0.14755572883185916,1.4072898406747885
2022-01,Limburg,0.11718925417229954,0.9306727254255249,0.48405641444622566
2022-01,Noord-Brabant,0.666156482565635,1.7393440661185628,1.1764814841176479
2022-01,Noord-Holland,0.8857433739229691,0.6611156118611788,0.9456731275605071
2022-01,Overijssel,-0.65136486557837,0.6611156118611788,0.253248057889085
2022-01,Utrecht,0.5563630368869679,1.200229838989871,0.48405641444622566
2022-01,Zeeland,-0.2121910828637017,,0.9456731275605071
2022-01,Zuid-Holland,1.2151237109589703,1.200229838989871,1.1764814841176479
2022-02,Drenthe,-1.2003320939717053,,-1.3624104380109
2022-02,Flevoland,-0.8709517569357041,,-0.9007937248966186
2022-02,Friesland,-1.2003320939717053,-0.9562270695248973,-0.6699853683394779
2022-02,Gelderland,-0.2121910828637017,-0.41711284239620516,-0.20836865522519646
2022-02,Groningen,-0.65136486557837,-0.9562270695248973,0.48405641444622566
2022-02,Limburg,-0.65136486557837,-0.9562270695248973,-0.9007937248966186
2022-02,Noord-Brabant,-0.10239763718503461,-0.14755572883185916,-0.43917701178233715
2022-02,Noord-Holland,0.2269826998509666,-0.14755572883185916,0.253248057889085
2022-02,Overijssel,-1.0905386482930384,-1.2257841830892433,-0.6699853683394779
2022-02,Utrecht,-0.2121910828637017,-0.41711284239620516,-0.43917701178233715
2022-02,Zeeland,-0.9807452026143713,,-0.6699853683394779
2022-02,Zuid-Holland,0.44656959120830075,-0.41711284239620516,0.253248057889085
2022-03,Drenthe,-0.761158311257037,,0.9456731275605071
2022-03,Flevoland,-0.761158311257037,,1.86890655378907
2022-03,Friesland,-0.761158311257037,1.7393440661185628,2.0997149103462105
2022-03,Gelderland,0.666156482565635,2.0089011796829093,2.7921399800176325
2022-03,Groningen,0.007395808493632469,2.0089011796829093,3.0229483365747734
2022-03,Limburg,0.44656959120830075,2.278458293247255,3.0229483365747734
2022-03,Noord-Brabant,0.775949928244302,2.8175725203759474,2.7921399800176325
2022-03,Noord-Holland,0.9955368196016362,2.548015406811601,2.5613316234604917
2022-03,Overijssel,-0.761158311257037,1.4697869525542169,2.3305232669033513
2022-03,Utrecht,0.2269826998509666,2.278458293247255,1.86890655378907
2022-03,Zeeland,0.775949928244302,,3.2537566931319137
2022-03,Zuid-Holland,1.4347106023163045,2.548015406811601,3.0229483365747734
2022-04,Drenthe,-1.0905386482930384,,-1.3624104380109
2022-04,Flevoland,-0.9807452026143713,,-1.1316020814537593
2022-04,Friesland,-1.2003320939717053,-0.41711284239620516,-0.9007937248966186
2022-04,Gelderland,-0.2121910828637017,-0.14755572883185916,-0.20836865522519646
2022-04,Groningen,-0.761158311257037,-0.6866699559605512,-0.43917701178233715
2022-04,Limburg,-0.5415714198997029,-0.14755572883185916,0.02243970133194425
2022-04,Noord-Brabant,-0.2121910828637017,0.39155849829683287,-0.20836865522519646
2022-04,Noord-Holland,0.007395808493632469,-0.14755572883185916,-0.20836865522519646
2022-04,Overijssel,-1.2003320939717053,-0.9562270695248973,-0.6699853683394779
2022-04,Utrecht,-0.5415714198997029,-0.41711284239620516,-0.9007937248966186
2022-04,Zeeland,-0.32198452854236875,,0.02243970133194425
2022-04,Zuid-Holland,0.2269826998509666,-0.14755572883185916,0.02243970133194425
2022-05,Drenthe,-0.9807452026143713,,-0.43917701178233715
2022-05,Flevoland,-0.9807452026143713,,-1.1316020814537593
2022-05,Friesland,-1.2003320939717053,-0.6866699559605512,0.02243970133194425
2022-05,Gelderland,-0.32198452854236875,-0.14755572883185916,0.48405641444622566
2022-05,Groningen,-0.65136486557837,-0.6866699559605512,0.48405641444622566
2022-05,Limburg,-0.5415714198997029,-0.41711284239620516,0.253248057889085
2022-05,Noord-Brabant,-0.2121910828637017,0.39155849829683287,0.253248057889085
2022-05,Noord-Holland,0.2269826998509666,0.12200138473248687,0.48405641444622566
2022-05,Overijssel,-1.2003320939717053,-0.6866699559605512,-0.43917701178233715
2022-05,Utrecht,-0.32198452854236875,-0.41711284239620516,-0.43917701178233715
2022-05,Zeeland,-0.65136486557837,,-0.43917701178233715
2022-05,Zuid-Holland,0.5563630368869679,-0.14755572883185916,0.48405641444622566
2022-06,Drenthe,-1.2003320939717053,,-1.3624104380109
2022-06,Flevoland,-1.2003320939717053,,-1.5932187945680407
2022-06,Friesland,-1.4199189853290395,-0.9562270695248973,-0.9007937248966186
2022-06,Gelderland,-0.4317779742210358,-0.6866699559605512,-0.20836865522519646
2022-06,Groningen,-0.761158311257037,-0.9562270695248973,-0.43917701178233715
2022-06,Limburg,-0.65136486557837,-0.9562270695248973,-0.20836865522519646
2022-06,Noord-Brabant,-0.4317779742210358,-0.41711284239620516,-0.43917701178233715
2022-06,Noord-Holland,-0.10239763718503461,-0.41711284239620516,-0.20836865522519646
2022-06,Overijssel,-1.2003320939717053,-1.4953412966535893,-1.1316020814537593
2022-06,Utrecht,-0.5415714198997029,-0.6866699559605512,-0.6699853683394779
2022-06,Zeeland,-0.761158311257037,,-0.43917701178233715
2022-06,Zuid-Holland,0.007395808493632469,-0.6866699559605512,-0.20836865522519646
2022-07,Drenthe,-1.2003320939717053,,-1.5932187945680407
2022-07,Flevoland,-1.2003320939717053,,-1.1316020814537593
2022-07,Friesland,-1.5297124310077066,-1.7648984102179353,-1.1316020814537593
2022-07,Gelderland,-0.32198452854236875,-0.9562270695248973,-0.43917701178233715
2022-07,Groningen,-0.8709517569357041,-1.2257841830892433,-0.9007937248966186
2022-07,Limburg,-0.65136486557837,-0.9562270695248973,-0.20836865522519646
2022-07,Noord-Brabant,-0.4317779742210358,-0.9562270695248973,-0.43917701178233715
2022-07,Noord-Holland,-0.2121910828637017,-0.9562270695248973,-0.6699853683394779
2022-07,Overijssel,-1.2003320939717053,-1.7648984102179353,-1.1316020814537593
2022-07,Utrecht,-0.65136486557837,-0.9562270695248973,-0.9007937248966186
2022-07,Zeeland,-0.9807452026143713,,-0.6699853683394779
2022-07,Zuid-Holland,0.007395808493632469,-0.9562270695248973,-0.43917701178233715
2022-08,Drenthe,-0.9807452026143713,,-0.6699853683394779
2022-08,Flevoland,-1.0905386482930384,,-0.9007937248966186
2022-08,Friesland,-1.3101255396503724,-1.4953412966535893,-0.6699853683394779
2022-08,Gelderland,-0.10239763718503461,-0.6866699559605512,0.253248057889085
2022-08,Groningen,-0.761158311257037,-0.6866699559605512,-0.20836865522519646
2022-08,Limburg,-0.32198452854236875,-0.41711284239620516,0.48405641444622566
2022-08,Noord-Brabant,-0.32198452854236875,-0.6866699559605512,0.02243970133194425
2022-08,Noord-Holland,-0.10239763718503461,-0.6866699559605512,-0.20836865522519646
2022-08,Overijssel,-1.0905386482930384,-1.2257841830892433,-0.6699853683394779
2022-08,Utrecht,-0.5415714198997029,-0.6866699559605512,-0.43917701178233715
2022-08,Zeeland,-0.5415714198997029,,-0.20836865522519646
2022-08,Zuid-Holland,0.11718925417229954,-0.6866699559605512,0.253248057889085
2022-09,Drenthe,-1.0905386482930384,,-1.3624104380109
2022-09,Flevoland,-0.9807452026143713,,-1.1316020814537593
2022-09,Friesland,-1.3101255396503724,-1.4953412966535893,-1.1316020814537593
2022-09,Gelderland,0.007395808493632469,-0.9562270695248973,-0.43917701178233715
2022-09,Groningen,-0.4317779742210358,-0.6866699559605512,-0.20836865522519646
2022-09,Limburg,-0.4317779742210358,-0.9562270695248973,-0.6699853683394779
2022-09,Noord-Brabant,-0.10239763718503461,-0.6866699559605512,-0.6699853683394779
2022-09,Noord-Holland,0.5563630368869679,-0.9562270695248973,-0.6699853683394779
2022-09,Overijssel,-0.9807452026143713,-1.4953412966535893,-1.1316020814537593
2022-09,Utrecht,0.007395808493632469,-0.9562270695248973,-0.9007937248966186
2022-09,Zeeland,-0.8709517569357041,,-0.6699853683394779
2022-09,Zuid-Holland,0.5563630368869679,-0.9562270695248973,-0.43917701178233715
2022-10,Drenthe,-0.8709517569357041,,-0.9007937248966186
2022-10,Flevoland,-0.5415714198997029,,-0.6699853683394779
2022-10,Friesland,-0.8709517569357041,-1.2257841830892433,-0.43917701178233715
2022-10,Gelderland,0.11718925417229954,-0.41711284239620516,0.253248057889085
2022-10,Groningen,-0.32198452854236875,-0.6866699559605512,0.7148647710033664
2022-10,Limburg,-0.5415714198997029,-0.6866699559605512,0.253248057889085
2022-10,Noord-Brabant,0.007395808493632469,-0.14755572883185916,0.253248057889085
2022-10,Noord-Holland,0.8857433739229691,-0.41711284239620516,0.253248057889085
2022-10,Overijssel,-0.65136486557837,-0.9562270695248973,-0.6699853683394779
2022-10,Utrecht,0.3367761455296337,-0.41711284239620516,-0.20836865522519646
2022-10,Zeeland,-0.5415714198997029,,0.253248057889085
2022-10,Zuid-Holland,0.8857433739229691,-0.41711284239620516,0.253248057889085
2022-11,Drenthe,-0.65136486557837,,-1.1316020814537593
2022-11,Flevoland,-0.5415714198997029,,-1.1316020814537593
2022-11,Friesland,-0.761158311257037,-0.6866699559605512,-1.1316020814537593
2022-11,Gelderland,0.007395808493632469,-0.14755572883185916,-0.20836865522519646
2022-11,Groningen,-0.2121910828637017,-0.41711284239620516,0.48405641444622566
2022-11,Limburg,-0.5415714198997029,-0.6866699559605512,-0.9007937248966186
2022-11,Noord-Brabant,0.11718925417229954,-0.14755572883185916,-0.43917701178233715
2022-11,Noord-Holland,0.8857433739229691,0.12200138473248687,-0.20836865522519646
2022-11,Overijssel,-0.5415714198997029,-0.6866699559605512,-1.1316020814537593
2022-11,Utrecht,0.3367761455296337,-0.14755572883185916,-0.6699853683394779
2022-11,Zeeland,-0.4317779742210358,,-0.43917701178233715
2022-11,Zuid-Holland,0.775949928244302,-0.14755572883185916,-0.20836865522519646
2022-12,Drenthe,-0.4317779742210358,,0.02243970133194425
2022-12,Flevoland,-0.10239763718503461,,0.02243970133194425
2022-12,Friesland,-0.5415714198997029,0.12200138473248687,-0.43917701178233715
2022-12,Gelderland,0.3367761455296337,1.4697869525542169,1.4072898406747885
2022-12,Groningen,0.2269826998509666,0.6611156118611788,1.4072898406747885
2022-12,Limburg,-0.10239763718503461,1.4697869525542169,0.48405641444622566
2022-12,Noord-Brabant,0.5563630368869679,1.4697869525542169,0.9456731275605071
2022-12,Noord-Holland,1.3249171566376374,1.4697869525542169,0.7148647710033664
2022-12,Overijssel,-0.32198452854236875,1.4697869525542169,0.48405641444622566
2022-12,Utrecht,0.666156482565635,1.4697869525542169,0.48405641444622566
2022-12,Zeeland,0.11718925417229954,,0.9456731275605071
2022-12,Zuid-Holland,1.3249171566376374,1.200229838989871,0.9456731275605071
2023-01,Drenthe,-1.0905386482930384,,-1.5932187945680407
2023-01,Flevoland,-0.8709517569357041,,-1.1316020814537593
2023-01,Friesland,-1.2003320939717053,-1.4953412966535893,-1.1316020814537593
2023-01,Gelderland,-0.32198452854236875,-0.14755572883185916,-0.20836865522519646
2023-01,Groningen,-0.5415714198997029,-0.9562270695248973,0.02243970133194425
2023-01,Limburg,-0.5415714198997029,0.12200138473248687,-0.6699853683394779
2023-01,Noord-Brabant,-0.10239763718503461,0.39155849829683287,-0.43917701178233715
2023-01,Noord-Holland,0.2269826998509666,-0.14755572883185916,-0.20836865522519646
2023-01,Overijssel,-0.9807452026143713,-0.14755572883185916,-0.9007937248966186
2023-01,Utrecht,-0.2121910828637017,-0.14755572883185916,-0.6699853683394779
2023-01,Zeeland,-0.761158311257037,,-0.20836865522519646
2023-01,Zuid-Holland,0.3367761455296337,-0.14755572883185916,0.02243970133194425
2023-02,Drenthe,-0.761158311257037,,-0.20836865522519646
2023-02,Flevoland,-0.4317779742210358,,0.48405641444622566
2023-02,Friesland,-0.8709517569357041,-0.6866699559605512,0.253248057889085
2023-02,Gelderland,0.44656959120830075,0.9306727254255249,1.6380981972319293
2023-02,Groningen,-0.10239763718503461,0.12200138473248687,2.0997149103462105
2023-02,Limburg,-0.10239763718503461,0.9306727254255249,0.7148647710033664
2023-02,Noord-Brabant,0.44656959120830075,1.7393440661185628,1.4072898406747885
2023-02,Noord-Holland,1.1053302652803032,1.200229838989871,1.4072898406747885
2023-02,Overijssel,-0.4317779742210358,0.9306727254255249,0.9456731275605071
2023-02,Utrecht,0.5563630368869679,0.9306727254255249,0.9456731275605071
2023-02,Zeeland,-0.10239763718503461,,1.4072898406747885
2023-02,Zuid-Holland,1.4347106023163045,1.200229838989871,1.6380981972319293
2023-03,Drenthe,-1.2003320939717053,,-1.8240271511251813
2023-03,Flevoland,-1.0905386482930384,,-1.3624104380109
2023-03,Friesland,-1.3101255396503724,-1.4953412966535893,-0.9007937248966186
2023-03,Gelderland,-0.4317779742210358,-0.6866699559605512,-0.6699853683394779
2023-03,Groningen,-0.5415714198997029,-1.2257841830892433,0.02243970133194425
2023-03,Limburg,-0.65136486557837,-0.6866699559605512,-0.9007937248966186
2023-03,Noord-Brabant,-0.2121910828637017,-0.6866699559605512,-0.9007937248966186
2023-03,Noord-Holland,0.2269826998509666,-0.41711284239620516,-0.43917701178233715
2023-03,Overijssel,-1.0905386482930384,-1.2257841830892433,-1.1316020814537593
2023-03,Utrecht,-0.32198452854236875,-0.6866699559605512,-0.9007937248966186
2023-03,Zeeland,-0.8709517569357041,,-0.6699853683394779
2023-03,Zuid-Holland,0.3367761455296337,-0.6866699559605512,-0.43917701178233715
2023-04,Drenthe,-1.2003320939717053,,-0.43917701178233715
2023-04,Flevoland,-1.3101255396503724,,-1.1316020814537593
2023-04,Friesland,-1.3101255396503724,-0.41711284239620516,-0.6699853683394779
2023-04,Gelderland,-0.4317779742210358,-0.41711284239620516,-0.43917701178233715
2023-04,Groningen,-0.761158311257037,-0.41711284239620516,0.48405641444622566
2023-04,Limburg,-0.761158311257037,-0.41711284239620516,-0.6699853683394779
2023-04,Noord-Brabant,-0.4317779742210358,-0.14755572883185916,-0.43917701178233715
2023-04,Noord-Holland,-0.10239763718503461,0.12200138473248687,-0.20836865522519646
2023-04,Overijssel,-1.2003320939717053,-0.41711284239620516,-0.6699853683394779
2023-04,Utrecht,-0.65136486557837,-0.14755572883185916,-0.9007937248966186
2023-04,Zeeland,-0.761158311257037,,0.02243970133194425
2023-04,Zuid-Holland,0.007395808493632469,0.12200138473248687,0.02243970133194425
2023-05,Drenthe,-1.2003320939717053,,-0.20836865522519646
2023-05,Flevoland,-1.3101255396503724,,-0.6699853683394779
2023-05,Friesland,-1.5297124310077066,-1.2257841830892433,-0.43917701178233715
2023-05,Gelderland,-0.5415714198997029,-0.14755572883185916,0.48405641444622566
2023-05,Groningen,-0.9807452026143713,-0.9562270695248973,0.7148647710033664
2023-05,Limburg,-0.761158311257037,-0.41711284239620516,0.7148647710033664
2023-05,Noord-Brabant,-0.5415714198997029,-0.14755572883185916,0.253248057889085
2023-05,Noord-Holland,-0.32198452854236875,-0.14755572883185916,0.253248057889085
2023-05,Overijssel,-1.3101255396503724,-0.6866699559605512,-0.20836865522519646
2023-05,Utrecht,-0.8709517569357041,-0.41711284239620516,0.02243970133194425
2023-05,Zeeland,-0.65136486557837,,1.4072898406747885
2023-05,Zuid-Holland,-0.2121910828637017,-0.14755572883185916,0.48405641444622566
2023-06,Drenthe,-0.8709517569357041,,0.02243970133194425
2023-06,Flevoland,-1.0905386482930384,,-0.43917701178233715
2023-06,Friesland,-1.4199189853290395,-1.4953412966535893,-0.43917701178233715
2023-06,Gelderland,-0.32198452854236875,-0.41711284239620516,0.48405641444622566
2023-06,Groningen,-0.8709517569357041,-1.2257841830892433,0.7148647710033664
2023-06,Limburg,-0.65136486557837,-0.14755572883185916,1.1764814841176479
2023-06,Noord-Brabant,-0.5415714198997029,-0.41711284239620516,0.253248057889085
2023-06,Noord-Holland,-0.32198452854236875,-0.41711284239620516,0.253248057889085
2023-06,Overijssel,-1.0905386482930384,-0.6866699559605512,0.02243970133194425
2023-06,Utrecht,-0.761158311257037,-0.41711284239620516,0.02243970133194425
2023-06,Zeeland,-0.5415714198997029,,0.48405641444622566
2023-06,Zuid-Holland,-0.10239763718503461,-0.41711284239620516,0.48405641444622566
2023-07,Drenthe,-1.2003320939717053,,-1.5932187945680407
2023-07,Flevoland,-1.2003320939717053,,-1.3624104380109
2023-07,Friesland,-1.4199189853290395,-1.7648984102179353,-1.3624104380109
2023-07,Gelderland,-0.5415714198997029,-1.2257841830892433,-0.9007937248966186
2023-07,Groningen,-0.8709517569357041,-1.7648984102179353,-0.6699853683394779
2023-07,Limburg,-0.9807452026143713,-1.2257841830892433,-0.6699853683394779
2023-07,Noord-Brabant,-0.65136486557837,-0.9562270695248973,-0.9007937248966186
2023-07,Noord-Holland,-0.4317779742210358,-1.2257841830892433,-0.6699853683394779
2023-07,Overijssel,-1.0905386482930384,-1.4953412966535893,-1.1316020814537593
2023-07,Utrecht,-0.65136486557837,-0.9562270695248973,-1.1316020814537593
2023-07,Zeeland,-1.2003320939717053,,-0.9007937248966186
2023-07,Zuid-Holland,-0.32198452854236875,-1.2257841830892433,-0.6699853683394779
2023-08,Drenthe,-1.3101255396503724,,-1.8240271511251813
2023-08,Flevoland,-1.2003320939717053,,-1.3624104380109
2023-08,Friesland,-1.4199189853290395,-1.2257841830892433,-1.1316020814537593
2023-08,Gelderland,-0.5415714198997029,-0.9562270695248973,-0.9007937248966186
2023-08,Groningen,-0.8709517569357041,-1.4953412966535893,-0.6699853683394779
2023-08,Limburg,-0.8709517569357041,-1.2257841830892433,-0.6699853683394779
2023-08,Noord-Brabant,-0.5415714198997029,-0.9562270695248973,-1.1316020814537593
2023-08,Noord-Holland,-0.2121910828637017,-1.2257841830892433,-1.1316020814537593
2023-08,Overijssel,-1.2003320939717053,-1.2257841830892433,-1.3624104380109
2023-08,Utrecht,-0.4317779742210358,-0.9562270695248973,-1.1316020814537593
2023-08,Zeeland,-1.0905386482930384,,-1.1316020814537593
2023-08,Zuid-Holland,-0.10239763718503461,-1.2257841830892433,-0.9007937248966186
2023-09,Drenthe,-0.9807452026143713,,-0.6699853683394779
2023-09,Flevoland,-1.0905386482930384,,-0.43917701178233715
2023-09,Friesland,-1.2003320939717053,-0.41711284239620516,-0.43917701178233715
2023-09,Gelderland,0.007395808493632469,-0.14755572883185916,0.02243970133194425
2023-09,Groningen,-0.4317779742210358,-0.41711284239620516,0.253248057889085
2023-09,Limburg,-0.65136486557837,-0.6866699559605512,0.02243970133194425
2023-09,Noord-Brabant,-0.10239763718503461,0.12200138473248687,0.02243970133194425
2023-09,Noord-Holland,0.5563630368869679,0.12200138473248687,0.48405641444622566
2023-09,Overijssel,-0.9807452026143713,-0.41711284239620516,-0.20836865522519646
2023-09,Utrecht,-0.10239763718503461,0.12200138473248687,0.02243970133194425
2023-09,Zeeland,-0.4317779742210358,,0.02243970133194425
2023-09,Zuid-Holland,0.775949928244302,0.12200138473248687,0.7148647710033664
2023-10,Drenthe,-1.0905386482930384,,-1.8240271511251813
2023-10,Flevoland,-0.9807452026143713,,-1.3624104380109
2023-10,Friesland,-1.2003320939717053,-0.6866699559605512,-1.3624104380109
2023-10,Gelderland,-0.32198452854236875,-0.41711284239620516,-0.6699853683394779
2023-10,Groningen,-0.65136486557837,-1.2257841830892433,-0.43917701178233715
2023-10,Limburg,-0.65136486557837,-0.9562270695248973,-0.6699853683394779
2023-10,Noord-Brabant,-0.2121910828637017,-0.41711284239620516,-0.6699853683394779
2023-10,Noord-Holland,0.2269826998509666,-0.6866699559605512,-0.43917701178233715
2023-10,Overijssel,-0.9807452026143713,-0.6866699559605512,-1.1316020814537593
2023-10,Utrecht,-0.2121910828637017,-0.41711284239620516,-0.9007937248966186
2023-10,Zeeland,-0.761158311257037,,-0.43917701178233715
2023-10,Zuid-Holland,0.44656959120830075,-0.6866699559605512,-0.20836865522519646
2023-11,Drenthe,-1.2003320939717053,,-2.054835507682322
2023-11,Flevoland,-0.8709517569357041,,-1.5932187945680407
2023-11,Friesland,-1.2003320939717053,-0.9562270695248973,-1.8240271511251813
2023-11,Gelderland,-0.32198452854236875,-0.41711284239620516,-0.9007937248966186
2023-11,Groningen,-0.4317779742210358,-1.4953412966535893,-0.6699853683394779
2023-11,Limburg,-0.761158311257037,-0.9562270695248973,-1.3624104380109
2023-11,Noord-Brabant,-0.2121910828637017,-0.41711284239620516,-1.1316020814537593
2023-11,Noord-Holland,0.3367761455296337,-0.6866699559605512,-0.9007937248966186
2023-11,Overijssel,-0.8709517569357041,-0.6866699559605512,-1.5932187945680407
2023-11,Utrecht,-0.10239763718503461,-0.41711284239620516,-1.3624104380109
2023-11,Zeeland,-0.8709517569357041,,-0.9007937248966186
2023-11,Zuid-Holland,0.3367761455296337,-0.9562270695248973,-0.9007937248966186
2023-12,Drenthe,-0.9807452026143713,,-1.3624104380109
2023-12,Flevoland,-0.761158311257037,,-0.9007937248966186
2023-12,Friesland,-1.0905386482930384,0.12200138473248687,-0.9007937248966186
2023-12,Gelderland,-0.2121910828637017,0.12200138473248687,-0.43917701178233715
2023-12,Groningen,-0.5415714198997029,-0.41711284239620516,0.48405641444622566
2023-12,Limburg,-0.65136486557837,-0.41711284239620516,-1.1316020814537593
2023-12,Noord-Brabant,-0.2121910828637017,0.39155849829683287,-0.6699853683394779
2023-12,Noord-Holland,0.3367761455296337,0.12200138473248687,0.02243970133194425
2023-12,Overijssel,-0.761158311257037,-0.41711284239620516,-0.6699853683394779
2023-12,Utrecht,-0.10239763718503461,0.12200138473248687,-0.6699853683394779
2023-12,Zeeland,-0.761158311257037,,-0.43917701178233715
2023-12,Zuid-Holland,0.44656959120830075,0.12200138473248687,0.02243970133194425
2024-01,Drenthe,-0.9807452026143713,,-1.1316020814537593
2024-01,Flevoland,-0.761158311257037,,-0.6699853683394779
2024-01,Friesland,-1.0905386482930384,0.12200138473248687,-0.9007937248966186
2024-01,Gelderland,0.007395808493632469,0.6611156118611788,0.02243970133194425
2024-01,Groningen,-0.4317779742210358,-0.6866699559605512,0.48405641444622566
2024-01,Limburg,-0.10239763718503461,0.6611156118611788,0.02243970133194425
2024-01,Noord-Brabant,0.11718925417229954,1.4697869525542169,0.02243970133194425
2024-01,Noord-Holland,0.5563630368869679,0.12200138473248687,0.02243970133194425
2024-01,Overijssel,-0.761158311257037,0.12200138473248687,-0.6699853683394779
2024-01,Utrecht,0.2269826998509666,0.6611156118611788,-0.20836865522519646
2024-01,Zeeland,-0.5415714198997029,,-0.20836865522519646
2024-01,Zuid-Holland,0.775949928244302,-0.14755572883185916,0.02243970133194425
2024-02,Drenthe,-1.0905386482930384,,-1.3624104380109
2024-02,Flevoland,-0.8709517569357041,,-1.1316020814537593
2024-02,Friesland,-1.0905386482930384,-1.2257841830892433,-0.9007937248966186
2024-02,Gelderland,-0.4317779742210358,-0.14755572883185916,-0.6699853683394779
2024-02,Groningen,-0.5415714198997029,-0.6866699559605512,0.253248057889085
2024-02,Limburg,-0.761158311257037,-0.41711284239620516,-1.1316020814537593
2024-02,Noord-Brabant,-0.32198452854236875,-0.41711284239620516,-0.9007937248966186
2024-02,Noord-Holland,0.3367761455296337,-0.41711284239620516,-0.43917701178233715
2024-02,Overijssel,-0.8709517569357041,-0.6866699559605512,-0.9007937248966186
2024-02,Utrecht,-0.10239763718503461,-0.14755572883185916,-0.9007937248966186
2024-02,Zeeland,-0.761158311257037,,-0.9007937248966186
2024-02,Zuid-Holland,0.5563630368869679,-0.41711284239620516,-0.20836865522519646
2024-03,Drenthe,-1.0905386482930384,,-0.20836865522519646
2024-03,Flevoland,-1.0905386482930384,,-0.43917701178233715
2024-03,Friesland,-1.2003320939717053,0.39155849829683287,0.253248057889085
2024-03,Gelderland,-0.32198452854236875,0.9306727254255249,0.253248057889085
2024-03,Groningen,-0.65136486557837,0.9306727254255249,1.4072898406747885
2024-03,Limburg,-0.65136486557837,-0.41711284239620516,-0.9007937248966186
2024-03,Noord-Brabant,-0.2121910828637017,0.39155849829683287,-0.20836865522519646
2024-03,Noord-Holland,0.3367761455296337,0.6611156118611788,0.253248057889085
2024-03,Overijssel,-1.0905386482930384,0.12200138473248687,0.253248057889085
2024-03,Utrecht,-0.32198452854236875,0.6611156118611788,-0.20836865522519646
2024-03,Zeeland,-0.5415714198997029,,0.02243970133194425
2024-03,Zuid-Holland,0.5563630368869679,0.39155849829683287,0.253248057889085
2024-04,Drenthe,-1.3101255396503724,,-1.8240271511251813
2024-04,Flevoland,-1.3101255396503724,-1.4953412966535893,-1.5932187945680407
2024-04,Friesland,-1.4199189853290395,-1.2257841830892433,-1.5932187945680407
2024-04,Gelderland,-0.761158311257037,-0.9562270695248973,-1.3624104380109
2024-04,Groningen,-0.8709517569357041,-0.9562270695248973,-0.9007937248966186
2024-04,Limburg,-1.0905386482930384,-1.4953412966535893,-1.3624104380109
2024-04,Noord-Brabant,-0.761158311257037,-0.9562270695248973,-1.3624104380109
2024-04,Noord-Holland,-0.10239763718503461,-0.9562270695248973,-1.1316020814537593
2024-04,Overijssel,-1.3101255396503724,-1.7648984102179353,-1.5932187945680407
2024-04,Utrecht,-0.65136486557837,-0.6866699559605512,-1.3624104380109
2024-04,Zeeland,-1.0905386482930384,,-1.3624104380109
2024-04,Zuid-Holland,-0.10239763718503461,-1.2257841830892433,-1.1316020814537593
2024-05,Drenthe,-1.0905386482930384,,-0.9007937248966186
2024-05,Flevoland,-1.2003320939717053,0.12200138473248687,-0.6699853683394779
2024-05,Friesland,-1.3101255396503724,-0.6866699559605512,-0.9007937248966186
2024-05,Gelderland,-0.65136486557837,0.12200138473248687,-0.20836865522519646
2024-05,Groningen,-0.8709517569357041,-0.41711284239620516,0.48405641444622566
2024-05,Limburg,-0.8709517569357041,-0.14755572883185916,-0.20836865522519646
2024-05,Noord-Brabant,-0.5415714198997029,0.39155849829683287,0.02243970133194425
2024-05,Noord-Holland,0.007395808493632469,0.39155849829683287,0.02243970133194425
2024-05,Overijssel,-1.2003320939717053,-1.2257841830892433,-0.20836865522519646
2024-05,Utrecht,-0.65136486557837,0.39155849829683287,-0.43917701178233715
2024-05,Zeeland,-0.761158311257037,,-0.20836865522519646
2024-05,Zuid-Holland,0.11718925417229954,0.39155849829683287,0.253248057889085
2024-06,Drenthe,-1.4199189853290395,,-1.1316020814537593
2024-06,Flevoland,-1.3101255396503724,-0.9562270695248973,-0.9007937248966186
2024-06,Friesland,-1.5297124310077066,-1.4953412966535893,-1.3624104380109
2024-06,Gelderland,-0.761158311257037,-0.41711284239620516,-0.20836865522519646
2024-06,Groningen,-0.9807452026143713,-0.9562270695248973,0.253248057889085
2024-06,Limburg,-0.9807452026143713,-0.6866699559605512,-0.20836865522519646
2024-06,Noord-Brabant,-0.65136486557837,-0.41711284239620516,-0.43917701178233715
2024-06,Noord-Holland,-0.32198452854236875,-0.41711284239620516,-0.43917701178233715
2024-06,Overijssel,-1.4199189853290395,-1.2257841830892433,-0.9007937248966186
2024-06,Utrecht,-0.65136486557837,-0.41711284239620516,-0.6699853683394779
2024-06,Zeeland,-0.9807452026143713,,-0.43917701178233715
2024-06,Zuid-Holland,-0.10239763718503461,-0.6866699559605512,-0.20836865522519646
2024-07,Drenthe,-1.5297124310077066,,-1.3624104380109
2024-07,Flevoland,-1.3101255396503724,-1.2257841830892433,-1.3624104380109
2024-07,Friesland,-1.5297124310077066,-2.034455523782281,-1.5932187945680407
2024-07,Gelderland,-0.761158311257037,-0.6866699559605512,-0.9007937248966186
2024-07,Groningen,-1.0905386482930384,-1.2257841830892433,-0.43917701178233715
2024-07,Limburg,-0.9807452026143713,-1.2257841830892433,-0.6699853683394779
2024-07,Noord-Brabant,-0.65136486557837,-0.6866699559605512,-0.6699853683394779
2024-07,Noord-Holland,-0.32198452854236875,-0.9562270695248973,-0.9007937248966186
2024-07,Overijssel,-1.4199189853290395,-1.7648984102179353,-1.3624104380109
2024-07,Utrecht,-0.761158311257037,-0.9562270695248973,-0.9007937248966186
2024-07,Zeeland,-0.9807452026143713,,-1.1316020814537593
2024-07,Zuid-Holland,-0.10239763718503461,-0.9562270695248973,-0.6699853683394779
2024-08,Drenthe,-1.3101255396503724,,-0.6699853683394779
2024-08,Flevoland,-1.2003320939717053,-0.6866699559605512,-0.6699853683394779
2024-08,Friesland,-1.3101255396503724,-1.4953412966535893,-0.9007937248966186
2024-08,Gelderland,-0.65136486557837,-0.41711284239620516,-0.20836865522519646
2024-08,Groningen,-0.9807452026143713,-0.9562270695248973,0.02243970133194425
2024-08,Limburg,-0.8709517569357041,-0.6866699559605512,-0.20836865522519646
2024-08,Noord-Brabant,-0.5415714198997029,0.12200138473248687,0.253248057889085
2024-08,Noord-Holland,-0.2121910828637017,-0.41711284239620516,-0.20836865522519646
2024-08,Overijssel,-1.3101255396503724,-0.9562270695248973,-0.6699853683394779
2024-08,Utrecht,-0.5415714198997029,-0.41711284239620516,-0.20836865522519646
2024-08,Zeeland,-0.9807452026143713,,-0.43917701178233715
2024-08,Zuid-Holland,0.007395808493632469,-0.41711284239620516,0.02243970133194425
2024-09,Drenthe,-1.3101255396503724,,-0.20836865522519646
2024-09,Flevoland,-1.0905386482930384,-0.14755572883185916,-0.43917701178233715
2024-09,Friesland,-1.3101255396503724,-0.9562270695248973,-0.9007937248966186
2024-09,Gelderland,-0.5415714198997029,-0.41711284239620516,0.02243970133194425
2024-09,Groningen,-0.761158311257037,-0.41711284239620516,0.253248057889085
2024-09,Limburg,-0.761158311257037,-0.41711284239620516,-0.20836865522519646
2024-09,Noord-Brabant,-0.5415714198997029,0.12200138473248687,0.02243970133194425
2024-09,Noord-Holland,-0.10239763718503461,-0.14755572883185916,-0.20836865522519646
2024-09,Overijssel,-1.2003320939717053,-0.6866699559605512,-0.6699853683394779
2024-09,Utrecht,-0.4317779742210358,-0.14755572883185916,-0.20836865522519646
2024-09,Zeeland,-0.9807452026143713,,-0.6699853683394779
2024-09,Zuid-Holland,0.11718925417229954,-0.14755572883185916,0.253248057889085
2024-10,Drenthe,-1.0905386482930384,,-1.3624104380109
2024-10,Flevoland,-0.65136486557837,-0.6866699559605512,-1.1316020814537593
2024-10,Friesland,-0.9807452026143713,-1.7648984102179353,-1.8240271511251813
2024-10,Gelderland,-0.2121910828637017,-0.6866699559605512,-0.43917701178233715
2024-10,Groningen,-0.4317779742210358,-0.9562270695248973,-0.43917701178233715
2024-10,Limburg,-0.5415714198997029,-0.9562270695248973,-1.1316020814537593
2024-10,Noord-Brabant,-0.2121910828637017,-0.41711284239620516,-0.43917701178233715
2024-10,Noord-Holland,0.5563630368869679,-0.6866699559605512,-0.6699853683394779
2024-10,Overijssel,-0.9807452026143713,-1.2257841830892433,-1.3624104380109
2024-10,Utrecht,0.007395808493632469,-0.14755572883185916,-0.9007937248966186
2024-10,Zeeland,-0.5415714198997029,,-1.1316020814537593
2024-10,Zuid-Holland,0.666156482565635,-0.6866699559605512,-0.43917701178233715
2024-11,Drenthe,-0.9807452026143713,,-1.1316020814537593
2024-11,Flevoland,-0.5415714198997029,0.12200138473248687,-0.6699853683394779
2024-11,Friesland,-1.0905386482930384,-0.6866699559605512,-1.3624104380109
2024-11,Gelderland,0.007395808493632469,0.12200138473248687,-0.43917701178233715
2024-11,Groningen,-0.4317779742210358,-0.6866699559605512,-0.20836865522519646
2024-11,Limburg,-0.4317779742210358,-0.14755572883185916,-0.9007937248966186
2024-11,Noord-Brabant,0.11718925417229954,0.39155849829683287,-0.20836865522519646
2024-11,Noord-Holland,0.5563630368869679,0.12200138473248687,0.02243970133194425
2024-11,Overijssel,-0.8709517569357041,-0.6866699559605512,-0.9007937248966186
2024-11,Utrecht,0.11718925417229954,0.6611156118611788,-0.20836865522519646
2024-11,Zeeland,-0.5415714198997029,,-0.20836865522519646
2024-11,Zuid-Holland,0.666156482565635,0.39155849829683287,0.253248057889085
2024-12,Drenthe,-0.9807452026143713,,-1.5932187945680407
2024-12,Flevoland,-0.5415714198997029,0.12200138473248687,-0.9007937248966186
2024-12,Friesland,-0.9807452026143713,-0.14755572883185916,-1.3624104380109
2024-12,Gelderland,-0.32198452854236875,-0.41711284239620516,-0.9007937248966186
2024-12,Groningen,-0.5415714198997029,-0.6866699559605512,-0.43917701178233715
2024-12,Limburg,-0.5415714198997029,-0.41711284239620516,-1.1316020814537593
2024-12,Noord-Brabant,-0.32198452854236875,-0.14755572883185916,-0.6699853683394779
2024-12,Noord-Holland,0.3367761455296337,0.12200138473248687,-0.20836865522519646
2024-12,Overijssel,-0.8709517569357041,-0.9562270695248973,-1.3624104380109
2024-12,Utrecht,-0.10239763718503461,0.39155849829683287,-0.6699853683394779
2024-12,Zeeland,-0.761158311257037,,-0.20836865522519646
2024-12,Zuid-Holland,0.3367761455296337,0.39155849829683287,0.02243970133194425
