,Year_Month,Province,Average NO2 Value,Average PM2.5 Value,Average PM10 Value,area_km2_st,vehicles_tot
0,1990-01-01,Drenthe,1.3249171566376374,,,0.0,-1.0521706297180344
1,1990-01-01,Flevoland,1.7640909393523057,,,0.0,-0.9524340992609523
2,1990-01-01,Friesland,1.2151237109589703,,,0.0,-0.6815982209571082
3,1990-01-01,Gelderland,2.4228516134243083,,,0.0,0.9589488557843925
4,1990-01-01,Groningen,1.2151237109589703,,,0.0,-1.0289073219540792
5,1990-01-01,Limburg,1.3249171566376374,,,0.0,0.0075417125728072165
6,1990-01-01,Noord-Brabant,1.7640909393523057,,,0.0,1.359605384092034
7,1990-01-01,Noord-Holland,2.642438504781642,,,0.0,1.0743410235384998
8,1990-01-01,Overijssel,1.8738843850309728,,,0.0,0.1062752550472887
9,1990-01-01,Utrecht,2.5326450591029754,,,0.0,0.22667863763440532
10,1990-01-01,Zeeland,1.4347106023163043,,,0.0,-1.5053621895354865
11,1990-01-01,Zuid-Holland,2.8620253961389763,,,0.0,1.487081592756217
12,1990-02-01,Drenthe,0.666156482565635,,,0.0,-1.0521706297180344
13,1990-02-01,Flevoland,0.9955368196016362,,,0.0,-0.9524340992609523
14,1990-02-01,Friesland,0.2269826998509666,,,0.0,-0.6815982209571082
15,1990-02-01,Gelderland,2.313058167745641,,,0.0,0.9589488557843925
16,1990-02-01,Groningen,0.5563630368869679,,,0.0,-1.0289073219540792
17,1990-02-01,Limburg,0.775949928244302,,,0.0,0.0075417125728072165
18,1990-02-01,Noord-Brabant,1.4347106023163043,,,0.0,1.359605384092034
19,1990-02-01,Noord-Holland,2.4228516134243083,,,0.0,1.0743410235384998
20,1990-02-01,Overijssel,1.2151237109589703,,,0.0,0.1062752550472887
21,1990-02-01,Utrecht,2.642438504781642,,,0.0,0.22667863763440532
22,1990-02-01,Zeeland,0.4465695912083007,,,0.0,-1.5053621895354865
23,1990-02-01,Zuid-Holland,2.5326450591029754,,,0.0,1.487081592756217
24,1990-03-01,Drenthe,0.3367761455296337,,,0.0,-1.0521706297180344
25,1990-03-01,Flevoland,0.775949928244302,,,0.0,-0.9524340992609523
26,1990-03-01,Friesland,-0.1023976371850346,,,0.0,-0.6815982209571082
27,1990-03-01,Gelderland,2.642438504781642,,,0.0,0.9589488557843925
28,1990-03-01,Groningen,0.3367761455296337,,,0.0,-1.0289073219540792
29,1990-03-01,Limburg,1.8738843850309728,,,0.0,0.0075417125728072165
30,1990-03-01,Noord-Brabant,2.752231950460309,,,0.0,1.359605384092034
31,1990-03-01,Noord-Holland,2.5326450591029754,,,0.0,1.0743410235384998
32,1990-03-01,Overijssel,0.775949928244302,,,0.0,0.1062752550472887
33,1990-03-01,Utrecht,3.1914057331749777,,,0.0,0.22667863763440532
34,1990-03-01,Zeeland,1.2151237109589703,,,0.0,-1.5053621895354865
35,1990-03-01,Zuid-Holland,3.410992624532312,,,0.0,1.487081592756217
36,1990-04-01,Drenthe,-0.3219845285423687,,,0.0,-1.0521706297180344
37,1990-04-01,Flevoland,-0.1023976371850346,,,0.0,-0.9524340992609523
38,1990-04-01,Friesland,-0.65136486557837,,,0.0,-0.6815982209571082
39,1990-04-01,Gelderland,2.313058167745641,,,0.0,0.9589488557843925
40,1990-04-01,Groningen,0.5563630368869679,,,0.0,-1.0289073219540792
41,1990-04-01,Limburg,1.3249171566376374,,,0.0,0.0075417125728072165
42,1990-04-01,Noord-Brabant,2.752231950460309,,,0.0,1.359605384092034
43,1990-04-01,Noord-Holland,2.203264722066974,,,0.0,1.0743410235384998
44,1990-04-01,Overijssel,-0.2121910828637017,,,0.0,0.1062752550472887
45,1990-04-01,Utrecht,2.8620253961389763,,,0.0,0.22667863763440532
46,1990-04-01,Zeeland,0.8857433739229691,,,0.0,-1.5053621895354865
47,1990-04-01,Zuid-Holland,3.0816122874963106,,,0.0,1.487081592756217
48,1990-05-01,Drenthe,-0.5415714198997029,,,0.0,-1.0521706297180344
49,1990-05-01,Flevoland,-0.4317779742210358,,,0.0,-0.9524340992609523
50,1990-05-01,Friesland,-0.8709517569357041,,,0.0,-0.6815982209571082
51,1990-05-01,Gelderland,2.642438504781642,,,0.0,0.9589488557843925
52,1990-05-01,Groningen,-0.4317779742210358,,,0.0,-1.0289073219540792
53,1990-05-01,Limburg,1.3249171566376374,,,0.0,0.0075417125728072165
54,1990-05-01,Noord-Brabant,3.630579515889646,,,0.0,1.359605384092034
55,1990-05-01,Noord-Holland,2.093471276388307,,,0.0,1.0743410235384998
56,1990-05-01,Overijssel,0.0073958084936324,,,0.0,0.1062752550472887
57,1990-05-01,Utrecht,3.630579515889646,,,0.0,0.22667863763440532
58,1990-05-01,Zeeland,0.666156482565635,,,0.0,-1.5053621895354865
59,1990-05-01,Zuid-Holland,3.410992624532312,,,0.0,1.487081592756217
60,1990-06-01,Drenthe,-0.5415714198997029,,,0.0,-1.0521706297180344
61,1990-06-01,Flevoland,-0.4317779742210358,,,0.0,-0.9524340992609523
62,1990-06-01,Friesland,-0.761158311257037,,,0.0,-0.6815982209571082
63,1990-06-01,Gelderland,2.203264722066974,,,0.0,0.9589488557843925
64,1990-06-01,Groningen,-0.5415714198997029,,,0.0,-1.0289073219540792
65,1990-06-01,Limburg,0.775949928244302,,,0.0,0.0075417125728072165
66,1990-06-01,Noord-Brabant,2.5326450591029754,,,0.0,1.359605384092034
67,1990-06-01,Noord-Holland,1.7640909393523057,,,0.0,1.0743410235384998
68,1990-06-01,Overijssel,0.2269826998509666,,,0.0,0.1062752550472887
69,1990-06-01,Utrecht,3.520786070210979,,,0.0,0.22667863763440532
70,1990-06-01,Zeeland,-0.3219845285423687,,,0.0,-1.5053621895354865
71,1990-06-01,Zuid-Holland,2.642438504781642,,,0.0,1.487081592756217
72,1990-07-01,Drenthe,-0.8709517569357041,,,0.0,-1.0521706297180344
73,1990-07-01,Flevoland,-0.761158311257037,,,0.0,-0.9524340992609523
74,1990-07-01,Friesland,-1.0905386482930384,,,0.0,-0.6815982209571082
75,1990-07-01,Gelderland,1.5445040479949714,,,0.0,0.9589488557843925
76,1990-07-01,Groningen,-0.65136486557837,,,0.0,-1.0289073219540792
77,1990-07-01,Limburg,0.775949928244302,,,0.0,0.0075417125728072165
78,1990-07-01,Noord-Brabant,2.093471276388307,,,0.0,1.359605384092034
79,1990-07-01,Noord-Holland,1.2151237109589703,,,0.0,1.0743410235384998
80,1990-07-01,Overijssel,-0.3219845285423687,,,0.0,0.1062752550472887
81,1990-07-01,Utrecht,2.642438504781642,,,0.0,0.22667863763440532
82,1990-07-01,Zeeland,-0.1023976371850346,,,0.0,-1.5053621895354865
83,1990-07-01,Zuid-Holland,2.093471276388307,,,0.0,1.487081592756217
84,1990-08-01,Drenthe,-0.2121910828637017,,,0.0,-1.0521706297180344
85,1990-08-01,Flevoland,-0.1023976371850346,,,0.0,-0.9524340992609523
86,1990-08-01,Friesland,-0.4317779742210358,,,0.0,-0.6815982209571082
87,1990-08-01,Gelderland,2.642438504781642,,,0.0,0.9589488557843925
88,1990-08-01,Groningen,0.0073958084936324,,,0.0,-1.0289073219540792
89,1990-08-01,Limburg,2.093471276388307,,,0.0,0.0075417125728072165
90,1990-08-01,Noord-Brabant,3.630579515889646,,,0.0,1.359605384092034
91,1990-08-01,Noord-Holland,2.4228516134243083,,,0.0,1.0743410235384998
92,1990-08-01,Overijssel,0.666156482565635,,,0.0,0.1062752550472887
93,1990-08-01,Utrecht,4.069753298604314,,,0.0,0.22667863763440532
94,1990-08-01,Zeeland,0.775949928244302,,,0.0,-1.5053621895354865
95,1990-08-01,Zuid-Holland,3.520786070210979,,,0.0,1.487081592756217
96,1990-09-01,Drenthe,-0.2121910828637017,,,0.0,-1.0521706297180344
97,1990-09-01,Flevoland,0.3367761455296337,,,0.0,-0.9524340992609523
98,1990-09-01,Friesland,-0.761158311257037,,,0.0,-0.6815982209571082
99,1990-09-01,Gelderland,2.313058167745641,,,0.0,0.9589488557843925
100,1990-09-01,Groningen,-0.3219845285423687,,,0.0,-1.0289073219540792
101,1990-09-01,Limburg,1.8738843850309728,,,0.0,0.0075417125728072165
102,1990-09-01,Noord-Brabant,2.642438504781642,,,0.0,1.359605384092034
103,1990-09-01,Noord-Holland,1.8738843850309728,,,0.0,1.0743410235384998
104,1990-09-01,Overijssel,0.775949928244302,,,0.0,0.1062752550472887
105,1990-09-01,Utrecht,3.3011991788536448,,,0.0,0.22667863763440532
106,1990-09-01,Zeeland,0.1171892541722995,,,0.0,-1.5053621895354865
107,1990-09-01,Zuid-Holland,2.5326450591029754,,,0.0,1.487081592756217
108,1990-10-01,Drenthe,1.2151237109589703,,,0.0,-1.0521706297180344
109,1990-10-01,Flevoland,1.6542974936736383,,,0.0,-0.9524340992609523
110,1990-10-01,Friesland,1.2151237109589703,,,0.0,-0.6815982209571082
111,1990-10-01,Gelderland,2.752231950460309,,,0.0,0.9589488557843925
112,1990-10-01,Groningen,1.4347106023163043,,,0.0,-1.0289073219540792
113,1990-10-01,Limburg,1.98367783070964,,,0.0,0.0075417125728072165
114,1990-10-01,Noord-Brabant,2.752231950460309,,,0.0,1.359605384092034
115,1990-10-01,Noord-Holland,3.0816122874963106,,,0.0,1.0743410235384998
116,1990-10-01,Overijssel,2.093471276388307,,,0.0,0.1062752550472887
117,1990-10-01,Utrecht,3.85016640724698,,,0.0,0.22667863763440532
118,1990-10-01,Zeeland,1.98367783070964,,,0.0,-1.5053621895354865
119,1990-10-01,Zuid-Holland,3.520786070210979,,,0.0,1.487081592756217
120,1990-11-01,Drenthe,0.8857433739229691,,,0.0,-1.0521706297180344
121,1990-11-01,Flevoland,1.5445040479949714,,,0.0,-0.9524340992609523
122,1990-11-01,Friesland,0.5563630368869679,,,0.0,-0.6815982209571082
123,1990-11-01,Gelderland,2.752231950460309,,,0.0,0.9589488557843925
124,1990-11-01,Groningen,1.1053302652803032,,,0.0,-1.0289073219540792
125,1990-11-01,Limburg,2.203264722066974,,,0.0,0.0075417125728072165
126,1990-11-01,Noord-Brabant,2.5326450591029754,,,0.0,1.359605384092034
127,1990-11-01,Noord-Holland,3.0816122874963106,,,0.0,1.0743410235384998
128,1990-11-01,Overijssel,1.7640909393523057,,,0.0,0.1062752550472887
129,1990-11-01,Utrecht,4.069753298604314,,,0.0,0.22667863763440532
130,1990-11-01,Zeeland,1.98367783070964,,,0.0,-1.5053621895354865
131,1990-11-01,Zuid-Holland,3.630579515889646,,,0.0,1.487081592756217
132,1990-12-01,Drenthe,0.775949928244302,,,0.0,-1.0521706297180344
133,1990-12-01,Flevoland,1.1053302652803032,,,0.0,-0.9524340992609523
134,1990-12-01,Friesland,0.666156482565635,,,0.0,-0.6815982209571082
135,1990-12-01,Gelderland,2.203264722066974,,,0.0,0.9589488557843925
136,1990-12-01,Groningen,1.1053302652803032,,,0.0,-1.0289073219540792
137,1990-12-01,Limburg,2.093471276388307,,,0.0,0.0075417125728072165
138,1990-12-01,Noord-Brabant,2.313058167745641,,,0.0,1.359605384092034
139,1990-12-01,Noord-Holland,2.313058167745641,,,0.0,1.0743410235384998
140,1990-12-01,Overijssel,1.2151237109589703,,,0.0,0.1062752550472887
141,1990-12-01,Utrecht,3.3011991788536448,,,0.0,0.22667863763440532
142,1990-12-01,Zeeland,1.6542974936736383,,,0.0,-1.5053621895354865
143,1990-12-01,Zuid-Holland,2.752231950460309,,,0.0,1.487081592756217
144,2016-01-01,Drenthe,0.0073958084936324,,1.4072898406747885,0.0,-1.0521706297180344
145,2016-01-01,Flevoland,0.4465695912083007,,0.4840564144462256,0.0,-0.9524340992609523
146,2016-01-01,Friesland,-0.1023976371850346,2.0089011796829093,1.176481484117648,0.0,-0.6815982209571082
147,2016-01-01,Gelderland,1.1053302652803032,0.6611156118611788,0.9456731275605073,0.0,0.9589488557843925
148,2016-01-01,Groningen,0.9955368196016362,2.548015406811601,3.4845650496890546,0.0,-1.0289073219540792
149,2016-01-01,Limburg,0.666156482565635,0.1220013847324868,-0.4391770117823371,0.0,0.0075417125728072165
150,2016-01-01,Noord-Brabant,1.1053302652803032,0.6611156118611788,0.253248057889085,0.0,1.359605384092034
151,2016-01-01,Noord-Holland,1.7640909393523057,1.4697869525542169,0.9456731275605073,0.0,1.0743410235384998
152,2016-01-01,Overijssel,0.3367761455296337,2.278458293247255,0.7148647710033664,0.0,0.1062752550472887
153,2016-01-01,Utrecht,1.5445040479949714,0.6611156118611788,0.253248057889085,0.0,0.22667863763440532
154,2016-01-01,Zeeland,0.1171892541722995,,0.253248057889085,0.0,-1.5053621895354865
155,2016-01-01,Zuid-Holland,2.093471276388307,0.6611156118611788,0.7148647710033664,0.0,1.487081592756217
156,2016-02-01,Drenthe,-0.65136486557837,,-0.9007937248966186,0.0,-1.0521706297180344
157,2016-02-01,Flevoland,-0.1023976371850346,,-0.6699853683394779,0.0,-0.9524340992609523
158,2016-02-01,Friesland,-0.8709517569357041,-0.4171128423962051,-0.6699853683394779,0.0,-0.6815982209571082
159,2016-02-01,Gelderland,0.775949928244302,0.1220013847324868,0.253248057889085,0.0,0.9589488557843925
160,2016-02-01,Groningen,0.3367761455296337,-0.1475557288318591,0.9456731275605073,0.0,-1.0289073219540792
161,2016-02-01,Limburg,0.5563630368869679,0.3915584982968328,-0.6699853683394779,0.0,0.0075417125728072165
162,2016-02-01,Noord-Brabant,0.8857433739229691,0.1220013847324868,-0.2083686552251964,0.0,1.359605384092034
163,2016-02-01,Noord-Holland,1.4347106023163043,0.6611156118611788,0.253248057889085,0.0,1.0743410235384998
164,2016-02-01,Overijssel,-0.4317779742210358,0.3915584982968328,-0.6699853683394779,0.0,0.1062752550472887
165,2016-02-01,Utrecht,1.2151237109589703,0.1220013847324868,-0.2083686552251964,0.0,0.22667863763440532
166,2016-02-01,Zeeland,-0.1023976371850346,,-0.2083686552251964,0.0,-1.5053621895354865
167,2016-02-01,Zuid-Holland,1.8738843850309728,0.1220013847324868,0.253248057889085,0.0,1.487081592756217
168,2016-03-01,Drenthe,-0.8709517569357041,,-0.2083686552251964,0.0,-1.0521706297180344
169,2016-03-01,Flevoland,-0.5415714198997029,,0.0224397013319442,0.0,-0.9524340992609523
170,2016-03-01,Friesland,-0.8709517569357041,-0.1475557288318591,0.0224397013319442,0.0,-0.6815982209571082
171,2016-03-01,Gelderland,0.8857433739229691,1.200229838989871,1.176481484117648,0.0,0.9589488557843925
172,2016-03-01,Groningen,0.2269826998509666,0.9306727254255248,1.6380981972319293,0.0,-1.0289073219540792
173,2016-03-01,Limburg,0.666156482565635,2.0089011796829093,1.176481484117648,0.0,0.0075417125728072165
174,2016-03-01,Noord-Brabant,0.666156482565635,1.4697869525542169,0.7148647710033664,0.0,1.359605384092034
175,2016-03-01,Noord-Holland,1.3249171566376374,1.4697869525542169,0.9456731275605073,0.0,1.0743410235384998
176,2016-03-01,Overijssel,-0.761158311257037,1.4697869525542169,0.0224397013319442,0.0,0.1062752550472887
177,2016-03-01,Utrecht,0.9955368196016362,1.200229838989871,0.4840564144462256,0.0,0.22667863763440532
178,2016-03-01,Zeeland,-0.1023976371850346,,1.176481484117648,0.0,-1.5053621895354865
179,2016-03-01,Zuid-Holland,1.5445040479949714,0.9306727254255248,0.9456731275605073,0.0,1.487081592756217
180,2016-04-01,Drenthe,-0.9807452026143711,,-1.3624104380109,0.0,-1.0521706297180344
181,2016-04-01,Flevoland,-0.65136486557837,,-0.9007937248966186,0.0,-0.9524340992609523
182,2016-04-01,Friesland,-1.2003320939717053,-0.6866699559605512,-0.6699853683394779,0.0,-0.6815982209571082
183,2016-04-01,Gelderland,0.3367761455296337,-0.4171128423962051,-0.2083686552251964,0.0,0.9589488557843925
184,2016-04-01,Groningen,0.0073958084936324,-0.1475557288318591,0.7148647710033664,0.0,-1.0289073219540792
185,2016-04-01,Limburg,0.1171892541722995,-0.1475557288318591,-0.6699853683394779,0.0,0.0075417125728072165
186,2016-04-01,Noord-Brabant,0.2269826998509666,-0.1475557288318591,-0.4391770117823371,0.0,1.359605384092034
187,2016-04-01,Noord-Holland,0.9955368196016362,0.1220013847324868,0.0224397013319442,0.0,1.0743410235384998
188,2016-04-01,Overijssel,-0.8709517569357041,-0.1475557288318591,-1.1316020814537593,0.0,0.1062752550472887
189,2016-04-01,Utrecht,0.666156482565635,-0.4171128423962051,-0.6699853683394779,0.0,0.22667863763440532
190,2016-04-01,Zeeland,-0.4317779742210358,,0.0224397013319442,0.0,-1.5053621895354865
191,2016-04-01,Zuid-Holland,1.2151237109589703,-0.1475557288318591,-0.2083686552251964,0.0,1.487081592756217
192,2016-05-01,Drenthe,-0.9807452026143711,,-0.6699853683394779,0.0,-1.0521706297180344
193,2016-05-01,Flevoland,-0.761158311257037,,-0.2083686552251964,0.0,-0.9524340992609523
194,2016-05-01,Friesland,-1.0905386482930384,-0.1475557288318591,0.253248057889085,0.0,-0.6815982209571082
195,2016-05-01,Gelderland,0.3367761455296337,-0.1475557288318591,0.4840564144462256,0.0,0.9589488557843925
196,2016-05-01,Groningen,-0.2121910828637017,-0.1475557288318591,1.4072898406747885,0.0,-1.0289073219540792
197,2016-05-01,Limburg,0.0073958084936324,-0.1475557288318591,0.253248057889085,0.0,0.0075417125728072165
198,2016-05-01,Noord-Brabant,0.1171892541722995,0.3915584982968328,0.4840564144462256,0.0,1.359605384092034
199,2016-05-01,Noord-Holland,0.666156482565635,0.9306727254255248,0.7148647710033664,0.0,1.0743410235384998
200,2016-05-01,Overijssel,-0.9807452026143711,-0.1475557288318591,-0.2083686552251964,0.0,0.1062752550472887
201,2016-05-01,Utrecht,0.2269826998509666,-0.1475557288318591,0.0224397013319442,0.0,0.22667863763440532
202,2016-05-01,Zeeland,-0.3219845285423687,,0.9456731275605073,0.0,-1.5053621895354865
203,2016-05-01,Zuid-Holland,0.8857433739229691,0.1220013847324868,0.4840564144462256,0.0,1.487081592756217
204,2016-06-01,Drenthe,-1.0905386482930384,,-0.6699853683394779,0.0,-1.0521706297180344
205,2016-06-01,Flevoland,-1.0905386482930384,,-0.4391770117823371,0.0,-0.9524340992609523
206,2016-06-01,Friesland,-1.2003320939717053,-0.4171128423962051,0.253248057889085,0.0,-0.6815982209571082
207,2016-06-01,Gelderland,0.0073958084936324,-0.6866699559605512,0.0224397013319442,0.0,0.9589488557843925
208,2016-06-01,Groningen,-0.2121910828637017,-0.1475557288318591,1.6380981972319293,0.0,-1.0289073219540792
209,2016-06-01,Limburg,-0.2121910828637017,0.3915584982968328,0.253248057889085,0.0,0.0075417125728072165
210,2016-06-01,Noord-Brabant,0.0073958084936324,0.9306727254255248,0.253248057889085,0.0,1.359605384092034
211,2016-06-01,Noord-Holland,0.4465695912083007,0.3915584982968328,0.4840564144462256,0.0,1.0743410235384998
212,2016-06-01,Overijssel,-1.2003320939717053,-0.4171128423962051,0.0224397013319442,0.0,0.1062752550472887
213,2016-06-01,Utrecht,0.1171892541722995,-0.4171128423962051,-0.2083686552251964,0.0,0.22667863763440532
214,2016-06-01,Zeeland,-0.65136486557837,,0.4840564144462256,0.0,-1.5053621895354865
215,2016-06-01,Zuid-Holland,0.775949928244302,-0.1475557288318591,0.4840564144462256,0.0,1.487081592756217
216,2016-07-01,Drenthe,-1.3101255396503724,,-1.1316020814537593,0.0,-1.0521706297180344
217,2016-07-01,Flevoland,-1.0905386482930384,,-0.9007937248966186,0.0,-0.9524340992609523
218,2016-07-01,Friesland,-1.3101255396503724,-1.7648984102179353,-0.6699853683394779,0.0,-0.6815982209571082
219,2016-07-01,Gelderland,0.1171892541722995,-1.2257841830892433,-0.2083686552251964,0.0,0.9589488557843925
220,2016-07-01,Groningen,-0.4317779742210358,-0.9562270695248972,-0.2083686552251964,0.0,-1.0289073219540792
221,2016-07-01,Limburg,-0.3219845285423687,-0.6866699559605512,-0.2083686552251964,0.0,0.0075417125728072165
222,2016-07-01,Noord-Brabant,-0.2121910828637017,-0.1475557288318591,0.0224397013319442,0.0,1.359605384092034
223,2016-07-01,Noord-Holland,0.3367761455296337,-0.4171128423962051,-0.2083686552251964,0.0,1.0743410235384998
224,2016-07-01,Overijssel,-1.0905386482930384,-1.2257841830892433,-0.9007937248966186,0.0,0.1062752550472887
225,2016-07-01,Utrecht,0.2269826998509666,-1.2257841830892433,-0.6699853683394779,0.0,0.22667863763440532
226,2016-07-01,Zeeland,-0.9807452026143711,,-0.6699853683394779,0.0,-1.5053621895354865
227,2016-07-01,Zuid-Holland,0.5563630368869679,-1.2257841830892433,-0.2083686552251964,0.0,1.487081592756217
228,2016-08-01,Drenthe,-1.0905386482930384,,-1.1316020814537593,0.0,-1.0521706297180344
229,2016-08-01,Flevoland,-0.9807452026143711,,-0.9007937248966186,0.0,-0.9524340992609523
230,2016-08-01,Friesland,-1.3101255396503724,-1.4953412966535893,-0.9007937248966186,0.0,-0.6815982209571082
231,2016-08-01,Gelderland,0.1171892541722995,-1.2257841830892433,-0.6699853683394779,0.0,0.9589488557843925
232,2016-08-01,Groningen,-0.3219845285423687,-1.2257841830892433,-0.2083686552251964,0.0,-1.0289073219540792
233,2016-08-01,Limburg,-0.1023976371850346,-0.9562270695248972,-0.4391770117823371,0.0,0.0075417125728072165
234,2016-08-01,Noord-Brabant,0.0073958084936324,-0.4171128423962051,-0.2083686552251964,0.0,1.359605384092034
235,2016-08-01,Noord-Holland,0.5563630368869679,-0.1475557288318591,0.0224397013319442,0.0,1.0743410235384998
236,2016-08-01,Overijssel,-1.0905386482930384,-1.4953412966535893,-0.9007937248966186,0.0,0.1062752550472887
237,2016-08-01,Utrecht,0.2269826998509666,-0.9562270695248972,-0.6699853683394779,0.0,0.22667863763440532
238,2016-08-01,Zeeland,-0.65136486557837,,0.7148647710033664,0.0,-1.5053621895354865
239,2016-08-01,Zuid-Holland,0.775949928244302,-0.4171128423962051,0.0224397013319442,0.0,1.487081592756217
240,2016-09-01,Drenthe,-0.65136486557837,,0.0224397013319442,0.0,-1.0521706297180344
241,2016-09-01,Flevoland,-0.5415714198997029,,0.7148647710033664,0.0,-0.9524340992609523
242,2016-09-01,Friesland,-0.8709517569357041,-0.4171128423962051,0.0224397013319442,0.0,-0.6815982209571082
243,2016-09-01,Gelderland,0.9955368196016362,-0.4171128423962051,1.4072898406747885,0.0,0.9589488557843925
244,2016-09-01,Groningen,0.3367761455296337,0.1220013847324868,1.176481484117648,0.0,-1.0289073219540792
245,2016-09-01,Limburg,0.5563630368869679,-0.4171128423962051,0.9456731275605073,0.0,0.0075417125728072165
246,2016-09-01,Noord-Brabant,0.775949928244302,0.6611156118611788,1.4072898406747885,0.0,1.359605384092034
247,2016-09-01,Noord-Holland,1.5445040479949714,0.3915584982968328,0.9456731275605073,0.0,1.0743410235384998
248,2016-09-01,Overijssel,-0.65136486557837,-0.1475557288318591,0.253248057889085,0.0,0.1062752550472887
249,2016-09-01,Utrecht,1.2151237109589703,-0.4171128423962051,0.4840564144462256,0.0,0.22667863763440532
250,2016-09-01,Zeeland,-0.1023976371850346,,0.7148647710033664,0.0,-1.5053621895354865
251,2016-09-01,Zuid-Holland,1.8738843850309728,0.3915584982968328,1.176481484117648,0.0,1.487081592756217
252,2016-10-01,Drenthe,-0.761158311257037,,-0.6699853683394779,0.0,-1.0521706297180344
253,2016-10-01,Flevoland,-0.4317779742210358,,-0.4391770117823371,0.0,-0.9524340992609523
254,2016-10-01,Friesland,-0.761158311257037,-0.4171128423962051,-1.1316020814537593,0.0,-0.6815982209571082
255,2016-10-01,Gelderland,0.8857433739229691,0.3915584982968328,0.4840564144462256,0.0,0.9589488557843925
256,2016-10-01,Groningen,0.5563630368869679,0.1220013847324868,0.7148647710033664,0.0,-1.0289073219540792
257,2016-10-01,Limburg,0.5563630368869679,0.6611156118611788,0.0224397013319442,0.0,0.0075417125728072165
258,2016-10-01,Noord-Brabant,0.775949928244302,0.9306727254255248,0.7148647710033664,0.0,1.359605384092034
259,2016-10-01,Noord-Holland,1.2151237109589703,0.9306727254255248,0.253248057889085,0.0,1.0743410235384998
260,2016-10-01,Overijssel,-0.5415714198997029,0.1220013847324868,-0.4391770117823371,0.0,0.1062752550472887
261,2016-10-01,Utrecht,0.8857433739229691,0.1220013847324868,-0.2083686552251964,0.0,0.22667863763440532
262,2016-10-01,Zeeland,0.1171892541722995,,0.0224397013319442,0.0,-1.5053621895354865
263,2016-10-01,Zuid-Holland,1.5445040479949714,0.6611156118611788,0.253248057889085,0.0,1.487081592756217
264,2016-11-01,Drenthe,-0.1023976371850346,,-0.6699853683394779,0.0,-1.0521706297180344
265,2016-11-01,Flevoland,0.3367761455296337,,-0.4391770117823371,0.0,-0.9524340992609523
266,2016-11-01,Friesland,-0.2121910828637017,-0.1475557288318591,-0.9007937248966186,0.0,-0.6815982209571082
267,2016-11-01,Gelderland,1.3249171566376374,0.6611156118611788,0.9456731275605073,0.0,0.9589488557843925
268,2016-11-01,Groningen,0.9955368196016362,0.1220013847324868,0.9456731275605073,0.0,-1.0289073219540792
269,2016-11-01,Limburg,0.8857433739229691,0.6611156118611788,0.0224397013319442,0.0,0.0075417125728072165
270,2016-11-01,Noord-Brabant,1.2151237109589703,1.200229838989871,0.7148647710033664,0.0,1.359605384092034
271,2016-11-01,Noord-Holland,1.98367783070964,0.9306727254255248,0.253248057889085,0.0,1.0743410235384998
272,2016-11-01,Overijssel,0.1171892541722995,0.3915584982968328,-0.2083686552251964,0.0,0.1062752550472887
273,2016-11-01,Utrecht,1.6542974936736383,0.3915584982968328,0.0224397013319442,0.0,0.22667863763440532
274,2016-11-01,Zeeland,0.4465695912083007,,-0.2083686552251964,0.0,-1.5053621895354865
275,2016-11-01,Zuid-Holland,2.203264722066974,0.6611156118611788,0.253248057889085,0.0,1.487081592756217
276,2016-12-01,Drenthe,0.3367761455296337,,1.4072898406747885,0.0,-1.0521706297180344
277,2016-12-01,Flevoland,1.1053302652803032,,1.4072898406747885,0.0,-0.9524340992609523
278,2016-12-01,Friesland,0.666156482565635,1.200229838989871,0.9456731275605073,0.0,-0.6815982209571082
279,2016-12-01,Gelderland,1.8738843850309728,2.548015406811601,3.2537566931319137,0.0,0.9589488557843925
280,2016-12-01,Groningen,1.5445040479949714,2.0089011796829093,3.7153734062461954,0.0,-1.0289073219540792
281,2016-12-01,Limburg,1.5445040479949714,2.278458293247255,1.6380981972319293,0.0,0.0075417125728072165
282,2016-12-01,Noord-Brabant,1.8738843850309728,3.087129633940293,2.7921399800176325,0.0,1.359605384092034
283,2016-12-01,Noord-Holland,2.642438504781642,3.087129633940293,2.7921399800176325,0.0,1.0743410235384998
284,2016-12-01,Overijssel,0.775949928244302,2.548015406811601,1.6380981972319293,0.0,0.1062752550472887
285,2016-12-01,Utrecht,2.313058167745641,2.548015406811601,2.3305232669033518,0.0,0.22667863763440532
286,2016-12-01,Zeeland,1.4347106023163043,,2.3305232669033518,0.0,-1.5053621895354865
287,2016-12-01,Zuid-Holland,2.8620253961389763,2.8175725203759474,3.0229483365747734,0.0,1.487081592756217
288,2017-01-01,Drenthe,0.2269826998509666,,1.86890655378907,0.0,-1.0521706297180344
289,2017-01-01,Flevoland,0.5563630368869679,,1.86890655378907,0.0,-0.9524340992609523
290,2017-01-01,Friesland,0.2269826998509666,2.278458293247255,1.6380981972319293,0.0,-0.6815982209571082
291,2017-01-01,Gelderland,1.98367783070964,3.087129633940293,3.7153734062461954,0.0,0.9589488557843925
292,2017-01-01,Groningen,1.4347106023163043,3.087129633940293,4.407798475917618,0.0,-1.0289073219540792
293,2017-01-01,Limburg,1.6542974936736383,2.548015406811601,1.86890655378907,0.0,0.0075417125728072165
294,2017-01-01,Noord-Brabant,1.8738843850309728,3.35668674750464,2.7921399800176325,0.0,1.359605384092034
295,2017-01-01,Noord-Holland,2.642438504781642,3.087129633940293,2.561331623460492,0.0,1.0743410235384998
296,2017-01-01,Overijssel,0.4465695912083007,3.087129633940293,1.86890655378907,0.0,0.1062752550472887
297,2017-01-01,Utrecht,2.203264722066974,2.8175725203759474,2.3305232669033518,0.0,0.22667863763440532
298,2017-01-01,Zeeland,0.9955368196016362,,2.561331623460492,0.0,-1.5053621895354865
299,2017-01-01,Zuid-Holland,2.8620253961389763,2.548015406811601,2.561331623460492,0.0,1.487081592756217
300,2017-02-01,Drenthe,-0.4317779742210358,,2.561331623460492,0.0,-1.0521706297180344
301,2017-02-01,Flevoland,0.0073958084936324,,2.561331623460492,0.0,-0.9524340992609523
302,2017-02-01,Friesland,-0.3219845285423687,3.626243861068985,2.3305232669033518,0.0,-0.6815982209571082
303,2017-02-01,Gelderland,1.2151237109589703,3.35668674750464,3.946181762803336,0.0,0.9589488557843925
304,2017-02-01,Groningen,0.3367761455296337,2.8175725203759474,4.407798475917618,0.0,-1.0289073219540792
305,2017-02-01,Limburg,0.8857433739229691,2.278458293247255,1.6380981972319293,0.0,0.0075417125728072165
306,2017-02-01,Noord-Brabant,1.2151237109589703,3.35668674750464,2.7921399800176325,0.0,1.359605384092034
307,2017-02-01,Noord-Holland,1.6542974936736383,3.8958009746333313,3.0229483365747734,0.0,1.0743410235384998
308,2017-02-01,Overijssel,0.0073958084936324,3.35668674750464,2.7921399800176325,0.0,0.1062752550472887
309,2017-02-01,Utrecht,1.3249171566376374,3.087129633940293,2.561331623460492,0.0,0.22667863763440532
310,2017-02-01,Zeeland,0.5563630368869679,,2.3305232669033518,0.0,-1.5053621895354865
311,2017-02-01,Zuid-Holland,2.093471276388307,3.35668674750464,3.0229483365747734,0.0,1.487081592756217
312,2017-03-01,Drenthe,-0.65136486557837,,-0.4391770117823371,0.0,-1.0521706297180344
313,2017-03-01,Flevoland,-0.2121910828637017,,-0.2083686552251964,0.0,-0.9524340992609523
314,2017-03-01,Friesland,-0.65136486557837,0.1220013847324868,0.0224397013319442,0.0,-0.6815982209571082
315,2017-03-01,Gelderland,0.9955368196016362,0.1220013847324868,1.176481484117648,0.0,0.9589488557843925
316,2017-03-01,Groningen,0.3367761455296337,0.3915584982968328,1.176481484117648,0.0,-1.0289073219540792
317,2017-03-01,Limburg,0.4465695912083007,0.1220013847324868,0.253248057889085,0.0,0.0075417125728072165
318,2017-03-01,Noord-Brabant,0.8857433739229691,0.6611156118611788,0.7148647710033664,0.0,1.359605384092034
319,2017-03-01,Noord-Holland,1.7640909393523057,0.9306727254255248,0.9456731275605073,0.0,1.0743410235384998
320,2017-03-01,Overijssel,-0.4317779742210358,-0.1475557288318591,0.0224397013319442,0.0,0.1062752550472887
321,2017-03-01,Utrecht,1.2151237109589703,0.3915584982968328,0.4840564144462256,0.0,0.22667863763440532
322,2017-03-01,Zeeland,0.1171892541722995,,0.4840564144462256,0.0,-1.5053621895354865
323,2017-03-01,Zuid-Holland,2.203264722066974,0.6611156118611788,1.176481484117648,0.0,1.487081592756217
324,2017-04-01,Drenthe,-0.9807452026143711,,-0.4391770117823371,0.0,-1.0521706297180344
325,2017-04-01,Flevoland,-0.8709517569357041,,-0.2083686552251964,0.0,-0.9524340992609523
326,2017-04-01,Friesland,-1.3101255396503724,-0.6866699559605512,-0.9007937248966186,0.0,-0.6815982209571082
327,2017-04-01,Gelderland,0.5563630368869679,0.3915584982968328,0.9456731275605073,0.0,0.9589488557843925
328,2017-04-01,Groningen,-0.4317779742210358,-0.4171128423962051,0.0224397013319442,0.0,-1.0289073219540792
329,2017-04-01,Limburg,0.3367761455296337,0.9306727254255248,0.9456731275605073,0.0,0.0075417125728072165
330,2017-04-01,Noord-Brabant,0.3367761455296337,0.6611156118611788,0.4840564144462256,0.0,1.359605384092034
331,2017-04-01,Noord-Holland,0.775949928244302,0.1220013847324868,0.253248057889085,0.0,1.0743410235384998
332,2017-04-01,Overijssel,-1.0905386482930384,0.1220013847324868,-0.4391770117823371,0.0,0.1062752550472887
333,2017-04-01,Utrecht,0.4465695912083007,-0.1475557288318591,-0.2083686552251964,0.0,0.22667863763440532
334,2017-04-01,Zeeland,-0.4317779742210358,,0.7148647710033664,0.0,-1.5053621895354865
335,2017-04-01,Zuid-Holland,1.1053302652803032,0.3915584982968328,0.7148647710033664,0.0,1.487081592756217
336,2017-05-01,Drenthe,-0.65136486557837,,-0.9007937248966186,0.0,-1.0521706297180344
337,2017-05-01,Flevoland,-0.761158311257037,,-0.9007937248966186,0.0,-0.9524340992609523
338,2017-05-01,Friesland,-1.0905386482930384,-0.4171128423962051,-0.6699853683394779,0.0,-0.6815982209571082
339,2017-05-01,Gelderland,0.3367761455296337,0.1220013847324868,0.253248057889085,0.0,0.9589488557843925
340,2017-05-01,Groningen,-0.2121910828637017,-0.4171128423962051,0.253248057889085,0.0,-1.0289073219540792
341,2017-05-01,Limburg,0.0073958084936324,-0.1475557288318591,-0.2083686552251964,0.0,0.0075417125728072165
342,2017-05-01,Noord-Brabant,0.3367761455296337,0.1220013847324868,0.0224397013319442,0.0,1.359605384092034
343,2017-05-01,Noord-Holland,0.775949928244302,0.1220013847324868,0.0224397013319442,0.0,1.0743410235384998
344,2017-05-01,Overijssel,-0.9807452026143711,-0.6866699559605512,-0.4391770117823371,0.0,0.1062752550472887
345,2017-05-01,Utrecht,0.1171892541722995,-0.1475557288318591,-0.4391770117823371,0.0,0.22667863763440532
346,2017-05-01,Zeeland,-0.2121910828637017,,-0.2083686552251964,0.0,-1.5053621895354865
347,2017-05-01,Zuid-Holland,0.9955368196016362,0.1220013847324868,0.0224397013319442,0.0,1.487081592756217
348,2017-06-01,Drenthe,-0.8709517569357041,,-0.6699853683394779,0.0,-1.0521706297180344
349,2017-06-01,Flevoland,-0.9807452026143711,,-0.9007937248966186,0.0,-0.9524340992609523
350,2017-06-01,Friesland,-1.2003320939717053,-0.9562270695248972,-1.1316020814537593,0.0,-0.6815982209571082
351,2017-06-01,Gelderland,0.2269826998509666,-0.4171128423962051,0.253248057889085,0.0,0.9589488557843925
352,2017-06-01,Groningen,-0.4317779742210358,-0.9562270695248972,0.4840564144462256,0.0,-1.0289073219540792
353,2017-06-01,Limburg,-0.1023976371850346,-0.6866699559605512,0.253248057889085,0.0,0.0075417125728072165
354,2017-06-01,Noord-Brabant,-0.1023976371850346,-0.1475557288318591,0.253248057889085,0.0,1.359605384092034
355,2017-06-01,Noord-Holland,0.4465695912083007,-0.4171128423962051,0.253248057889085,0.0,1.0743410235384998
356,2017-06-01,Overijssel,-0.9807452026143711,-0.9562270695248972,-0.4391770117823371,0.0,0.1062752550472887
357,2017-06-01,Utrecht,0.0073958084936324,-0.6866699559605512,-0.2083686552251964,0.0,0.22667863763440532
358,2017-06-01,Zeeland,-0.65136486557837,,-0.2083686552251964,0.0,-1.5053621895354865
359,2017-06-01,Zuid-Holland,0.666156482565635,-0.4171128423962051,0.253248057889085,0.0,1.487081592756217
360,2017-07-01,Drenthe,-1.3101255396503724,,-1.3624104380109,0.0,-1.0521706297180344
361,2017-07-01,Flevoland,-1.0905386482930384,,-1.1316020814537593,0.0,-0.9524340992609523
362,2017-07-01,Friesland,-1.3101255396503724,-1.7648984102179353,-1.3624104380109,0.0,-0.6815982209571082
363,2017-07-01,Gelderland,0.0073958084936324,-0.6866699559605512,-0.2083686552251964,0.0,0.9589488557843925
364,2017-07-01,Groningen,-0.5415714198997029,-1.4953412966535893,0.253248057889085,0.0,-1.0289073219540792
365,2017-07-01,Limburg,-0.3219845285423687,-0.6866699559605512,-0.2083686552251964,0.0,0.0075417125728072165
366,2017-07-01,Noord-Brabant,-0.2121910828637017,-0.4171128423962051,-0.4391770117823371,0.0,1.359605384092034
367,2017-07-01,Noord-Holland,0.2269826998509666,-0.6866699559605512,-0.2083686552251964,0.0,1.0743410235384998
368,2017-07-01,Overijssel,-1.2003320939717053,-1.2257841830892433,-0.6699853683394779,0.0,0.1062752550472887
369,2017-07-01,Utrecht,-0.1023976371850346,-0.9562270695248972,-0.6699853683394779,0.0,0.22667863763440532
370,2017-07-01,Zeeland,-0.8709517569357041,,-0.6699853683394779,0.0,-1.5053621895354865
371,2017-07-01,Zuid-Holland,0.4465695912083007,-0.6866699559605512,-0.2083686552251964,0.0,1.487081592756217
372,2017-08-01,Drenthe,-1.0905386482930384,,-1.1316020814537593,0.0,-1.0521706297180344
373,2017-08-01,Flevoland,-0.761158311257037,,-0.6699853683394779,0.0,-0.9524340992609523
374,2017-08-01,Friesland,-1.2003320939717053,-1.4953412966535893,-1.1316020814537593,0.0,-0.6815982209571082
375,2017-08-01,Gelderland,0.2269826998509666,-0.1475557288318591,0.253248057889085,0.0,0.9589488557843925
376,2017-08-01,Groningen,-0.4317779742210358,-0.6866699559605512,1.176481484117648,0.0,-1.0289073219540792
377,2017-08-01,Limburg,0.0073958084936324,-0.1475557288318591,0.0224397013319442,0.0,0.0075417125728072165
378,2017-08-01,Noord-Brabant,0.2269826998509666,0.1220013847324868,0.0224397013319442,0.0,1.359605384092034
379,2017-08-01,Noord-Holland,0.775949928244302,-0.1475557288318591,0.253248057889085,0.0,1.0743410235384998
380,2017-08-01,Overijssel,-0.9807452026143711,-0.6866699559605512,-0.6699853683394779,0.0,0.1062752550472887
381,2017-08-01,Utrecht,0.3367761455296337,-0.4171128423962051,-0.4391770117823371,0.0,0.22667863763440532
382,2017-08-01,Zeeland,-0.5415714198997029,,0.0224397013319442,0.0,-1.5053621895354865
383,2017-08-01,Zuid-Holland,1.1053302652803032,-0.1475557288318591,0.253248057889085,0.0,1.487081592756217
384,2017-09-01,Drenthe,-0.9807452026143711,,-1.3624104380109,0.0,-1.0521706297180344
385,2017-09-01,Flevoland,-0.5415714198997029,,-0.9007937248966186,0.0,-0.9524340992609523
386,2017-09-01,Friesland,-1.0905386482930384,-0.6866699559605512,-1.1316020814537593,0.0,-0.6815982209571082
387,2017-09-01,Gelderland,0.4465695912083007,0.1220013847324868,0.0224397013319442,0.0,0.9589488557843925
388,2017-09-01,Groningen,0.0073958084936324,-0.1475557288318591,0.7148647710033664,0.0,-1.0289073219540792
389,2017-09-01,Limburg,0.0073958084936324,-0.4171128423962051,-0.4391770117823371,0.0,0.0075417125728072165
390,2017-09-01,Noord-Brabant,0.3367761455296337,0.1220013847324868,0.0224397013319442,0.0,1.359605384092034
391,2017-09-01,Noord-Holland,1.1053302652803032,0.1220013847324868,0.253248057889085,0.0,1.0743410235384998
392,2017-09-01,Overijssel,-0.761158311257037,-0.1475557288318591,-0.9007937248966186,0.0,0.1062752550472887
393,2017-09-01,Utrecht,0.666156482565635,-0.1475557288318591,-0.4391770117823371,0.0,0.22667863763440532
394,2017-09-01,Zeeland,-0.5415714198997029,,-0.4391770117823371,0.0,-1.5053621895354865
395,2017-09-01,Zuid-Holland,1.4347106023163043,0.3915584982968328,0.0224397013319442,0.0,1.487081592756217
396,2017-10-01,Drenthe,-0.8709517569357041,,-1.1316020814537593,0.0,-1.0521706297180344
397,2017-10-01,Flevoland,-0.4317779742210358,,-0.4391770117823371,0.0,-0.9524340992609523
398,2017-10-01,Friesland,-1.0905386482930384,-0.9562270695248972,-0.6699853683394779,0.0,-0.6815982209571082
399,2017-10-01,Gelderland,0.5563630368869679,-0.4171128423962051,0.4840564144462256,0.0,0.9589488557843925
400,2017-10-01,Groningen,-0.1023976371850346,-0.9562270695248972,0.9456731275605073,0.0,-1.0289073219540792
401,2017-10-01,Limburg,0.0073958084936324,-0.6866699559605512,-0.2083686552251964,0.0,0.0075417125728072165
402,2017-10-01,Noord-Brabant,0.3367761455296337,-0.4171128423962051,0.253248057889085,0.0,1.359605384092034
403,2017-10-01,Noord-Holland,0.775949928244302,-0.4171128423962051,0.4840564144462256,0.0,1.0743410235384998
404,2017-10-01,Overijssel,-0.65136486557837,-0.6866699559605512,-0.4391770117823371,0.0,0.1062752550472887
405,2017-10-01,Utrecht,0.5563630368869679,-0.6866699559605512,0.0224397013319442,0.0,0.22667863763440532
406,2017-10-01,Zeeland,-0.65136486557837,,-0.4391770117823371,0.0,-1.5053621895354865
407,2017-10-01,Zuid-Holland,1.1053302652803032,-0.1475557288318591,0.7148647710033664,0.0,1.487081592756217
408,2017-11-01,Drenthe,-0.3219845285423687,,-1.1316020814537593,0.0,-1.0521706297180344
409,2017-11-01,Flevoland,0.2269826998509666,,-0.9007937248966186,0.0,-0.9524340992609523
410,2017-11-01,Friesland,-0.65136486557837,-0.4171128423962051,-0.9007937248966186,0.0,-0.6815982209571082
411,2017-11-01,Gelderland,1.3249171566376374,0.6611156118611788,0.4840564144462256,0.0,0.9589488557843925
412,2017-11-01,Groningen,0.666156482565635,-0.4171128423962051,0.4840564144462256,0.0,-1.0289073219540792
413,2017-11-01,Limburg,0.5563630368869679,0.6611156118611788,0.0224397013319442,0.0,0.0075417125728072165
414,2017-11-01,Noord-Brabant,1.1053302652803032,0.9306727254255248,0.4840564144462256,0.0,1.359605384092034
415,2017-11-01,Noord-Holland,1.7640909393523057,0.1220013847324868,0.4840564144462256,0.0,1.0743410235384998
416,2017-11-01,Overijssel,-0.1023976371850346,0.3915584982968328,-0.2083686552251964,0.0,0.1062752550472887
417,2017-11-01,Utrecht,1.5445040479949714,0.3915584982968328,0.0224397013319442,0.0,0.22667863763440532
418,2017-11-01,Zeeland,-0.2121910828637017,,-0.4391770117823371,0.0,-1.5053621895354865
419,2017-11-01,Zuid-Holland,1.98367783070964,0.3915584982968328,0.7148647710033664,0.0,1.487081592756217
420,2017-12-01,Drenthe,-0.5415714198997029,,-1.824027151125181,0.0,-1.0521706297180344
421,2017-12-01,Flevoland,0.1171892541722995,,-1.3624104380109,0.0,-0.9524340992609523
422,2017-12-01,Friesland,-0.761158311257037,-0.6866699559605512,-1.5932187945680407,0.0,-0.6815982209571082
423,2017-12-01,Gelderland,1.2151237109589703,0.1220013847324868,0.0224397013319442,0.0,0.9589488557843925
424,2017-12-01,Groningen,0.3367761455296337,-0.4171128423962051,-0.2083686552251964,0.0,-1.0289073219540792
425,2017-12-01,Limburg,0.4465695912083007,0.1220013847324868,-0.6699853683394779,0.0,0.0075417125728072165
426,2017-12-01,Noord-Brabant,0.8857433739229691,0.3915584982968328,-0.2083686552251964,0.0,1.359605384092034
427,2017-12-01,Noord-Holland,1.4347106023163043,0.1220013847324868,0.0224397013319442,0.0,1.0743410235384998
428,2017-12-01,Overijssel,-0.3219845285423687,-0.1475557288318591,-1.3624104380109,0.0,0.1062752550472887
429,2017-12-01,Utrecht,1.3249171566376374,0.1220013847324868,-0.4391770117823371,0.0,0.22667863763440532
430,2017-12-01,Zeeland,0.0073958084936324,,-0.9007937248966186,0.0,-1.5053621895354865
431,2017-12-01,Zuid-Holland,1.7640909393523057,0.3915584982968328,0.0224397013319442,0.0,1.487081592756217
432,2018-01-01,Drenthe,-0.5415714198997029,,-0.6699853683394779,0.0,-1.0521706297180344
433,2018-01-01,Flevoland,-0.1023976371850346,,-0.6699853683394779,0.0,-0.9524340992609523
434,2018-01-01,Friesland,-0.65136486557837,-0.1475557288318591,-0.6699853683394779,0.0,-0.6815982209571082
435,2018-01-01,Gelderland,0.666156482565635,0.3915584982968328,0.253248057889085,0.0,0.9589488557843925
436,2018-01-01,Groningen,0.4465695912083007,0.3915584982968328,1.4072898406747885,0.0,-1.0289073219540792
437,2018-01-01,Limburg,0.1171892541722995,0.1220013847324868,-0.4391770117823371,0.0,0.0075417125728072165
438,2018-01-01,Noord-Brabant,0.666156482565635,0.6611156118611788,0.253248057889085,0.0,1.359605384092034
439,2018-01-01,Noord-Holland,1.1053302652803032,0.6611156118611788,0.4840564144462256,0.0,1.0743410235384998
440,2018-01-01,Overijssel,-0.4317779742210358,0.1220013847324868,-0.4391770117823371,0.0,0.1062752550472887
441,2018-01-01,Utrecht,0.8857433739229691,0.3915584982968328,0.0224397013319442,0.0,0.22667863763440532
442,2018-01-01,Zeeland,-0.2121910828637017,,-0.4391770117823371,0.0,-1.5053621895354865
443,2018-01-01,Zuid-Holland,1.5445040479949714,0.6611156118611788,0.4840564144462256,0.0,1.487081592756217
444,2018-02-01,Drenthe,-0.2121910828637017,,0.9456731275605073,0.0,-1.0521706297180344
445,2018-02-01,Flevoland,0.0073958084936324,,2.3305232669033518,0.0,-0.9524340992609523
446,2018-02-01,Friesland,-0.4317779742210358,2.0089011796829093,0.9456731275605073,0.0,-0.6815982209571082
447,2018-02-01,Gelderland,1.2151237109589703,2.278458293247255,2.561331623460492,0.0,0.9589488557843925
448,2018-02-01,Groningen,0.666156482565635,2.0089011796829093,3.2537566931319137,0.0,-1.0289073219540792
449,2018-02-01,Limburg,0.775949928244302,2.278458293247255,1.6380981972319293,0.0,0.0075417125728072165
450,2018-02-01,Noord-Brabant,1.1053302652803032,2.278458293247255,1.6380981972319293,0.0,1.359605384092034
451,2018-02-01,Noord-Holland,1.5445040479949714,2.548015406811601,2.0997149103462105,0.0,1.0743410235384998
452,2018-02-01,Overijssel,-0.1023976371850346,2.278458293247255,1.4072898406747885,0.0,0.1062752550472887
453,2018-02-01,Utrecht,1.1053302652803032,2.0089011796829093,1.6380981972319293,0.0,0.22667863763440532
454,2018-02-01,Zeeland,0.3367761455296337,,0.9456731275605073,0.0,-1.5053621895354865
455,2018-02-01,Zuid-Holland,1.7640909393523057,2.278458293247255,1.86890655378907,0.0,1.487081592756217
456,2018-03-01,Drenthe,-0.65136486557837,,0.0224397013319442,0.0,-1.0521706297180344
457,2018-03-01,Flevoland,-0.3219845285423687,,1.176481484117648,0.0,-0.9524340992609523
458,2018-03-01,Friesland,-0.761158311257037,2.0089011796829093,1.4072898406747885,0.0,-0.6815982209571082
459,2018-03-01,Gelderland,0.5563630368869679,1.7393440661185628,1.86890655378907,0.0,0.9589488557843925
460,2018-03-01,Groningen,0.2269826998509666,2.0089011796829093,3.2537566931319137,0.0,-1.0289073219540792
461,2018-03-01,Limburg,0.2269826998509666,1.4697869525542169,0.7148647710033664,0.0,0.0075417125728072165
462,2018-03-01,Noord-Brabant,0.775949928244302,1.7393440661185628,1.4072898406747885,0.0,1.359605384092034
463,2018-03-01,Noord-Holland,1.5445040479949714,2.548015406811601,2.3305232669033518,0.0,1.0743410235384998
464,2018-03-01,Overijssel,-0.5415714198997029,1.4697869525542169,1.176481484117648,0.0,0.1062752550472887
465,2018-03-01,Utrecht,0.8857433739229691,1.7393440661185628,1.4072898406747885,0.0,0.22667863763440532
466,2018-03-01,Zeeland,0.1171892541722995,,0.7148647710033664,0.0,-1.5053621895354865
467,2018-03-01,Zuid-Holland,1.8738843850309728,2.278458293247255,1.86890655378907,0.0,1.487081592756217
468,2018-04-01,Drenthe,-0.65136486557837,,0.7148647710033664,0.0,-1.0521706297180344
469,2018-04-01,Flevoland,-0.4317779742210358,,1.176481484117648,0.0,-0.9524340992609523
470,2018-04-01,Friesland,-0.9807452026143711,1.7393440661185628,1.6380981972319293,0.0,-0.6815982209571082
471,2018-04-01,Gelderland,0.5563630368869679,1.7393440661185628,2.3305232669033518,0.0,0.9589488557843925
472,2018-04-01,Groningen,0.0073958084936324,1.7393440661185628,2.7921399800176325,0.0,-1.0289073219540792
473,2018-04-01,Limburg,0.1171892541722995,1.200229838989871,1.4072898406747885,0.0,0.0075417125728072165
474,2018-04-01,Noord-Brabant,0.5563630368869679,2.0089011796829093,1.86890655378907,0.0,1.359605384092034
475,2018-04-01,Noord-Holland,1.4347106023163043,2.548015406811601,2.561331623460492,0.0,1.0743410235384998
476,2018-04-01,Overijssel,-0.761158311257037,1.4697869525542169,1.4072898406747885,0.0,0.1062752550472887
477,2018-04-01,Utrecht,0.775949928244302,2.0089011796829093,2.0997149103462105,0.0,0.22667863763440532
478,2018-04-01,Zeeland,0.1171892541722995,,1.6380981972319293,0.0,-1.5053621895354865
479,2018-04-01,Zuid-Holland,1.5445040479949714,2.278458293247255,2.0997149103462105,0.0,1.487081592756217
480,2018-05-01,Drenthe,-0.761158311257037,,0.4840564144462256,0.0,-1.0521706297180344
481,2018-05-01,Flevoland,-0.65136486557837,,0.9456731275605073,0.0,-0.9524340992609523
482,2018-05-01,Friesland,-1.0905386482930384,0.3915584982968328,0.9456731275605073,0.0,-0.6815982209571082
483,2018-05-01,Gelderland,0.3367761455296337,0.9306727254255248,1.6380981972319293,0.0,0.9589488557843925
484,2018-05-01,Groningen,-0.2121910828637017,0.6611156118611788,1.176481484117648,0.0,-1.0289073219540792
485,2018-05-01,Limburg,-0.1023976371850346,0.9306727254255248,1.6380981972319293,0.0,0.0075417125728072165
486,2018-05-01,Noord-Brabant,0.2269826998509666,1.4697869525542169,1.6380981972319293,0.0,1.359605384092034
487,2018-05-01,Noord-Holland,0.775949928244302,1.7393440661185628,2.0997149103462105,0.0,1.0743410235384998
488,2018-05-01,Overijssel,-0.9807452026143711,0.1220013847324868,0.9456731275605073,0.0,0.1062752550472887
489,2018-05-01,Utrecht,0.0073958084936324,0.9306727254255248,1.6380981972319293,0.0,0.22667863763440532
490,2018-05-01,Zeeland,0.1171892541722995,,2.7921399800176325,0.0,-1.5053621895354865
491,2018-05-01,Zuid-Holland,0.775949928244302,2.0089011796829093,2.0997149103462105,0.0,1.487081592756217
492,2018-06-01,Drenthe,-1.0905386482930384,,-0.4391770117823371,0.0,-1.0521706297180344
493,2018-06-01,Flevoland,-0.8709517569357041,,-0.2083686552251964,0.0,-0.9524340992609523
494,2018-06-01,Friesland,-1.2003320939717053,-0.6866699559605512,-0.4391770117823371,0.0,-0.6815982209571082
495,2018-06-01,Gelderland,0.0073958084936324,0.3915584982968328,0.9456731275605073,0.0,0.9589488557843925
496,2018-06-01,Groningen,-0.5415714198997029,-0.4171128423962051,0.4840564144462256,0.0,-1.0289073219540792
497,2018-06-01,Limburg,-0.3219845285423687,0.3915584982968328,1.176481484117648,0.0,0.0075417125728072165
498,2018-06-01,Noord-Brabant,-0.2121910828637017,0.3915584982968328,0.7148647710033664,0.0,1.359605384092034
499,2018-06-01,Noord-Holland,0.1171892541722995,0.1220013847324868,0.7148647710033664,0.0,1.0743410235384998
500,2018-06-01,Overijssel,-1.2003320939717053,-0.1475557288318591,0.0224397013319442,0.0,0.1062752550472887
501,2018-06-01,Utrecht,-0.3219845285423687,-0.1475557288318591,0.253248057889085,0.0,0.22667863763440532
502,2018-06-01,Zeeland,-0.65136486557837,,1.4072898406747885,0.0,-1.5053621895354865
503,2018-06-01,Zuid-Holland,0.1171892541722995,0.1220013847324868,0.7148647710033664,0.0,1.487081592756217
504,2018-07-01,Drenthe,-0.9807452026143711,,-0.9007937248966186,0.0,-1.0521706297180344
505,2018-07-01,Flevoland,-0.761158311257037,,-0.9007937248966186,0.0,-0.9524340992609523
506,2018-07-01,Friesland,-1.3101255396503724,-1.4953412966535893,-0.6699853683394779,0.0,-0.6815982209571082
507,2018-07-01,Gelderland,0.1171892541722995,-0.4171128423962051,0.4840564144462256,0.0,0.9589488557843925
508,2018-07-01,Groningen,-0.5415714198997029,-1.2257841830892433,-0.4391770117823371,0.0,-1.0289073219540792
509,2018-07-01,Limburg,-0.1023976371850346,-0.1475557288318591,1.4072898406747885,0.0,0.0075417125728072165
510,2018-07-01,Noord-Brabant,0.0073958084936324,-0.4171128423962051,0.4840564144462256,0.0,1.359605384092034
511,2018-07-01,Noord-Holland,0.3367761455296337,-0.4171128423962051,0.4840564144462256,0.0,1.0743410235384998
512,2018-07-01,Overijssel,-1.0905386482930384,-0.9562270695248972,-0.6699853683394779,0.0,0.1062752550472887
513,2018-07-01,Utrecht,-0.2121910828637017,-0.9562270695248972,-0.2083686552251964,0.0,0.22667863763440532
514,2018-07-01,Zeeland,-0.3219845285423687,,0.0224397013319442,0.0,-1.5053621895354865
515,2018-07-01,Zuid-Holland,0.2269826998509666,-0.6866699559605512,0.253248057889085,0.0,1.487081592756217
516,2018-08-01,Drenthe,-0.761158311257037,,-1.1316020814537593,0.0,-1.0521706297180344
517,2018-08-01,Flevoland,-0.761158311257037,,-0.9007937248966186,0.0,-0.9524340992609523
518,2018-08-01,Friesland,-1.0905386482930384,-1.4953412966535893,-0.9007937248966186,0.0,-0.6815982209571082
519,2018-08-01,Gelderland,0.2269826998509666,-0.4171128423962051,0.0224397013319442,0.0,0.9589488557843925
520,2018-08-01,Groningen,-0.3219845285423687,-1.2257841830892433,-0.6699853683394779,0.0,-1.0289073219540792
521,2018-08-01,Limburg,0.0073958084936324,-0.4171128423962051,0.4840564144462256,0.0,0.0075417125728072165
522,2018-08-01,Noord-Brabant,0.1171892541722995,-0.4171128423962051,-0.4391770117823371,0.0,1.359605384092034
523,2018-08-01,Noord-Holland,0.666156482565635,-0.6866699559605512,-0.2083686552251964,0.0,1.0743410235384998
524,2018-08-01,Overijssel,-0.761158311257037,-0.9562270695248972,-0.9007937248966186,0.0,0.1062752550472887
525,2018-08-01,Utrecht,0.2269826998509666,-0.6866699559605512,-0.6699853683394779,0.0,0.22667863763440532
526,2018-08-01,Zeeland,-0.5415714198997029,,-0.9007937248966186,0.0,-1.5053621895354865
527,2018-08-01,Zuid-Holland,0.666156482565635,-0.6866699559605512,-0.4391770117823371,0.0,1.487081592756217
528,2018-09-01,Drenthe,-0.761158311257037,,-0.9007937248966186,0.0,-1.0521706297180344
529,2018-09-01,Flevoland,-0.5415714198997029,,-0.4391770117823371,0.0,-0.9524340992609523
530,2018-09-01,Friesland,-0.9807452026143711,-1.2257841830892433,-0.9007937248966186,0.0,-0.6815982209571082
531,2018-09-01,Gelderland,0.666156482565635,-0.1475557288318591,0.253248057889085,0.0,0.9589488557843925
532,2018-09-01,Groningen,0.0073958084936324,-0.9562270695248972,0.253248057889085,0.0,-1.0289073219540792
533,2018-09-01,Limburg,0.3367761455296337,-0.1475557288318591,0.4840564144462256,0.0,0.0075417125728072165
534,2018-09-01,Noord-Brabant,0.4465695912083007,-0.1475557288318591,0.253248057889085,0.0,1.359605384092034
535,2018-09-01,Noord-Holland,0.9955368196016362,-0.4171128423962051,0.253248057889085,0.0,1.0743410235384998
536,2018-09-01,Overijssel,-0.65136486557837,-0.9562270695248972,-0.9007937248966186,0.0,0.1062752550472887
537,2018-09-01,Utrecht,0.666156482565635,-0.4171128423962051,-0.2083686552251964,0.0,0.22667863763440532
538,2018-09-01,Zeeland,-0.4317779742210358,,-0.4391770117823371,0.0,-1.5053621895354865
539,2018-09-01,Zuid-Holland,1.1053302652803032,-0.4171128423962051,0.0224397013319442,0.0,1.487081592756217
540,2018-10-01,Drenthe,-0.65136486557837,,-0.4391770117823371,0.0,-1.0521706297180344
541,2018-10-01,Flevoland,-0.3219845285423687,,0.0224397013319442,0.0,-0.9524340992609523
542,2018-10-01,Friesland,-0.761158311257037,-0.4171128423962051,-0.2083686552251964,0.0,-0.6815982209571082
543,2018-10-01,Gelderland,0.9955368196016362,0.3915584982968328,0.7148647710033664,0.0,0.9589488557843925
544,2018-10-01,Groningen,0.3367761455296337,-0.4171128423962051,1.86890655378907,0.0,-1.0289073219540792
545,2018-10-01,Limburg,0.5563630368869679,0.6611156118611788,0.9456731275605073,0.0,0.0075417125728072165
546,2018-10-01,Noord-Brabant,0.775949928244302,0.1220013847324868,0.4840564144462256,0.0,1.359605384092034
547,2018-10-01,Noord-Holland,1.4347106023163043,0.1220013847324868,0.4840564144462256,0.0,1.0743410235384998
548,2018-10-01,Overijssel,-0.4317779742210358,-0.4171128423962051,-0.4391770117823371,0.0,0.1062752550472887
549,2018-10-01,Utrecht,0.9955368196016362,-0.1475557288318591,0.253248057889085,0.0,0.22667863763440532
550,2018-10-01,Zeeland,-0.1023976371850346,,-0.2083686552251964,0.0,-1.5053621895354865
551,2018-10-01,Zuid-Holland,1.6542974936736383,0.3915584982968328,0.7148647710033664,0.0,1.487081592756217
552,2018-11-01,Drenthe,-0.2121910828637017,,0.253248057889085,0.0,-1.0521706297180344
553,2018-11-01,Flevoland,0.2269826998509666,,0.253248057889085,0.0,-0.9524340992609523
554,2018-11-01,Friesland,-0.1023976371850346,1.200229838989871,0.4840564144462256,0.0,-0.6815982209571082
555,2018-11-01,Gelderland,0.9955368196016362,1.4697869525542169,0.9456731275605073,0.0,0.9589488557843925
556,2018-11-01,Groningen,0.666156482565635,1.200229838989871,2.0997149103462105,0.0,-1.0289073219540792
557,2018-11-01,Limburg,0.775949928244302,1.200229838989871,0.4840564144462256,0.0,0.0075417125728072165
558,2018-11-01,Noord-Brabant,0.9955368196016362,1.4697869525542169,0.9456731275605073,0.0,1.359605384092034
559,2018-11-01,Noord-Holland,1.6542974936736383,2.0089011796829093,1.176481484117648,0.0,1.0743410235384998
560,2018-11-01,Overijssel,0.1171892541722995,0.6611156118611788,0.4840564144462256,0.0,0.1062752550472887
561,2018-11-01,Utrecht,1.1053302652803032,1.4697869525542169,0.9456731275605073,0.0,0.22667863763440532
562,2018-11-01,Zeeland,0.5563630368869679,,0.9456731275605073,0.0,-1.5053621895354865
563,2018-11-01,Zuid-Holland,1.6542974936736383,2.0089011796829093,1.176481484117648,0.0,1.487081592756217
564,2018-12-01,Drenthe,-0.4317779742210358,,-0.9007937248966186,0.0,-1.0521706297180344
565,2018-12-01,Flevoland,0.0073958084936324,,-0.4391770117823371,0.0,-0.9524340992609523
566,2018-12-01,Friesland,-0.4317779742210358,-0.4171128423962051,-0.6699853683394779,0.0,-0.6815982209571082
567,2018-12-01,Gelderland,0.666156482565635,0.6611156118611788,0.253248057889085,0.0,0.9589488557843925
568,2018-12-01,Groningen,0.3367761455296337,-0.1475557288318591,1.176481484117648,0.0,-1.0289073219540792
569,2018-12-01,Limburg,0.3367761455296337,0.3915584982968328,-0.2083686552251964,0.0,0.0075417125728072165
570,2018-12-01,Noord-Brabant,0.775949928244302,0.6611156118611788,0.4840564144462256,0.0,1.359605384092034
571,2018-12-01,Noord-Holland,1.4347106023163043,0.6611156118611788,0.4840564144462256,0.0,1.0743410235384998
572,2018-12-01,Overijssel,-0.2121910828637017,0.1220013847324868,-0.4391770117823371,0.0,0.1062752550472887
573,2018-12-01,Utrecht,0.9955368196016362,0.3915584982968328,0.253248057889085,0.0,0.22667863763440532
574,2018-12-01,Zeeland,-0.1023976371850346,,0.253248057889085,0.0,-1.5053621895354865
575,2018-12-01,Zuid-Holland,1.5445040479949714,0.6611156118611788,0.7148647710033664,0.0,1.487081592756217
576,2019-01-01,Drenthe,-0.5415714198997029,,0.4840564144462256,0.0,-1.0521706297180344
577,2019-01-01,Flevoland,-0.1023976371850346,,0.253248057889085,0.0,-0.9524340992609523
578,2019-01-01,Friesland,-0.65136486557837,0.6611156118611788,0.4840564144462256,0.0,-0.6815982209571082
579,2019-01-01,Gelderland,0.8857433739229691,1.4697869525542169,1.176481484117648,0.0,0.9589488557843925
580,2019-01-01,Groningen,0.4465695912083007,0.6611156118611788,2.561331623460492,0.0,-1.0289073219540792
581,2019-01-01,Limburg,0.5563630368869679,1.4697869525542169,0.7148647710033664,0.0,0.0075417125728072165
582,2019-01-01,Noord-Brabant,0.9955368196016362,1.200229838989871,1.176481484117648,0.0,1.359605384092034
583,2019-01-01,Noord-Holland,1.3249171566376374,0.9306727254255248,0.9456731275605073,0.0,1.0743410235384998
584,2019-01-01,Overijssel,-0.3219845285423687,0.9306727254255248,0.4840564144462256,0.0,0.1062752550472887
585,2019-01-01,Utrecht,1.1053302652803032,1.200229838989871,0.9456731275605073,0.0,0.22667863763440532
586,2019-01-01,Zeeland,0.0073958084936324,,0.4840564144462256,0.0,-1.5053621895354865
587,2019-01-01,Zuid-Holland,1.6542974936736383,1.200229838989871,1.4072898406747885,0.0,1.487081592756217
588,2019-02-01,Drenthe,0.1171892541722995,,1.176481484117648,0.0,-1.0521706297180344
589,2019-02-01,Flevoland,0.666156482565635,,1.6380981972319293,0.0,-0.9524340992609523
590,2019-02-01,Friesland,0.2269826998509666,2.278458293247255,2.0997149103462105,0.0,-0.6815982209571082
591,2019-02-01,Gelderland,1.7640909393523057,2.278458293247255,2.3305232669033518,0.0,0.9589488557843925
592,2019-02-01,Groningen,1.3249171566376374,2.278458293247255,3.7153734062461954,0.0,-1.0289073219540792
593,2019-02-01,Limburg,1.1053302652803032,1.4697869525542169,1.176481484117648,0.0,0.0075417125728072165
594,2019-02-01,Noord-Brabant,1.7640909393523057,2.278458293247255,2.0997149103462105,0.0,1.359605384092034
595,2019-02-01,Noord-Holland,2.752231950460309,2.8175725203759474,2.561331623460492,0.0,1.0743410235384998
596,2019-02-01,Overijssel,0.4465695912083007,1.7393440661185628,1.86890655378907,0.0,0.1062752550472887
597,2019-02-01,Utrecht,2.093471276388307,2.278458293247255,1.86890655378907,0.0,0.22667863763440532
598,2019-02-01,Zeeland,0.8857433739229691,,2.0997149103462105,0.0,-1.5053621895354865
599,2019-02-01,Zuid-Holland,2.8620253961389763,2.548015406811601,2.561331623460492,0.0,1.487081592756217
600,2019-03-01,Drenthe,-1.0905386482930384,,-0.4391770117823371,0.0,-1.0521706297180344
601,2019-03-01,Flevoland,-0.761158311257037,,0.253248057889085,0.0,-0.9524340992609523
602,2019-03-01,Friesland,-1.0905386482930384,-0.4171128423962051,0.0224397013319442,0.0,-0.6815982209571082
603,2019-03-01,Gelderland,0.2269826998509666,0.6611156118611788,0.7148647710033664,0.0,0.9589488557843925
604,2019-03-01,Groningen,-0.3219845285423687,-0.4171128423962051,1.4072898406747885,0.0,-1.0289073219540792
605,2019-03-01,Limburg,-0.1023976371850346,0.3915584982968328,0.253248057889085,0.0,0.0075417125728072165
606,2019-03-01,Noord-Brabant,0.2269826998509666,0.6611156118611788,0.7148647710033664,0.0,1.359605384092034
607,2019-03-01,Noord-Holland,0.775949928244302,0.9306727254255248,1.176481484117648,0.0,1.0743410235384998
608,2019-03-01,Overijssel,-0.8709517569357041,-0.1475557288318591,0.253248057889085,0.0,0.1062752550472887
609,2019-03-01,Utrecht,0.2269826998509666,0.6611156118611788,0.4840564144462256,0.0,0.22667863763440532
610,2019-03-01,Zeeland,-0.4317779742210358,,1.176481484117648,0.0,-1.5053621895354865
611,2019-03-01,Zuid-Holland,1.1053302652803032,1.200229838989871,1.6380981972319293,0.0,1.487081592756217
612,2019-04-01,Drenthe,-0.761158311257037,,1.6380981972319293,0.0,-1.0521706297180344
613,2019-04-01,Flevoland,-0.8709517569357041,,0.9456731275605073,0.0,-0.9524340992609523
614,2019-04-01,Friesland,-1.0905386482930384,0.9306727254255248,0.9456731275605073,0.0,-0.6815982209571082
615,2019-04-01,Gelderland,0.2269826998509666,1.200229838989871,1.4072898406747885,0.0,0.9589488557843925
616,2019-04-01,Groningen,-0.2121910828637017,0.9306727254255248,2.3305232669033518,0.0,-1.0289073219540792
617,2019-04-01,Limburg,0.0073958084936324,1.7393440661185628,1.86890655378907,0.0,0.0075417125728072165
618,2019-04-01,Noord-Brabant,0.3367761455296337,1.7393440661185628,1.86890655378907,0.0,1.359605384092034
619,2019-04-01,Noord-Holland,0.5563630368869679,1.7393440661185628,1.6380981972319293,0.0,1.0743410235384998
620,2019-04-01,Overijssel,-0.8709517569357041,0.9306727254255248,1.176481484117648,0.0,0.1062752550472887
621,2019-04-01,Utrecht,-0.2121910828637017,1.200229838989871,0.9456731275605073,0.0,0.22667863763440532
622,2019-04-01,Zeeland,0.1171892541722995,,2.7921399800176325,0.0,-1.5053621895354865
623,2019-04-01,Zuid-Holland,0.775949928244302,2.0089011796829093,1.86890655378907,0.0,1.487081592756217
624,2019-05-01,Drenthe,-0.8709517569357041,,-0.4391770117823371,0.0,-1.0521706297180344
625,2019-05-01,Flevoland,-0.9807452026143711,,-0.9007937248966186,0.0,-0.9524340992609523
626,2019-05-01,Friesland,-1.2003320939717053,-0.6866699559605512,-0.9007937248966186,0.0,-0.6815982209571082
627,2019-05-01,Gelderland,0.1171892541722995,0.1220013847324868,0.0224397013319442,0.0,0.9589488557843925
628,2019-05-01,Groningen,-0.2121910828637017,-0.9562270695248972,0.4840564144462256,0.0,-1.0289073219540792
629,2019-05-01,Limburg,-0.3219845285423687,0.3915584982968328,0.0224397013319442,0.0,0.0075417125728072165
630,2019-05-01,Noord-Brabant,-0.1023976371850346,0.1220013847324868,-0.2083686552251964,0.0,1.359605384092034
631,2019-05-01,Noord-Holland,0.2269826998509666,-0.1475557288318591,-0.2083686552251964,0.0,1.0743410235384998
632,2019-05-01,Overijssel,-1.0905386482930384,-0.6866699559605512,-0.6699853683394779,0.0,0.1062752550472887
633,2019-05-01,Utrecht,-0.1023976371850346,-0.1475557288318591,-0.6699853683394779,0.0,0.22667863763440532
634,2019-05-01,Zeeland,-0.65136486557837,,0.0224397013319442,0.0,-1.5053621895354865
635,2019-05-01,Zuid-Holland,0.4465695912083007,0.1220013847324868,0.0224397013319442,0.0,1.487081592756217
636,2019-06-01,Drenthe,-0.8709517569357041,,0.0224397013319442,0.0,-1.0521706297180344
637,2019-06-01,Flevoland,-1.0905386482930384,,-0.4391770117823371,0.0,-0.9524340992609523
638,2019-06-01,Friesland,-1.2003320939717053,-0.9562270695248972,-0.9007937248966186,0.0,-0.6815982209571082
639,2019-06-01,Gelderland,-0.1023976371850346,-0.1475557288318591,0.253248057889085,0.0,0.9589488557843925
640,2019-06-01,Groningen,0.0073958084936324,-0.9562270695248972,0.4840564144462256,0.0,-1.0289073219540792
641,2019-06-01,Limburg,-0.5415714198997029,-0.1475557288318591,0.0224397013319442,0.0,0.0075417125728072165
642,2019-06-01,Noord-Brabant,-0.2121910828637017,-0.1475557288318591,-0.2083686552251964,0.0,1.359605384092034
643,2019-06-01,Noord-Holland,0.3367761455296337,-0.1475557288318591,0.0224397013319442,0.0,1.0743410235384998
644,2019-06-01,Overijssel,-0.9807452026143711,-0.4171128423962051,-0.4391770117823371,0.0,0.1062752550472887
645,2019-06-01,Utrecht,-0.2121910828637017,-0.4171128423962051,-0.4391770117823371,0.0,0.22667863763440532
646,2019-06-01,Zeeland,-0.5415714198997029,,-0.4391770117823371,0.0,-1.5053621895354865
647,2019-06-01,Zuid-Holland,0.5563630368869679,-0.1475557288318591,0.253248057889085,0.0,1.487081592756217
648,2019-07-01,Drenthe,-1.0905386482930384,,-0.4391770117823371,0.0,-1.0521706297180344
649,2019-07-01,Flevoland,-0.9807452026143711,,-0.4391770117823371,0.0,-0.9524340992609523
650,2019-07-01,Friesland,-1.2003320939717053,-1.2257841830892433,-0.6699853683394779,0.0,-0.6815982209571082
651,2019-07-01,Gelderland,0.0073958084936324,-0.4171128423962051,0.253248057889085,0.0,0.9589488557843925
652,2019-07-01,Groningen,-0.5415714198997029,-1.2257841830892433,0.253248057889085,0.0,-1.0289073219540792
653,2019-07-01,Limburg,-0.3219845285423687,-0.4171128423962051,0.253248057889085,0.0,0.0075417125728072165
654,2019-07-01,Noord-Brabant,-0.2121910828637017,-0.4171128423962051,0.0224397013319442,0.0,1.359605384092034
655,2019-07-01,Noord-Holland,0.2269826998509666,-0.1475557288318591,0.0224397013319442,0.0,1.0743410235384998
656,2019-07-01,Overijssel,-0.9807452026143711,-0.9562270695248972,-0.6699853683394779,0.0,0.1062752550472887
657,2019-07-01,Utrecht,-0.2121910828637017,-0.6866699559605512,-0.2083686552251964,0.0,0.22667863763440532
658,2019-07-01,Zeeland,-0.761158311257037,,-0.6699853683394779,0.0,-1.5053621895354865
659,2019-07-01,Zuid-Holland,0.4465695912083007,-0.4171128423962051,0.253248057889085,0.0,1.487081592756217
660,2019-08-01,Drenthe,-0.8709517569357041,,-0.2083686552251964,0.0,-1.0521706297180344
661,2019-08-01,Flevoland,-0.9807452026143711,,0.0224397013319442,0.0,-0.9524340992609523
662,2019-08-01,Friesland,-1.0905386482930384,-0.6866699559605512,-0.2083686552251964,0.0,-0.6815982209571082
663,2019-08-01,Gelderland,0.2269826998509666,0.1220013847324868,0.4840564144462256,0.0,0.9589488557843925
664,2019-08-01,Groningen,-0.3219845285423687,-0.4171128423962051,0.9456731275605073,0.0,-1.0289073219540792
665,2019-08-01,Limburg,-0.3219845285423687,-0.1475557288318591,0.0224397013319442,0.0,0.0075417125728072165
666,2019-08-01,Noord-Brabant,0.0073958084936324,0.1220013847324868,0.4840564144462256,0.0,1.359605384092034
667,2019-08-01,Noord-Holland,0.5563630368869679,0.3915584982968328,0.7148647710033664,0.0,1.0743410235384998
668,2019-08-01,Overijssel,-0.761158311257037,-0.4171128423962051,-0.2083686552251964,0.0,0.1062752550472887
669,2019-08-01,Utrecht,0.0073958084936324,-0.1475557288318591,0.0224397013319442,0.0,0.22667863763440532
670,2019-08-01,Zeeland,-0.65136486557837,,-0.2083686552251964,0.0,-1.5053621895354865
671,2019-08-01,Zuid-Holland,0.5563630368869679,0.1220013847324868,0.7148647710033664,0.0,1.487081592756217
672,2019-09-01,Drenthe,-0.9807452026143711,,-1.3624104380109,0.0,-1.0521706297180344
673,2019-09-01,Flevoland,-0.8709517569357041,,-1.1316020814537593,0.0,-0.9524340992609523
674,2019-09-01,Friesland,-1.2003320939717053,-1.7648984102179353,-1.1316020814537593,0.0,-0.6815982209571082
675,2019-09-01,Gelderland,0.2269826998509666,-0.9562270695248972,-0.4391770117823371,0.0,0.9589488557843925
676,2019-09-01,Groningen,-0.2121910828637017,-1.4953412966535893,0.253248057889085,0.0,-1.0289073219540792
677,2019-09-01,Limburg,-0.3219845285423687,-0.9562270695248972,-0.6699853683394779,0.0,0.0075417125728072165
678,2019-09-01,Noord-Brabant,0.0073958084936324,-0.9562270695248972,-0.6699853683394779,0.0,1.359605384092034
679,2019-09-01,Noord-Holland,0.5563630368869679,-0.9562270695248972,-0.4391770117823371,0.0,1.0743410235384998
680,2019-09-01,Overijssel,-0.9807452026143711,-1.4953412966535893,-1.3624104380109,0.0,0.1062752550472887
681,2019-09-01,Utrecht,0.1171892541722995,-1.2257841830892433,-0.9007937248966186,0.0,0.22667863763440532
682,2019-09-01,Zeeland,-0.761158311257037,,-1.1316020814537593,0.0,-1.5053621895354865
683,2019-09-01,Zuid-Holland,0.5563630368869679,-0.9562270695248972,-0.4391770117823371,0.0,1.487081592756217
684,2019-10-01,Drenthe,-0.8709517569357041,,-1.5932187945680407,0.0,-1.0521706297180344
685,2019-10-01,Flevoland,-0.65136486557837,,-1.1316020814537593,0.0,-0.9524340992609523
686,2019-10-01,Friesland,-0.9807452026143711,-1.2257841830892433,-1.3624104380109,0.0,-0.6815982209571082
687,2019-10-01,Gelderland,0.1171892541722995,-0.6866699559605512,-0.4391770117823371,0.0,0.9589488557843925
688,2019-10-01,Groningen,0.0073958084936324,-1.2257841830892433,0.253248057889085,0.0,-1.0289073219540792
689,2019-10-01,Limburg,-0.2121910828637017,-0.9562270695248972,-0.9007937248966186,0.0,0.0075417125728072165
690,2019-10-01,Noord-Brabant,0.2269826998509666,-0.6866699559605512,-0.6699853683394779,0.0,1.359605384092034
691,2019-10-01,Noord-Holland,0.775949928244302,-0.4171128423962051,-0.4391770117823371,0.0,1.0743410235384998
692,2019-10-01,Overijssel,-0.8709517569357041,-1.2257841830892433,-1.3624104380109,0.0,0.1062752550472887
693,2019-10-01,Utrecht,0.3367761455296337,-0.6866699559605512,-1.1316020814537593,0.0,0.22667863763440532
694,2019-10-01,Zeeland,-0.4317779742210358,,-1.1316020814537593,0.0,-1.5053621895354865
695,2019-10-01,Zuid-Holland,0.9955368196016362,-0.4171128423962051,-0.4391770117823371,0.0,1.487081592756217
696,2019-11-01,Drenthe,-0.3219845285423687,,-0.9007937248966186,0.0,-1.0521706297180344
697,2019-11-01,Flevoland,-0.1023976371850346,,-0.6699853683394779,0.0,-0.9524340992609523
698,2019-11-01,Friesland,-0.4317779742210358,-0.1475557288318591,-0.6699853683394779,0.0,-0.6815982209571082
699,2019-11-01,Gelderland,0.8857433739229691,0.3915584982968328,0.0224397013319442,0.0,0.9589488557843925
700,2019-11-01,Groningen,0.5563630368869679,0.1220013847324868,1.176481484117648,0.0,-1.0289073219540792
701,2019-11-01,Limburg,0.3367761455296337,0.1220013847324868,-0.6699853683394779,0.0,0.0075417125728072165
702,2019-11-01,Noord-Brabant,0.8857433739229691,0.3915584982968328,0.0224397013319442,0.0,1.359605384092034
703,2019-11-01,Noord-Holland,1.6542974936736383,0.6611156118611788,0.253248057889085,0.0,1.0743410235384998
704,2019-11-01,Overijssel,-0.2121910828637017,0.1220013847324868,-0.4391770117823371,0.0,0.1062752550472887
705,2019-11-01,Utrecht,0.9955368196016362,0.3915584982968328,-0.4391770117823371,0.0,0.22667863763440532
706,2019-11-01,Zeeland,0.0073958084936324,,-0.9007937248966186,0.0,-1.5053621895354865
707,2019-11-01,Zuid-Holland,1.7640909393523057,0.3915584982968328,0.0224397013319442,0.0,1.487081592756217
708,2019-12-01,Drenthe,-0.3219845285423687,,-0.9007937248966186,0.0,-1.0521706297180344
709,2019-12-01,Flevoland,0.1171892541722995,,-0.4391770117823371,0.0,-0.9524340992609523
710,2019-12-01,Friesland,-0.4317779742210358,-0.4171128423962051,-0.9007937248966186,0.0,-0.6815982209571082
711,2019-12-01,Gelderland,0.775949928244302,0.3915584982968328,0.0224397013319442,0.0,0.9589488557843925
712,2019-12-01,Groningen,0.666156482565635,-0.1475557288318591,1.176481484117648,0.0,-1.0289073219540792
713,2019-12-01,Limburg,0.2269826998509666,0.1220013847324868,-0.4391770117823371,0.0,0.0075417125728072165
714,2019-12-01,Noord-Brabant,0.775949928244302,0.6611156118611788,0.253248057889085,0.0,1.359605384092034
715,2019-12-01,Noord-Holland,1.4347106023163043,0.6611156118611788,0.4840564144462256,0.0,1.0743410235384998
716,2019-12-01,Overijssel,-0.2121910828637017,-0.1475557288318591,-0.6699853683394779,0.0,0.1062752550472887
717,2019-12-01,Utrecht,0.9955368196016362,0.3915584982968328,0.0224397013319442,0.0,0.22667863763440532
718,2019-12-01,Zeeland,0.1171892541722995,,0.0224397013319442,0.0,-1.5053621895354865
719,2019-12-01,Zuid-Holland,1.5445040479949714,0.9306727254255248,0.7148647710033664,0.0,1.487081592756217
720,2020-01-01,Drenthe,-0.4317779742210358,,-0.9007937248966186,0.0,-1.0521706297180344
721,2020-01-01,Flevoland,0.0073958084936324,,-0.2083686552251964,0.0,-0.9524340992609523
722,2020-01-01,Friesland,-0.5415714198997029,-0.1475557288318591,-0.2083686552251964,0.0,-0.6815982209571082
723,2020-01-01,Gelderland,0.5563630368869679,0.9306727254255248,0.4840564144462256,0.0,0.9589488557843925
724,2020-01-01,Groningen,0.3367761455296337,-0.1475557288318591,1.4072898406747885,0.0,-1.0289073219540792
725,2020-01-01,Limburg,0.2269826998509666,0.9306727254255248,0.0224397013319442,-2.5986159739463175,0.0075417125728072165
726,2020-01-01,Noord-Brabant,0.666156482565635,0.6611156118611788,0.253248057889085,0.0,1.359605384092034
727,2020-01-01,Noord-Holland,1.3249171566376374,0.9306727254255248,0.9456731275605073,0.5516694640186255,1.0743410235384998
728,2020-01-01,Overijssel,-0.2121910828637017,0.3915584982968328,-0.4391770117823371,0.0,0.1062752550472887
729,2020-01-01,Utrecht,0.8857433739229691,0.9306727254255248,0.4840564144462256,0.13736712337300797,0.22667863763440532
730,2020-01-01,Zeeland,-0.1023976371850346,,-0.2083686552251964,0.0,-1.5053621895354865
731,2020-01-01,Zuid-Holland,1.4347106023163043,1.4697869525542169,1.176481484117648,0.9760088877102303,1.487081592756217
732,2020-02-01,Drenthe,-1.0905386482930384,,-1.1316020814537593,0.0,-1.0521706297180344
733,2020-02-01,Flevoland,-0.8709517569357041,,-0.6699853683394779,0.0,-0.9524340992609523
734,2020-02-01,Friesland,-1.2003320939717053,-0.9562270695248972,-0.9007937248966186,0.0,-0.6815982209571082
735,2020-02-01,Gelderland,0.0073958084936324,-0.6866699559605512,-0.2083686552251964,0.0,0.9589488557843925
736,2020-02-01,Groningen,-0.3219845285423687,-1.4953412966535893,0.7148647710033664,0.0,-1.0289073219540792
737,2020-02-01,Limburg,-0.4317779742210358,-0.4171128423962051,-0.6699853683394779,-2.5986159739463175,0.0075417125728072165
738,2020-02-01,Noord-Brabant,-0.2121910828637017,-0.6866699559605512,-0.4391770117823371,0.0,1.359605384092034
739,2020-02-01,Noord-Holland,0.2269826998509666,-0.1475557288318591,0.253248057889085,0.5516694640186255,1.0743410235384998
740,2020-02-01,Overijssel,-0.9807452026143711,-0.9562270695248972,-0.9007937248966186,0.0,0.1062752550472887
741,2020-02-01,Utrecht,0.0073958084936324,-0.4171128423962051,-0.2083686552251964,0.13736712337300797,0.22667863763440532
742,2020-02-01,Zeeland,-0.9807452026143711,,-0.4391770117823371,0.0,-1.5053621895354865
743,2020-02-01,Zuid-Holland,0.666156482565635,-0.4171128423962051,0.7148647710033664,0.9760088877102303,1.487081592756217
744,2020-03-01,Drenthe,-1.0905386482930384,,-1.1316020814537593,0.0,-1.0521706297180344
745,2020-03-01,Flevoland,-0.9807452026143711,,-0.6699853683394779,0.0,-0.9524340992609523
746,2020-03-01,Friesland,-1.2003320939717053,-0.6866699559605512,-0.6699853683394779,0.0,-0.6815982209571082
747,2020-03-01,Gelderland,-0.1023976371850346,0.1220013847324868,0.0224397013319442,0.0,0.9589488557843925
748,2020-03-01,Groningen,-0.4317779742210358,-0.6866699559605512,0.7148647710033664,0.0,-1.0289073219540792
749,2020-03-01,Limburg,-0.4317779742210358,0.3915584982968328,0.253248057889085,-2.5986159739463175,0.0075417125728072165
750,2020-03-01,Noord-Brabant,-0.1023976371850346,0.1220013847324868,0.0224397013319442,0.0,1.359605384092034
751,2020-03-01,Noord-Holland,0.1171892541722995,0.1220013847324868,0.253248057889085,0.5516694640186255,1.0743410235384998
752,2020-03-01,Overijssel,-1.0905386482930384,-0.4171128423962051,-0.4391770117823371,0.0,0.1062752550472887
753,2020-03-01,Utrecht,-0.2121910828637017,-0.1475557288318591,-0.4391770117823371,0.13736712337300797,0.22667863763440532
754,2020-03-01,Zeeland,-0.761158311257037,,-0.6699853683394779,0.0,-1.5053621895354865
755,2020-03-01,Zuid-Holland,0.4465695912083007,0.1220013847324868,0.253248057889085,0.9760088877102303,1.487081592756217
756,2020-04-01,Drenthe,-0.9807452026143711,,0.4840564144462256,0.0,-1.0521706297180344
757,2020-04-01,Flevoland,-0.9807452026143711,,0.4840564144462256,0.0,-0.9524340992609523
758,2020-04-01,Friesland,-1.2003320939717053,-0.6866699559605512,-0.2083686552251964,0.0,-0.6815982209571082
759,2020-04-01,Gelderland,-0.1023976371850346,0.3915584982968328,1.6380981972319293,0.0,0.9589488557843925
760,2020-04-01,Groningen,-0.65136486557837,-0.6866699559605512,0.7148647710033664,0.0,-1.0289073219540792
761,2020-04-01,Limburg,-0.2121910828637017,1.200229838989871,2.561331623460492,-2.5986159739463175,0.0075417125728072165
762,2020-04-01,Noord-Brabant,0.0073958084936324,0.9306727254255248,1.86890655378907,0.0,1.359605384092034
763,2020-04-01,Noord-Holland,0.1171892541722995,0.3915584982968328,1.176481484117648,0.5516694640186255,1.0743410235384998
764,2020-04-01,Overijssel,-1.2003320939717053,-0.1475557288318591,0.4840564144462256,0.0,0.1062752550472887
765,2020-04-01,Utrecht,-0.4317779742210358,0.1220013847324868,0.253248057889085,0.13736712337300797,0.22667863763440532
766,2020-04-01,Zeeland,0.0073958084936324,,1.4072898406747885,0.0,-1.5053621895354865
767,2020-04-01,Zuid-Holland,0.4465695912083007,0.6611156118611788,1.4072898406747885,0.9760088877102303,1.487081592756217
768,2020-05-01,Drenthe,-0.8709517569357041,,0.0224397013319442,0.0,-1.0521706297180344
769,2020-05-01,Flevoland,-0.8709517569357041,,-0.6699853683394779,0.0,-0.9524340992609523
770,2020-05-01,Friesland,-1.2003320939717053,-0.9562270695248972,-0.6699853683394779,0.0,-0.6815982209571082
771,2020-05-01,Gelderland,-0.2121910828637017,-0.1475557288318591,0.253248057889085,0.0,0.9589488557843925
772,2020-05-01,Groningen,-0.761158311257037,-1.2257841830892433,0.0224397013319442,0.0,-1.0289073219540792
773,2020-05-01,Limburg,-0.5415714198997029,0.1220013847324868,0.4840564144462256,-2.5986159739463175,0.0075417125728072165
774,2020-05-01,Noord-Brabant,-0.3219845285423687,-0.1475557288318591,0.253248057889085,0.0,1.359605384092034
775,2020-05-01,Noord-Holland,-0.2121910828637017,-0.1475557288318591,0.0224397013319442,0.5516694640186255,1.0743410235384998
776,2020-05-01,Overijssel,-1.2003320939717053,-0.9562270695248972,-0.6699853683394779,0.0,0.1062752550472887
777,2020-05-01,Utrecht,-0.5415714198997029,-0.4171128423962051,-0.4391770117823371,0.13736712337300797,0.22667863763440532
778,2020-05-01,Zeeland,-0.5415714198997029,,-0.4391770117823371,0.0,-1.5053621895354865
779,2020-05-01,Zuid-Holland,0.1171892541722995,-0.1475557288318591,0.253248057889085,0.9760088877102303,1.487081592756217
780,2020-06-01,Drenthe,-0.9807452026143711,,-0.9007937248966186,0.0,-1.0521706297180344
781,2020-06-01,Flevoland,-1.2003320939717053,,-0.6699853683394779,0.0,-0.9524340992609523
782,2020-06-01,Friesland,-1.2003320939717053,-0.9562270695248972,-0.9007937248966186,0.0,-0.6815982209571082
783,2020-06-01,Gelderland,-0.2121910828637017,-0.4171128423962051,-0.2083686552251964,0.0,0.9589488557843925
784,2020-06-01,Groningen,-0.65136486557837,-1.2257841830892433,0.4840564144462256,0.0,-1.0289073219540792
785,2020-06-01,Limburg,-0.65136486557837,-0.4171128423962051,-0.2083686552251964,-2.5986159739463175,0.0075417125728072165
786,2020-06-01,Noord-Brabant,-0.3219845285423687,-0.4171128423962051,-0.2083686552251964,0.0,1.359605384092034
787,2020-06-01,Noord-Holland,-0.1023976371850346,-0.4171128423962051,-0.2083686552251964,0.5516694640186255,1.0743410235384998
788,2020-06-01,Overijssel,-1.0905386482930384,-0.9562270695248972,-0.9007937248966186,0.0,0.1062752550472887
789,2020-06-01,Utrecht,-0.4317779742210358,-0.6866699559605512,-0.6699853683394779,0.13736712337300797,0.22667863763440532
790,2020-06-01,Zeeland,-0.761158311257037,,-0.6699853683394779,0.0,-1.5053621895354865
791,2020-06-01,Zuid-Holland,0.1171892541722995,-0.6866699559605512,0.0224397013319442,0.9760088877102303,1.487081592756217
792,2020-07-01,Drenthe,-1.3101255396503724,,-1.5932187945680407,0.0,-1.0521706297180344
793,2020-07-01,Flevoland,-1.2003320939717053,,-1.5932187945680407,0.0,-0.9524340992609523
794,2020-07-01,Friesland,-1.4199189853290397,-1.7648984102179353,-1.5932187945680407,0.0,-0.6815982209571082
795,2020-07-01,Gelderland,-0.3219845285423687,-0.9562270695248972,-0.9007937248966186,0.0,0.9589488557843925
796,2020-07-01,Groningen,-0.761158311257037,-1.4953412966535893,-0.6699853683394779,0.0,-1.0289073219540792
797,2020-07-01,Limburg,-0.65136486557837,-0.6866699559605512,-0.6699853683394779,-2.5986159739463175,0.0075417125728072165
798,2020-07-01,Noord-Brabant,-0.5415714198997029,-1.2257841830892433,-1.1316020814537593,0.0,1.359605384092034
799,2020-07-01,Noord-Holland,-0.3219845285423687,-0.9562270695248972,-0.9007937248966186,0.5516694640186255,1.0743410235384998
800,2020-07-01,Overijssel,-1.2003320939717053,-1.4953412966535893,-1.824027151125181,0.0,0.1062752550472887
801,2020-07-01,Utrecht,-0.4317779742210358,-1.2257841830892433,-1.3624104380109,0.13736712337300797,0.22667863763440532
802,2020-07-01,Zeeland,-1.0905386482930384,,-1.1316020814537593,0.0,-1.5053621895354865
803,2020-07-01,Zuid-Holland,0.0073958084936324,-1.2257841830892433,-0.9007937248966186,0.9760088877102303,1.487081592756217
804,2020-08-01,Drenthe,-0.9807452026143711,,-0.4391770117823371,0.0,-1.0521706297180344
805,2020-08-01,Flevoland,-1.0905386482930384,,-0.2083686552251964,0.0,-0.9524340992609523
806,2020-08-01,Friesland,-1.2003320939717053,-0.9562270695248972,-0.4391770117823371,0.0,-0.6815982209571082
807,2020-08-01,Gelderland,-0.1023976371850346,-0.1475557288318591,0.0224397013319442,0.0,0.9589488557843925
808,2020-08-01,Groningen,-0.5415714198997029,-0.4171128423962051,1.176481484117648,0.0,-1.0289073219540792
809,2020-08-01,Limburg,-0.4317779742210358,-0.4171128423962051,0.0224397013319442,-2.5986159739463175,0.0075417125728072165
810,2020-08-01,Noord-Brabant,-0.3219845285423687,-0.1475557288318591,0.253248057889085,0.0,1.359605384092034
811,2020-08-01,Noord-Holland,0.1171892541722995,0.3915584982968328,0.253248057889085,0.5516694640186255,1.0743410235384998
812,2020-08-01,Overijssel,-0.9807452026143711,-0.6866699559605512,-0.2083686552251964,0.0,0.1062752550472887
813,2020-08-01,Utrecht,-0.2121910828637017,-0.4171128423962051,0.0224397013319442,0.13736712337300797,0.22667863763440532
814,2020-08-01,Zeeland,-0.65136486557837,,0.0224397013319442,0.0,-1.5053621895354865
815,2020-08-01,Zuid-Holland,0.4465695912083007,0.1220013847324868,0.7148647710033664,0.9760088877102303,1.487081592756217
816,2020-09-01,Drenthe,-0.9807452026143711,,-0.9007937248966186,0.0,-1.0521706297180344
817,2020-09-01,Flevoland,-0.8709517569357041,,-0.4391770117823371,0.0,-0.9524340992609523
818,2020-09-01,Friesland,-1.0905386482930384,-0.9562270695248972,-0.9007937248966186,0.0,-0.6815982209571082
819,2020-09-01,Gelderland,0.4465695912083007,0.1220013847324868,0.253248057889085,0.0,0.9589488557843925
820,2020-09-01,Groningen,-0.1023976371850346,-0.1475557288318591,0.4840564144462256,0.0,-1.0289073219540792
821,2020-09-01,Limburg,0.1171892541722995,-0.1475557288318591,0.4840564144462256,-2.5986159739463175,0.0075417125728072165
822,2020-09-01,Noord-Brabant,0.2269826998509666,-0.1475557288318591,0.4840564144462256,0.0,1.359605384092034
823,2020-09-01,Noord-Holland,0.5563630368869679,0.1220013847324868,0.253248057889085,0.5516694640186255,1.0743410235384998
824,2020-09-01,Overijssel,-0.761158311257037,-0.6866699559605512,-0.9007937248966186,0.0,0.1062752550472887
825,2020-09-01,Utrecht,0.2269826998509666,-0.1475557288318591,-0.4391770117823371,0.13736712337300797,0.22667863763440532
826,2020-09-01,Zeeland,-0.5415714198997029,,-0.6699853683394779,0.0,-1.5053621895354865
827,2020-09-01,Zuid-Holland,0.9955368196016362,-0.1475557288318591,0.4840564144462256,0.9760088877102303,1.487081592756217
828,2020-10-01,Drenthe,-1.0905386482930384,,-1.824027151125181,0.0,-1.0521706297180344
829,2020-10-01,Flevoland,-0.761158311257037,,-1.5932187945680407,0.0,-0.9524340992609523
830,2020-10-01,Friesland,-1.0905386482930384,-1.4953412966535893,-1.824027151125181,0.0,-0.6815982209571082
831,2020-10-01,Gelderland,-0.2121910828637017,-0.9562270695248972,-0.9007937248966186,0.0,0.9589488557843925
832,2020-10-01,Groningen,-0.3219845285423687,-1.2257841830892433,-0.4391770117823371,0.0,-1.0289073219540792
833,2020-10-01,Limburg,-0.4317779742210358,-0.9562270695248972,-1.1316020814537593,-2.5986159739463175,0.0075417125728072165
834,2020-10-01,Noord-Brabant,-0.1023976371850346,-0.6866699559605512,-0.9007937248966186,0.0,1.359605384092034
835,2020-10-01,Noord-Holland,0.4465695912083007,-0.6866699559605512,-1.1316020814537593,0.5516694640186255,1.0743410235384998
836,2020-10-01,Overijssel,-0.9807452026143711,-1.2257841830892433,-1.5932187945680407,0.0,0.1062752550472887
837,2020-10-01,Utrecht,-0.1023976371850346,-0.9562270695248972,-1.3624104380109,0.13736712337300797,0.22667863763440532
838,2020-10-01,Zeeland,-0.761158311257037,,-1.5932187945680407,0.0,-1.5053621895354865
839,2020-10-01,Zuid-Holland,0.5563630368869679,-0.9562270695248972,-0.9007937248966186,0.9760088877102303,1.487081592756217
840,2020-11-01,Drenthe,-0.65136486557837,,-0.4391770117823371,0.0,-1.0521706297180344
841,2020-11-01,Flevoland,-0.1023976371850346,,0.0224397013319442,0.0,-0.9524340992609523
842,2020-11-01,Friesland,-0.65136486557837,-0.1475557288318591,-0.2083686552251964,0.0,-0.6815982209571082
843,2020-11-01,Gelderland,0.5563630368869679,1.200229838989871,1.176481484117648,0.0,0.9589488557843925
844,2020-11-01,Groningen,0.1171892541722995,0.3915584982968328,1.4072898406747885,0.0,-1.0289073219540792
845,2020-11-01,Limburg,0.2269826998509666,0.3915584982968328,0.253248057889085,-2.5986159739463175,0.0075417125728072165
846,2020-11-01,Noord-Brabant,0.5563630368869679,1.200229838989871,0.9456731275605073,0.0,1.359605384092034
847,2020-11-01,Noord-Holland,1.1053302652803032,0.9306727254255248,0.7148647710033664,2.276286747155494,1.0743410235384998
848,2020-11-01,Overijssel,-0.3219845285423687,0.6611156118611788,0.0224397013319442,0.0,0.1062752550472887
849,2020-11-01,Utrecht,0.666156482565635,0.9306727254255248,0.4840564144462256,0.13736712337300797,0.22667863763440532
850,2020-11-01,Zeeland,-0.1023976371850346,,1.176481484117648,0.0,-1.5053621895354865
851,2020-11-01,Zuid-Holland,1.4347106023163043,0.9306727254255248,1.176481484117648,0.9760088877102303,1.487081592756217
852,2020-12-01,Drenthe,-0.4317779742210358,,-0.9007937248966186,0.0,-1.0521706297180344
853,2020-12-01,Flevoland,-0.2121910828637017,,-0.9007937248966186,0.0,-0.9524340992609523
854,2020-12-01,Friesland,-0.3219845285423687,0.1220013847324868,-0.9007937248966186,0.0,-0.6815982209571082
855,2020-12-01,Gelderland,0.4465695912083007,0.3915584982968328,-0.4391770117823371,-0.6872851265576272,0.9589488557843925
856,2020-12-01,Groningen,0.2269826998509666,0.3915584982968328,0.4840564144462256,0.0,-1.0289073219540792
857,2020-12-01,Limburg,0.1171892541722995,-0.4171128423962051,-1.1316020814537593,-2.5986159739463175,0.0075417125728072165
858,2020-12-01,Noord-Brabant,0.3367761455296337,0.3915584982968328,-0.6699853683394779,0.0,1.359605384092034
859,2020-12-01,Noord-Holland,1.1053302652803032,0.3915584982968328,-0.4391770117823371,2.276286747155494,1.0743410235384998
860,2020-12-01,Overijssel,-0.2121910828637017,0.1220013847324868,-0.9007937248966186,0.0,0.1062752550472887
861,2020-12-01,Utrecht,0.5563630368869679,0.3915584982968328,-0.9007937248966186,0.13736712337300797,0.22667863763440532
862,2020-12-01,Zeeland,-0.3219845285423687,,-0.9007937248966186,0.0,-1.5053621895354865
863,2020-12-01,Zuid-Holland,1.2151237109589703,0.1220013847324868,-0.2083686552251964,0.9760088877102303,1.487081592756217
864,2021-01-01,Drenthe,-0.8709517569357041,,-1.1316020814537593,0.0,-1.0521706297180344
865,2021-01-01,Flevoland,-0.4317779742210358,,-1.1316020814537593,0.0,-0.9524340992609523
866,2021-01-01,Friesland,-0.8709517569357041,-0.9562270695248972,-1.5932187945680407,0.0,-0.6815982209571082
867,2021-01-01,Gelderland,0.3367761455296337,0.6611156118611788,0.0224397013319442,-0.6872851265576272,0.9589488557843925
868,2021-01-01,Groningen,-0.1023976371850346,-0.6866699559605512,-0.4391770117823371,0.0,-1.0289073219540792
869,2021-01-01,Limburg,0.2269826998509666,0.3915584982968328,-0.6699853683394779,-2.5986159739463175,0.0075417125728072165
870,2021-01-01,Noord-Brabant,0.3367761455296337,0.3915584982968328,-0.4391770117823371,0.0,1.359605384092034
871,2021-01-01,Noord-Holland,0.666156482565635,0.1220013847324868,-0.4391770117823371,2.276286747155494,1.0743410235384998
872,2021-01-01,Overijssel,-0.65136486557837,0.1220013847324868,-0.9007937248966186,0.0,0.1062752550472887
873,2021-01-01,Utrecht,0.4465695912083007,0.1220013847324868,-0.6699853683394779,0.13736712337300797,0.22667863763440532
874,2021-01-01,Zeeland,-0.4317779742210358,,-0.6699853683394779,0.0,-1.5053621895354865
875,2021-01-01,Zuid-Holland,0.8857433739229691,-0.1475557288318591,-0.2083686552251964,0.9760088877102303,1.487081592756217
876,2021-02-01,Drenthe,-0.761158311257037,,0.0224397013319442,0.0,-1.0521706297180344
877,2021-02-01,Flevoland,-0.5415714198997029,,0.253248057889085,0.0,-0.9524340992609523
878,2021-02-01,Friesland,-0.761158311257037,0.1220013847324868,-0.2083686552251964,0.0,-0.6815982209571082
879,2021-02-01,Gelderland,0.3367761455296337,0.9306727254255248,1.4072898406747885,-0.6872851265576272,0.9589488557843925
880,2021-02-01,Groningen,0.0073958084936324,-0.1475557288318591,1.176481484117648,0.0,-1.0289073219540792
881,2021-02-01,Limburg,0.0073958084936324,0.6611156118611788,0.7148647710033664,-2.5986159739463175,0.0075417125728072165
882,2021-02-01,Noord-Brabant,0.3367761455296337,0.6611156118611788,0.9456731275605073,0.0,1.359605384092034
883,2021-02-01,Noord-Holland,0.9955368196016362,0.9306727254255248,0.9456731275605073,2.276286747155494,1.0743410235384998
884,2021-02-01,Overijssel,-0.5415714198997029,0.3915584982968328,0.4840564144462256,0.0,0.1062752550472887
885,2021-02-01,Utrecht,0.3367761455296337,0.6611156118611788,0.4840564144462256,0.13736712337300797,0.22667863763440532
886,2021-02-01,Zeeland,0.0073958084936324,,0.9456731275605073,0.0,-1.5053621895354865
887,2021-02-01,Zuid-Holland,1.2151237109589703,0.9306727254255248,1.176481484117648,0.9760088877102303,1.487081592756217
888,2021-03-01,Drenthe,-1.0905386482930384,,-0.4391770117823371,0.0,-1.0521706297180344
889,2021-03-01,Flevoland,-0.761158311257037,,0.253248057889085,0.0,-0.9524340992609523
890,2021-03-01,Friesland,-1.0905386482930384,-0.1475557288318591,0.0224397013319442,0.0,-0.6815982209571082
891,2021-03-01,Gelderland,0.3367761455296337,1.200229838989871,1.6380981972319293,-0.6872851265576272,0.9589488557843925
892,2021-03-01,Groningen,-0.4317779742210358,-0.1475557288318591,0.9456731275605073,0.0,-1.0289073219540792
893,2021-03-01,Limburg,0.1171892541722995,0.9306727254255248,0.9456731275605073,-2.5986159739463175,0.0075417125728072165
894,2021-03-01,Noord-Brabant,0.2269826998509666,0.9306727254255248,1.176481484117648,0.0,1.359605384092034
895,2021-03-01,Noord-Holland,0.5563630368869679,0.9306727254255248,0.9456731275605073,2.276286747155494,1.0743410235384998
896,2021-03-01,Overijssel,-0.9807452026143711,0.1220013847324868,0.4840564144462256,0.0,0.1062752550472887
897,2021-03-01,Utrecht,0.2269826998509666,0.9306727254255248,0.9456731275605073,0.13736712337300797,0.22667863763440532
898,2021-03-01,Zeeland,-0.2121910828637017,,1.176481484117648,0.0,-1.5053621895354865
899,2021-03-01,Zuid-Holland,0.9955368196016362,1.200229838989871,1.6380981972319293,0.9760088877102303,1.487081592756217
900,2021-04-01,Drenthe,-1.2003320939717053,,-0.9007937248966186,0.0,-1.0521706297180344
901,2021-04-01,Flevoland,-0.9807452026143711,,-0.4391770117823371,0.0,-0.9524340992609523
902,2021-04-01,Friesland,-1.4199189853290397,-0.9562270695248972,-0.6699853683394779,0.0,-0.6815982209571082
903,2021-04-01,Gelderland,0.0073958084936324,-0.1475557288318591,0.4840564144462256,-0.6872851265576272,0.9589488557843925
904,2021-04-01,Groningen,-0.761158311257037,-0.9562270695248972,0.253248057889085,0.0,-1.0289073219540792
905,2021-04-01,Limburg,-0.3219845285423687,0.6611156118611788,0.9456731275605073,-2.5986159739463175,0.0075417125728072165
906,2021-04-01,Noord-Brabant,-0.2121910828637017,-0.1475557288318591,0.253248057889085,0.0,1.359605384092034
907,2021-04-01,Noord-Holland,-0.1023976371850346,-0.1475557288318591,0.0224397013319442,2.276286747155494,1.0743410235384998
908,2021-04-01,Overijssel,-1.3101255396503724,-0.6866699559605512,-0.2083686552251964,0.0,0.1062752550472887
909,2021-04-01,Utrecht,-0.5415714198997029,-0.4171128423962051,-0.4391770117823371,0.13736712337300797,0.22667863763440532
910,2021-04-01,Zeeland,-0.4317779742210358,,0.253248057889085,0.0,-1.5053621895354865
911,2021-04-01,Zuid-Holland,0.1171892541722995,-0.1475557288318591,0.4840564144462256,0.9760088877102303,1.487081592756217
912,2021-05-01,Drenthe,-1.3101255396503724,,-2.054835507682322,0.0,-1.0521706297180344
913,2021-05-01,Flevoland,-1.0905386482930384,,-1.3624104380109,0.0,-0.9524340992609523
914,2021-05-01,Friesland,-1.4199189853290397,-1.2257841830892433,-1.5932187945680407,0.0,-0.6815982209571082
915,2021-05-01,Gelderland,-0.3219845285423687,-0.6866699559605512,-0.6699853683394779,-0.6872851265576272,0.9589488557843925
916,2021-05-01,Groningen,-0.8709517569357041,-1.2257841830892433,-0.9007937248966186,0.0,-1.0289073219540792
917,2021-05-01,Limburg,-0.761158311257037,-0.6866699559605512,-0.9007937248966186,-2.5986159739463175,0.0075417125728072165
918,2021-05-01,Noord-Brabant,-0.4317779742210358,-0.6866699559605512,-0.9007937248966186,0.0,1.359605384092034
919,2021-05-01,Noord-Holland,-0.2121910828637017,-0.4171128423962051,-0.6699853683394779,2.276286747155494,1.0743410235384998
920,2021-05-01,Overijssel,-1.3101255396503724,-1.4953412966535893,-1.5932187945680407,0.0,0.1062752550472887
921,2021-05-01,Utrecht,-0.5415714198997029,-0.9562270695248972,-1.1316020814537593,0.13736712337300797,0.22667863763440532
922,2021-05-01,Zeeland,-0.8709517569357041,,-1.1316020814537593,0.0,-1.5053621895354865
923,2021-05-01,Zuid-Holland,0.2269826998509666,-0.4171128423962051,-0.4391770117823371,0.9760088877102303,1.487081592756217
924,2021-06-01,Drenthe,-1.0905386482930384,,-0.6699853683394779,0.0,-1.0521706297180344
925,2021-06-01,Flevoland,-1.2003320939717053,,0.0224397013319442,0.0,-0.9524340992609523
926,2021-06-01,Friesland,-1.3101255396503724,-0.6866699559605512,-0.2083686552251964,0.0,-0.6815982209571082
927,2021-06-01,Gelderland,-0.2121910828637017,0.1220013847324868,0.7148647710033664,-0.6872851265576272,0.9589488557843925
928,2021-06-01,Groningen,-0.761158311257037,-0.1475557288318591,1.4072898406747885,0.0,-1.0289073219540792
929,2021-06-01,Limburg,-0.5415714198997029,0.3915584982968328,0.7148647710033664,-2.5986159739463175,0.0075417125728072165
930,2021-06-01,Noord-Brabant,-0.2121910828637017,0.3915584982968328,0.253248057889085,0.0,1.359605384092034
931,2021-06-01,Noord-Holland,-0.1023976371850346,0.1220013847324868,0.0224397013319442,2.276286747155494,1.0743410235384998
932,2021-06-01,Overijssel,-1.2003320939717053,-0.1475557288318591,-0.2083686552251964,0.0,0.1062752550472887
933,2021-06-01,Utrecht,-0.5415714198997029,-0.1475557288318591,-0.2083686552251964,0.13736712337300797,0.22667863763440532
934,2021-06-01,Zeeland,-0.5415714198997029,,-0.4391770117823371,0.0,-1.5053621895354865
935,2021-06-01,Zuid-Holland,0.3367761455296337,0.1220013847324868,0.7148647710033664,0.9760088877102303,1.487081592756217
936,2021-07-01,Drenthe,-1.4199189853290397,,-0.9007937248966186,0.0,-1.0521706297180344
937,2021-07-01,Flevoland,-1.3101255396503724,,-0.2083686552251964,0.0,-0.9524340992609523
938,2021-07-01,Friesland,-1.5297124310077066,-1.2257841830892433,-0.6699853683394779,0.0,-0.6815982209571082
939,2021-07-01,Gelderland,-0.5415714198997029,-0.1475557288318591,0.253248057889085,-0.6872851265576272,0.9589488557843925
940,2021-07-01,Groningen,-0.8709517569357041,-0.6866699559605512,0.0224397013319442,0.0,-1.0289073219540792
941,2021-07-01,Limburg,-0.761158311257037,-0.4171128423962051,-0.2083686552251964,-2.5986159739463175,0.0075417125728072165
942,2021-07-01,Noord-Brabant,-0.5415714198997029,-0.4171128423962051,-0.4391770117823371,0.0,1.359605384092034
943,2021-07-01,Noord-Holland,-0.3219845285423687,0.1220013847324868,0.0224397013319442,2.276286747155494,1.0743410235384998
944,2021-07-01,Overijssel,-1.3101255396503724,-0.9562270695248972,-0.4391770117823371,0.0,0.1062752550472887
945,2021-07-01,Utrecht,-0.5415714198997029,-0.4171128423962051,-0.4391770117823371,0.13736712337300797,0.22667863763440532
946,2021-07-01,Zeeland,-0.9807452026143711,,-0.4391770117823371,0.0,-1.5053621895354865
947,2021-07-01,Zuid-Holland,-0.1023976371850346,0.1220013847324868,0.4840564144462256,0.9760088877102303,1.487081592756217
948,2021-08-01,Drenthe,-1.4199189853290397,,-1.5932187945680407,0.0,-1.0521706297180344
949,2021-08-01,Flevoland,-1.3101255396503724,,-1.1316020814537593,0.0,-0.9524340992609523
950,2021-08-01,Friesland,-1.5297124310077066,-1.4953412966535893,-1.3624104380109,0.0,-0.6815982209571082
951,2021-08-01,Gelderland,-0.5415714198997029,-0.9562270695248972,-0.6699853683394779,-0.6872851265576272,0.9589488557843925
952,2021-08-01,Groningen,-0.8709517569357041,-1.2257841830892433,-0.6699853683394779,0.0,-1.0289073219540792
953,2021-08-01,Limburg,-0.761158311257037,-0.6866699559605512,-0.9007937248966186,-2.5986159739463175,0.0075417125728072165
954,2021-08-01,Noord-Brabant,-0.5415714198997029,-0.6866699559605512,-0.9007937248966186,0.0,1.359605384092034
955,2021-08-01,Noord-Holland,-0.2121910828637017,-0.6866699559605512,-0.6699853683394779,2.276286747155494,1.0743410235384998
956,2021-08-01,Overijssel,-1.3101255396503724,-1.2257841830892433,-1.3624104380109,0.0,0.1062752550472887
957,2021-08-01,Utrecht,-0.65136486557837,-0.9562270695248972,-1.1316020814537593,0.13736712337300797,0.22667863763440532
958,2021-08-01,Zeeland,-1.0905386482930384,,-0.9007937248966186,0.0,-1.5053621895354865
959,2021-08-01,Zuid-Holland,-0.1023976371850346,-0.6866699559605512,-0.4391770117823371,0.9760088877102303,1.487081592756217
960,2021-09-01,Drenthe,-1.2003320939717053,,-1.1316020814537593,0.0,-1.0521706297180344
961,2021-09-01,Flevoland,-0.8709517569357041,,-0.2083686552251964,0.0,-0.9524340992609523
962,2021-09-01,Friesland,-1.3101255396503724,-0.9562270695248972,-0.4391770117823371,0.0,-0.6815982209571082
963,2021-09-01,Gelderland,0.1171892541722995,0.1220013847324868,0.253248057889085,-0.6872851265576272,0.9589488557843925
964,2021-09-01,Groningen,-0.4317779742210358,-0.4171128423962051,0.0224397013319442,0.0,-1.0289073219540792
965,2021-09-01,Limburg,-0.2121910828637017,0.3915584982968328,0.4840564144462256,-2.5986159739463175,0.0075417125728072165
966,2021-09-01,Noord-Brabant,0.0073958084936324,0.3915584982968328,0.253248057889085,0.0,1.359605384092034
967,2021-09-01,Noord-Holland,0.4465695912083007,0.1220013847324868,0.253248057889085,2.276286747155494,1.0743410235384998
968,2021-09-01,Overijssel,-0.9807452026143711,-0.6866699559605512,-0.4391770117823371,0.0,0.1062752550472887
969,2021-09-01,Utrecht,0.0073958084936324,0.1220013847324868,-0.2083686552251964,0.13736712337300797,0.22667863763440532
970,2021-09-01,Zeeland,-0.4317779742210358,,-0.2083686552251964,0.0,-1.5053621895354865
971,2021-09-01,Zuid-Holland,0.666156482565635,0.6611156118611788,0.9456731275605073,0.9760088877102303,1.487081592756217
972,2021-10-01,Drenthe,-0.9807452026143711,,-1.3624104380109,0.0,-1.0521706297180344
973,2021-10-01,Flevoland,-0.761158311257037,,-1.1316020814537593,0.0,-0.9524340992609523
974,2021-10-01,Friesland,-1.0905386482930384,-0.9562270695248972,-0.9007937248966186,0.0,-0.6815982209571082
975,2021-10-01,Gelderland,0.1171892541722995,-0.1475557288318591,-0.4391770117823371,-0.6872851265576272,0.9589488557843925
976,2021-10-01,Groningen,-0.3219845285423687,-0.6866699559605512,-0.2083686552251964,0.0,-1.0289073219540792
977,2021-10-01,Limburg,-0.3219845285423687,-0.4171128423962051,-0.6699853683394779,-2.5986159739463175,0.0075417125728072165
978,2021-10-01,Noord-Brabant,0.1171892541722995,0.1220013847324868,-0.4391770117823371,0.0,1.359605384092034
979,2021-10-01,Noord-Holland,0.666156482565635,-0.1475557288318591,0.0224397013319442,2.276286747155494,1.0743410235384998
980,2021-10-01,Overijssel,-0.8709517569357041,-0.6866699559605512,-1.1316020814537593,0.0,0.1062752550472887
981,2021-10-01,Utrecht,0.1171892541722995,-0.1475557288318591,-0.9007937248966186,0.13736712337300797,0.22667863763440532
982,2021-10-01,Zeeland,-0.65136486557837,,-0.9007937248966186,0.0,-1.5053621895354865
983,2021-10-01,Zuid-Holland,0.775949928244302,-0.1475557288318591,0.0224397013319442,0.9760088877102303,1.487081592756217
984,2021-11-01,Drenthe,-0.65136486557837,,-0.9007937248966186,0.0,-1.0521706297180344
985,2021-11-01,Flevoland,-0.2121910828637017,,-0.6699853683394779,0.0,-0.9524340992609523
986,2021-11-01,Friesland,-0.8709517569357041,-0.6866699559605512,-0.6699853683394779,0.0,-0.6815982209571082
987,2021-11-01,Gelderland,0.9955368196016362,1.200229838989871,0.4840564144462256,-0.6872851265576272,0.9589488557843925
988,2021-11-01,Groningen,0.1171892541722995,0.1220013847324868,0.4840564144462256,0.0,-1.0289073219540792
989,2021-11-01,Limburg,0.4465695912083007,0.9306727254255248,0.4840564144462256,-2.5986159739463175,0.0075417125728072165
990,2021-11-01,Noord-Brabant,0.775949928244302,1.200229838989871,0.4840564144462256,0.0,1.359605384092034
991,2021-11-01,Noord-Holland,1.2151237109589703,0.3915584982968328,0.253248057889085,2.276286747155494,1.0743410235384998
992,2021-11-01,Overijssel,-0.5415714198997029,0.3915584982968328,0.0224397013319442,0.0,0.1062752550472887
993,2021-11-01,Utrecht,0.8857433739229691,0.9306727254255248,-0.2083686552251964,0.13736712337300797,0.22667863763440532
994,2021-11-01,Zeeland,-0.3219845285423687,,0.0224397013319442,0.0,-1.5053621895354865
995,2021-11-01,Zuid-Holland,1.4347106023163043,0.3915584982968328,0.4840564144462256,0.9760088877102303,1.487081592756217
996,2021-12-01,Drenthe,-0.5415714198997029,,-1.5932187945680407,0.0,-1.0521706297180344
997,2021-12-01,Flevoland,-0.2121910828637017,,-1.3624104380109,0.0,-0.9524340992609523
998,2021-12-01,Friesland,-0.5415714198997029,-0.4171128423962051,-1.1316020814537593,0.0,-0.6815982209571082
999,2021-12-01,Gelderland,0.4465695912083007,0.1220013847324868,-0.2083686552251964,-0.6872851265576272,0.9589488557843925
1000,2021-12-01,Groningen,0.3367761455296337,-0.4171128423962051,0.4840564144462256,0.0,-1.0289073219540792
1001,2021-12-01,Limburg,0.1171892541722995,0.1220013847324868,-0.6699853683394779,-2.5986159739463175,0.0075417125728072165
1002,2021-12-01,Noord-Brabant,0.5563630368869679,0.3915584982968328,-0.4391770117823371,0.0,1.359605384092034
1003,2021-12-01,Noord-Holland,1.1053302652803032,0.1220013847324868,-0.2083686552251964,2.276286747155494,1.0743410235384998
1004,2021-12-01,Overijssel,-0.3219845285423687,-0.4171128423962051,-0.6699853683394779,0.0,0.1062752550472887
1005,2021-12-01,Utrecht,0.5563630368869679,0.3915584982968328,-0.9007937248966186,0.13736712337300797,0.22667863763440532
1006,2021-12-01,Zeeland,-0.2121910828637017,,-0.4391770117823371,0.0,-1.5053621895354865
1007,2021-12-01,Zuid-Holland,1.1053302652803032,0.3915584982968328,0.0224397013319442,0.9760088877102303,1.487081592756217
1008,2022-01-01,Drenthe,-0.8709517569357041,,-0.6699853683394779,0.0,-1.0521706297180344
1009,2022-01-01,Flevoland,-0.4317779742210358,,-0.2083686552251964,0.0,-0.9524340992609523
1010,2022-01-01,Friesland,-0.8709517569357041,-0.4171128423962051,0.0224397013319442,0.0,-0.6815982209571082
1011,2022-01-01,Gelderland,0.4465695912083007,1.200229838989871,1.176481484117648,-0.6872851265576272,0.9589488557843925
1012,2022-01-01,Groningen,-0.3219845285423687,-0.1475557288318591,1.4072898406747885,0.0,-1.0289073219540792
1013,2022-01-01,Limburg,0.1171892541722995,0.9306727254255248,0.4840564144462256,-2.5986159739463175,0.0075417125728072165
1014,2022-01-01,Noord-Brabant,0.666156482565635,1.7393440661185628,1.176481484117648,0.0,1.359605384092034
1015,2022-01-01,Noord-Holland,0.8857433739229691,0.6611156118611788,0.9456731275605073,2.276286747155494,1.0743410235384998
1016,2022-01-01,Overijssel,-0.65136486557837,0.6611156118611788,0.253248057889085,0.0,0.1062752550472887
1017,2022-01-01,Utrecht,0.5563630368869679,1.200229838989871,0.4840564144462256,0.13736712337300797,0.22667863763440532
1018,2022-01-01,Zeeland,-0.2121910828637017,,0.9456731275605073,0.0,-1.5053621895354865
1019,2022-01-01,Zuid-Holland,1.2151237109589703,1.200229838989871,1.176481484117648,0.9760088877102303,1.487081592756217
1020,2022-02-01,Drenthe,-1.2003320939717053,,-1.3624104380109,0.0,-1.0521706297180344
1021,2022-02-01,Flevoland,-0.8709517569357041,,-0.9007937248966186,0.0,-0.9524340992609523
1022,2022-02-01,Friesland,-1.2003320939717053,-0.9562270695248972,-0.6699853683394779,0.0,-0.6815982209571082
1023,2022-02-01,Gelderland,-0.2121910828637017,-0.4171128423962051,-0.2083686552251964,-0.6872851265576272,0.9589488557843925
1024,2022-02-01,Groningen,-0.65136486557837,-0.9562270695248972,0.4840564144462256,0.0,-1.0289073219540792
1025,2022-02-01,Limburg,-0.65136486557837,-0.9562270695248972,-0.9007937248966186,-2.5986159739463175,0.0075417125728072165
1026,2022-02-01,Noord-Brabant,-0.1023976371850346,-0.1475557288318591,-0.4391770117823371,0.0,1.359605384092034
1027,2022-02-01,Noord-Holland,0.2269826998509666,-0.1475557288318591,0.253248057889085,2.276286747155494,1.0743410235384998
1028,2022-02-01,Overijssel,-1.0905386482930384,-1.2257841830892433,-0.6699853683394779,0.0,0.1062752550472887
1029,2022-02-01,Utrecht,-0.2121910828637017,-0.4171128423962051,-0.4391770117823371,0.13736712337300797,0.22667863763440532
1030,2022-02-01,Zeeland,-0.9807452026143711,,-0.6699853683394779,0.0,-1.5053621895354865
1031,2022-02-01,Zuid-Holland,0.4465695912083007,-0.4171128423962051,0.253248057889085,0.9760088877102303,1.487081592756217
1032,2022-03-01,Drenthe,-0.761158311257037,,0.9456731275605073,0.0,-1.0521706297180344
1033,2022-03-01,Flevoland,-0.761158311257037,,1.86890655378907,0.0,-0.9524340992609523
1034,2022-03-01,Friesland,-0.761158311257037,1.7393440661185628,2.0997149103462105,0.0,-0.6815982209571082
1035,2022-03-01,Gelderland,0.666156482565635,2.0089011796829093,2.7921399800176325,-0.6872851265576272,0.9589488557843925
1036,2022-03-01,Groningen,0.0073958084936324,2.0089011796829093,3.0229483365747734,0.0,-1.0289073219540792
1037,2022-03-01,Limburg,0.4465695912083007,2.278458293247255,3.0229483365747734,-2.5986159739463175,0.0075417125728072165
1038,2022-03-01,Noord-Brabant,0.775949928244302,2.8175725203759474,2.7921399800176325,0.0,1.359605384092034
1039,2022-03-01,Noord-Holland,0.9955368196016362,2.548015406811601,2.561331623460492,2.276286747155494,1.0743410235384998
1040,2022-03-01,Overijssel,-0.761158311257037,1.4697869525542169,2.3305232669033518,0.0,0.1062752550472887
1041,2022-03-01,Utrecht,0.2269826998509666,2.278458293247255,1.86890655378907,0.13736712337300797,0.22667863763440532
1042,2022-03-01,Zeeland,0.775949928244302,,3.2537566931319137,0.0,-1.5053621895354865
1043,2022-03-01,Zuid-Holland,1.4347106023163043,2.548015406811601,3.0229483365747734,0.9760088877102303,1.487081592756217
1044,2022-04-01,Drenthe,-1.0905386482930384,,-1.3624104380109,0.0,-1.0521706297180344
1045,2022-04-01,Flevoland,-0.9807452026143711,,-1.1316020814537593,0.0,-0.9524340992609523
1046,2022-04-01,Friesland,-1.2003320939717053,-0.4171128423962051,-0.9007937248966186,0.0,-0.6815982209571082
1047,2022-04-01,Gelderland,-0.2121910828637017,-0.1475557288318591,-0.2083686552251964,-0.6872851265576272,0.9589488557843925
1048,2022-04-01,Groningen,-0.761158311257037,-0.6866699559605512,-0.4391770117823371,0.0,-1.0289073219540792
1049,2022-04-01,Limburg,-0.5415714198997029,-0.1475557288318591,0.0224397013319442,-2.5986159739463175,0.0075417125728072165
1050,2022-04-01,Noord-Brabant,-0.2121910828637017,0.3915584982968328,-0.2083686552251964,0.0,1.359605384092034
1051,2022-04-01,Noord-Holland,0.0073958084936324,-0.1475557288318591,-0.2083686552251964,2.276286747155494,1.0743410235384998
1052,2022-04-01,Overijssel,-1.2003320939717053,-0.9562270695248972,-0.6699853683394779,0.0,0.1062752550472887
1053,2022-04-01,Utrecht,-0.5415714198997029,-0.4171128423962051,-0.9007937248966186,0.13736712337300797,0.22667863763440532
1054,2022-04-01,Zeeland,-0.3219845285423687,,0.0224397013319442,0.0,-1.5053621895354865
1055,2022-04-01,Zuid-Holland,0.2269826998509666,-0.1475557288318591,0.0224397013319442,0.9760088877102303,1.487081592756217
1056,2022-05-01,Drenthe,-0.9807452026143711,,-0.4391770117823371,0.0,-1.0521706297180344
1057,2022-05-01,Flevoland,-0.9807452026143711,,-1.1316020814537593,0.0,-0.9524340992609523
1058,2022-05-01,Friesland,-1.2003320939717053,-0.6866699559605512,0.0224397013319442,0.0,-0.6815982209571082
1059,2022-05-01,Gelderland,-0.3219845285423687,-0.1475557288318591,0.4840564144462256,-0.6872851265576272,0.9589488557843925
1060,2022-05-01,Groningen,-0.65136486557837,-0.6866699559605512,0.4840564144462256,0.0,-1.0289073219540792
1061,2022-05-01,Limburg,-0.5415714198997029,-0.4171128423962051,0.253248057889085,-2.5986159739463175,0.0075417125728072165
1062,2022-05-01,Noord-Brabant,-0.2121910828637017,0.3915584982968328,0.253248057889085,0.0,1.359605384092034
1063,2022-05-01,Noord-Holland,0.2269826998509666,0.1220013847324868,0.4840564144462256,2.276286747155494,1.0743410235384998
1064,2022-05-01,Overijssel,-1.2003320939717053,-0.6866699559605512,-0.4391770117823371,0.0,0.1062752550472887
1065,2022-05-01,Utrecht,-0.3219845285423687,-0.4171128423962051,-0.4391770117823371,0.13736712337300797,0.22667863763440532
1066,2022-05-01,Zeeland,-0.65136486557837,,-0.4391770117823371,0.0,-1.5053621895354865
1067,2022-05-01,Zuid-Holland,0.5563630368869679,-0.1475557288318591,0.4840564144462256,0.9760088877102303,1.487081592756217
1068,2022-06-01,Drenthe,-1.2003320939717053,,-1.3624104380109,0.0,-1.0521706297180344
1069,2022-06-01,Flevoland,-1.2003320939717053,,-1.5932187945680407,0.0,-0.9524340992609523
1070,2022-06-01,Friesland,-1.4199189853290397,-0.9562270695248972,-0.9007937248966186,0.0,-0.6815982209571082
1071,2022-06-01,Gelderland,-0.4317779742210358,-0.6866699559605512,-0.2083686552251964,-0.6872851265576272,0.9589488557843925
1072,2022-06-01,Groningen,-0.761158311257037,-0.9562270695248972,-0.4391770117823371,0.0,-1.0289073219540792
1073,2022-06-01,Limburg,-0.65136486557837,-0.9562270695248972,-0.2083686552251964,-2.5986159739463175,0.0075417125728072165
1074,2022-06-01,Noord-Brabant,-0.4317779742210358,-0.4171128423962051,-0.4391770117823371,0.0,1.359605384092034
1075,2022-06-01,Noord-Holland,-0.1023976371850346,-0.4171128423962051,-0.2083686552251964,2.276286747155494,1.0743410235384998
1076,2022-06-01,Overijssel,-1.2003320939717053,-1.4953412966535893,-1.1316020814537593,0.0,0.1062752550472887
1077,2022-06-01,Utrecht,-0.5415714198997029,-0.6866699559605512,-0.6699853683394779,0.13736712337300797,0.22667863763440532
1078,2022-06-01,Zeeland,-0.761158311257037,,-0.4391770117823371,0.0,-1.5053621895354865
1079,2022-06-01,Zuid-Holland,0.0073958084936324,-0.6866699559605512,-0.2083686552251964,0.9760088877102303,1.487081592756217
1080,2022-07-01,Drenthe,-1.2003320939717053,,-1.5932187945680407,0.0,-1.0521706297180344
1081,2022-07-01,Flevoland,-1.2003320939717053,,-1.1316020814537593,0.0,-0.9524340992609523
1082,2022-07-01,Friesland,-1.5297124310077066,-1.7648984102179353,-1.1316020814537593,0.0,-0.6815982209571082
1083,2022-07-01,Gelderland,-0.3219845285423687,-0.9562270695248972,-0.4391770117823371,-0.6872851265576272,0.9589488557843925
1084,2022-07-01,Groningen,-0.8709517569357041,-1.2257841830892433,-0.9007937248966186,0.0,-1.0289073219540792
1085,2022-07-01,Limburg,-0.65136486557837,-0.9562270695248972,-0.2083686552251964,-2.5986159739463175,0.0075417125728072165
1086,2022-07-01,Noord-Brabant,-0.4317779742210358,-0.9562270695248972,-0.4391770117823371,0.0,1.359605384092034
1087,2022-07-01,Noord-Holland,-0.2121910828637017,-0.9562270695248972,-0.6699853683394779,2.276286747155494,1.0743410235384998
1088,2022-07-01,Overijssel,-1.2003320939717053,-1.7648984102179353,-1.1316020814537593,0.0,0.1062752550472887
1089,2022-07-01,Utrecht,-0.65136486557837,-0.9562270695248972,-0.9007937248966186,0.13736712337300797,0.22667863763440532
1090,2022-07-01,Zeeland,-0.9807452026143711,,-0.6699853683394779,0.0,-1.5053621895354865
1091,2022-07-01,Zuid-Holland,0.0073958084936324,-0.9562270695248972,-0.4391770117823371,0.9760088877102303,1.487081592756217
1092,2022-08-01,Drenthe,-0.9807452026143711,,-0.6699853683394779,0.0,-1.0521706297180344
1093,2022-08-01,Flevoland,-1.0905386482930384,,-0.9007937248966186,0.0,-0.9524340992609523
1094,2022-08-01,Friesland,-1.3101255396503724,-1.4953412966535893,-0.6699853683394779,0.0,-0.6815982209571082
1095,2022-08-01,Gelderland,-0.1023976371850346,-0.6866699559605512,0.253248057889085,-0.6872851265576272,0.9589488557843925
1096,2022-08-01,Groningen,-0.761158311257037,-0.6866699559605512,-0.2083686552251964,0.0,-1.0289073219540792
1097,2022-08-01,Limburg,-0.3219845285423687,-0.4171128423962051,0.4840564144462256,-2.5986159739463175,0.0075417125728072165
1098,2022-08-01,Noord-Brabant,-0.3219845285423687,-0.6866699559605512,0.0224397013319442,0.0,1.359605384092034
1099,2022-08-01,Noord-Holland,-0.1023976371850346,-0.6866699559605512,-0.2083686552251964,2.276286747155494,1.0743410235384998
1100,2022-08-01,Overijssel,-1.0905386482930384,-1.2257841830892433,-0.6699853683394779,0.0,0.1062752550472887
1101,2022-08-01,Utrecht,-0.5415714198997029,-0.6866699559605512,-0.4391770117823371,0.13736712337300797,0.22667863763440532
1102,2022-08-01,Zeeland,-0.5415714198997029,,-0.2083686552251964,0.0,-1.5053621895354865
1103,2022-08-01,Zuid-Holland,0.1171892541722995,-0.6866699559605512,0.253248057889085,0.9760088877102303,1.487081592756217
1104,2022-09-01,Drenthe,-1.0905386482930384,,-1.3624104380109,0.0,-1.0521706297180344
1105,2022-09-01,Flevoland,-0.9807452026143711,,-1.1316020814537593,0.0,-0.9524340992609523
1106,2022-09-01,Friesland,-1.3101255396503724,-1.4953412966535893,-1.1316020814537593,0.0,-0.6815982209571082
1107,2022-09-01,Gelderland,0.0073958084936324,-0.9562270695248972,-0.4391770117823371,-0.6872851265576272,0.9589488557843925
1108,2022-09-01,Groningen,-0.4317779742210358,-0.6866699559605512,-0.2083686552251964,0.0,-1.0289073219540792
1109,2022-09-01,Limburg,-0.4317779742210358,-0.9562270695248972,-0.6699853683394779,-2.5986159739463175,0.0075417125728072165
1110,2022-09-01,Noord-Brabant,-0.1023976371850346,-0.6866699559605512,-0.6699853683394779,0.0,1.359605384092034
1111,2022-09-01,Noord-Holland,0.5563630368869679,-0.9562270695248972,-0.6699853683394779,2.276286747155494,1.0743410235384998
1112,2022-09-01,Overijssel,-0.9807452026143711,-1.4953412966535893,-1.1316020814537593,0.0,0.1062752550472887
1113,2022-09-01,Utrecht,0.0073958084936324,-0.9562270695248972,-0.9007937248966186,0.13736712337300797,0.22667863763440532
1114,2022-09-01,Zeeland,-0.8709517569357041,,-0.6699853683394779,0.0,-1.5053621895354865
1115,2022-09-01,Zuid-Holland,0.5563630368869679,-0.9562270695248972,-0.4391770117823371,0.9760088877102303,1.487081592756217
1116,2022-10-01,Drenthe,-0.8709517569357041,,-0.9007937248966186,0.0,-1.0521706297180344
1117,2022-10-01,Flevoland,-0.5415714198997029,,-0.6699853683394779,0.0,-0.9524340992609523
1118,2022-10-01,Friesland,-0.8709517569357041,-1.2257841830892433,-0.4391770117823371,0.0,-0.6815982209571082
1119,2022-10-01,Gelderland,0.1171892541722995,-0.4171128423962051,0.253248057889085,-0.6872851265576272,0.9589488557843925
1120,2022-10-01,Groningen,-0.3219845285423687,-0.6866699559605512,0.7148647710033664,0.0,-1.0289073219540792
1121,2022-10-01,Limburg,-0.5415714198997029,-0.6866699559605512,0.253248057889085,-2.5986159739463175,0.0075417125728072165
1122,2022-10-01,Noord-Brabant,0.0073958084936324,-0.1475557288318591,0.253248057889085,0.0,1.359605384092034
1123,2022-10-01,Noord-Holland,0.8857433739229691,-0.4171128423962051,0.253248057889085,2.276286747155494,1.0743410235384998
1124,2022-10-01,Overijssel,-0.65136486557837,-0.9562270695248972,-0.6699853683394779,0.0,0.1062752550472887
1125,2022-10-01,Utrecht,0.3367761455296337,-0.4171128423962051,-0.2083686552251964,0.13736712337300797,0.22667863763440532
1126,2022-10-01,Zeeland,-0.5415714198997029,,0.253248057889085,0.0,-1.5053621895354865
1127,2022-10-01,Zuid-Holland,0.8857433739229691,-0.4171128423962051,0.253248057889085,0.9760088877102303,1.487081592756217
1128,2022-11-01,Drenthe,-0.65136486557837,,-1.1316020814537593,0.0,-1.0521706297180344
1129,2022-11-01,Flevoland,-0.5415714198997029,,-1.1316020814537593,0.0,-0.9524340992609523
1130,2022-11-01,Friesland,-0.761158311257037,-0.6866699559605512,-1.1316020814537593,0.0,-0.6815982209571082
1131,2022-11-01,Gelderland,0.0073958084936324,-0.1475557288318591,-0.2083686552251964,-0.6872851265576272,0.9589488557843925
1132,2022-11-01,Groningen,-0.2121910828637017,-0.4171128423962051,0.4840564144462256,0.0,-1.0289073219540792
1133,2022-11-01,Limburg,-0.5415714198997029,-0.6866699559605512,-0.9007937248966186,-2.5986159739463175,0.0075417125728072165
1134,2022-11-01,Noord-Brabant,0.1171892541722995,-0.1475557288318591,-0.4391770117823371,0.0,1.359605384092034
1135,2022-11-01,Noord-Holland,0.8857433739229691,0.1220013847324868,-0.2083686552251964,2.276286747155494,1.0743410235384998
1136,2022-11-01,Overijssel,-0.5415714198997029,-0.6866699559605512,-1.1316020814537593,0.0,0.1062752550472887
1137,2022-11-01,Utrecht,0.3367761455296337,-0.1475557288318591,-0.6699853683394779,0.13736712337300797,0.22667863763440532
1138,2022-11-01,Zeeland,-0.4317779742210358,,-0.4391770117823371,0.0,-1.5053621895354865
1139,2022-11-01,Zuid-Holland,0.775949928244302,-0.1475557288318591,-0.2083686552251964,0.9760088877102303,1.487081592756217
1140,2022-12-01,Drenthe,-0.4317779742210358,,0.0224397013319442,0.0,-1.0521706297180344
1141,2022-12-01,Flevoland,-0.1023976371850346,,0.0224397013319442,0.0,-0.9524340992609523
1142,2022-12-01,Friesland,-0.5415714198997029,0.1220013847324868,-0.4391770117823371,0.0,-0.6815982209571082
1143,2022-12-01,Gelderland,0.3367761455296337,1.4697869525542169,1.4072898406747885,-0.6872851265576272,0.9589488557843925
1144,2022-12-01,Groningen,0.2269826998509666,0.6611156118611788,1.4072898406747885,0.0,-1.0289073219540792
1145,2022-12-01,Limburg,-0.1023976371850346,1.4697869525542169,0.4840564144462256,-2.5986159739463175,0.0075417125728072165
1146,2022-12-01,Noord-Brabant,0.5563630368869679,1.4697869525542169,0.9456731275605073,0.0,1.359605384092034
1147,2022-12-01,Noord-Holland,1.3249171566376374,1.4697869525542169,0.7148647710033664,2.276286747155494,1.0743410235384998
1148,2022-12-01,Overijssel,-0.3219845285423687,1.4697869525542169,0.4840564144462256,0.0,0.1062752550472887
1149,2022-12-01,Utrecht,0.666156482565635,1.4697869525542169,0.4840564144462256,0.13736712337300797,0.22667863763440532
1150,2022-12-01,Zeeland,0.1171892541722995,,0.9456731275605073,0.0,-1.5053621895354865
1151,2022-12-01,Zuid-Holland,1.3249171566376374,1.200229838989871,0.9456731275605073,0.9760088877102303,1.487081592756217
1152,2023-01-01,Drenthe,-1.0905386482930384,,-1.5932187945680407,0.0,-1.0521706297180344
1153,2023-01-01,Flevoland,-0.8709517569357041,,-1.1316020814537593,0.0,-0.9524340992609523
1154,2023-01-01,Friesland,-1.2003320939717053,-1.4953412966535893,-1.1316020814537593,0.0,-0.6815982209571082
1155,2023-01-01,Gelderland,-0.3219845285423687,-0.1475557288318591,-0.2083686552251964,-0.6872851265576272,0.9589488557843925
1156,2023-01-01,Groningen,-0.5415714198997029,-0.9562270695248972,0.0224397013319442,0.0,-1.0289073219540792
1157,2023-01-01,Limburg,-0.5415714198997029,0.1220013847324868,-0.6699853683394779,-2.5986159739463175,0.0075417125728072165
1158,2023-01-01,Noord-Brabant,-0.1023976371850346,0.3915584982968328,-0.4391770117823371,0.0,1.359605384092034
1159,2023-01-01,Noord-Holland,0.2269826998509666,-0.1475557288318591,-0.2083686552251964,2.276286747155494,1.0743410235384998
1160,2023-01-01,Overijssel,-0.9807452026143711,-0.1475557288318591,-0.9007937248966186,0.0,0.1062752550472887
1161,2023-01-01,Utrecht,-0.2121910828637017,-0.1475557288318591,-0.6699853683394779,0.13736712337300797,0.22667863763440532
1162,2023-01-01,Zeeland,-0.761158311257037,,-0.2083686552251964,0.0,-1.5053621895354865
1163,2023-01-01,Zuid-Holland,0.3367761455296337,-0.1475557288318591,0.0224397013319442,0.9760088877102303,1.487081592756217
1164,2023-02-01,Drenthe,-0.761158311257037,,-0.2083686552251964,0.0,-1.0521706297180344
1165,2023-02-01,Flevoland,-0.4317779742210358,,0.4840564144462256,0.0,-0.9524340992609523
1166,2023-02-01,Friesland,-0.8709517569357041,-0.6866699559605512,0.253248057889085,0.0,-0.6815982209571082
1167,2023-02-01,Gelderland,0.4465695912083007,0.9306727254255248,1.6380981972319293,-0.6872851265576272,0.9589488557843925
1168,2023-02-01,Groningen,-0.1023976371850346,0.1220013847324868,2.0997149103462105,0.0,-1.0289073219540792
1169,2023-02-01,Limburg,-0.1023976371850346,0.9306727254255248,0.7148647710033664,-2.5986159739463175,0.0075417125728072165
1170,2023-02-01,Noord-Brabant,0.4465695912083007,1.7393440661185628,1.4072898406747885,0.0,1.359605384092034
1171,2023-02-01,Noord-Holland,1.1053302652803032,1.200229838989871,1.4072898406747885,2.276286747155494,1.0743410235384998
1172,2023-02-01,Overijssel,-0.4317779742210358,0.9306727254255248,0.9456731275605073,0.0,0.1062752550472887
1173,2023-02-01,Utrecht,0.5563630368869679,0.9306727254255248,0.9456731275605073,0.13736712337300797,0.22667863763440532
1174,2023-02-01,Zeeland,-0.1023976371850346,,1.4072898406747885,0.0,-1.5053621895354865
1175,2023-02-01,Zuid-Holland,1.4347106023163043,1.200229838989871,1.6380981972319293,0.9760088877102303,1.487081592756217
1176,2023-03-01,Drenthe,-1.2003320939717053,,-1.824027151125181,0.0,-1.0521706297180344
1177,2023-03-01,Flevoland,-1.0905386482930384,,-1.3624104380109,0.0,-0.9524340992609523
1178,2023-03-01,Friesland,-1.3101255396503724,-1.4953412966535893,-0.9007937248966186,0.0,-0.6815982209571082
1179,2023-03-01,Gelderland,-0.4317779742210358,-0.6866699559605512,-0.6699853683394779,-0.6872851265576272,0.9589488557843925
1180,2023-03-01,Groningen,-0.5415714198997029,-1.2257841830892433,0.0224397013319442,0.0,-1.0289073219540792
1181,2023-03-01,Limburg,-0.65136486557837,-0.6866699559605512,-0.9007937248966186,-2.5986159739463175,0.0075417125728072165
1182,2023-03-01,Noord-Brabant,-0.2121910828637017,-0.6866699559605512,-0.9007937248966186,0.0,1.359605384092034
1183,2023-03-01,Noord-Holland,0.2269826998509666,-0.4171128423962051,-0.4391770117823371,2.276286747155494,1.0743410235384998
1184,2023-03-01,Overijssel,-1.0905386482930384,-1.2257841830892433,-1.1316020814537593,0.0,0.1062752550472887
1185,2023-03-01,Utrecht,-0.3219845285423687,-0.6866699559605512,-0.9007937248966186,0.13736712337300797,0.22667863763440532
1186,2023-03-01,Zeeland,-0.8709517569357041,,-0.6699853683394779,0.0,-1.5053621895354865
1187,2023-03-01,Zuid-Holland,0.3367761455296337,-0.6866699559605512,-0.4391770117823371,0.9760088877102303,1.487081592756217
1188,2023-04-01,Drenthe,-1.2003320939717053,,-0.4391770117823371,0.0,-1.0521706297180344
1189,2023-04-01,Flevoland,-1.3101255396503724,,-1.1316020814537593,0.0,-0.9524340992609523
1190,2023-04-01,Friesland,-1.3101255396503724,-0.4171128423962051,-0.6699853683394779,0.0,-0.6815982209571082
1191,2023-04-01,Gelderland,-0.4317779742210358,-0.4171128423962051,-0.4391770117823371,-0.6872851265576272,0.9589488557843925
1192,2023-04-01,Groningen,-0.761158311257037,-0.4171128423962051,0.4840564144462256,0.0,-1.0289073219540792
1193,2023-04-01,Limburg,-0.761158311257037,-0.4171128423962051,-0.6699853683394779,-2.5986159739463175,0.0075417125728072165
1194,2023-04-01,Noord-Brabant,-0.4317779742210358,-0.1475557288318591,-0.4391770117823371,0.0,1.359605384092034
1195,2023-04-01,Noord-Holland,-0.1023976371850346,0.1220013847324868,-0.2083686552251964,2.276286747155494,1.0743410235384998
1196,2023-04-01,Overijssel,-1.2003320939717053,-0.4171128423962051,-0.6699853683394779,0.0,0.1062752550472887
1197,2023-04-01,Utrecht,-0.65136486557837,-0.1475557288318591,-0.9007937248966186,0.13736712337300797,0.22667863763440532
1198,2023-04-01,Zeeland,-0.761158311257037,,0.0224397013319442,0.0,-1.5053621895354865
1199,2023-04-01,Zuid-Holland,0.0073958084936324,0.1220013847324868,0.0224397013319442,0.9760088877102303,1.487081592756217
1200,2023-05-01,Drenthe,-1.2003320939717053,,-0.2083686552251964,0.0,-1.0521706297180344
1201,2023-05-01,Flevoland,-1.3101255396503724,,-0.6699853683394779,0.0,-0.9524340992609523
1202,2023-05-01,Friesland,-1.5297124310077066,-1.2257841830892433,-0.4391770117823371,0.0,-0.6815982209571082
1203,2023-05-01,Gelderland,-0.5415714198997029,-0.1475557288318591,0.4840564144462256,-0.6872851265576272,0.9589488557843925
1204,2023-05-01,Groningen,-0.9807452026143711,-0.9562270695248972,0.7148647710033664,0.0,-1.0289073219540792
1205,2023-05-01,Limburg,-0.761158311257037,-0.4171128423962051,0.7148647710033664,-2.5986159739463175,0.0075417125728072165
1206,2023-05-01,Noord-Brabant,-0.5415714198997029,-0.1475557288318591,0.253248057889085,0.0,1.359605384092034
1207,2023-05-01,Noord-Holland,-0.3219845285423687,-0.1475557288318591,0.253248057889085,2.276286747155494,1.0743410235384998
1208,2023-05-01,Overijssel,-1.3101255396503724,-0.6866699559605512,-0.2083686552251964,0.0,0.1062752550472887
1209,2023-05-01,Utrecht,-0.8709517569357041,-0.4171128423962051,0.0224397013319442,0.13736712337300797,0.22667863763440532
1210,2023-05-01,Zeeland,-0.65136486557837,,1.4072898406747885,0.0,-1.5053621895354865
1211,2023-05-01,Zuid-Holland,-0.2121910828637017,-0.1475557288318591,0.4840564144462256,0.9760088877102303,1.487081592756217
1212,2023-06-01,Drenthe,-0.8709517569357041,,0.0224397013319442,0.0,-1.0521706297180344
1213,2023-06-01,Flevoland,-1.0905386482930384,,-0.4391770117823371,0.0,-0.9524340992609523
1214,2023-06-01,Friesland,-1.4199189853290397,-1.4953412966535893,-0.4391770117823371,0.0,-0.6815982209571082
1215,2023-06-01,Gelderland,-0.3219845285423687,-0.4171128423962051,0.4840564144462256,-0.6872851265576272,0.9589488557843925
1216,2023-06-01,Groningen,-0.8709517569357041,-1.2257841830892433,0.7148647710033664,0.0,-1.0289073219540792
1217,2023-06-01,Limburg,-0.65136486557837,-0.1475557288318591,1.176481484117648,-2.5986159739463175,0.0075417125728072165
1218,2023-06-01,Noord-Brabant,-0.5415714198997029,-0.4171128423962051,0.253248057889085,0.0,1.359605384092034
1219,2023-06-01,Noord-Holland,-0.3219845285423687,-0.4171128423962051,0.253248057889085,2.276286747155494,1.0743410235384998
1220,2023-06-01,Overijssel,-1.0905386482930384,-0.6866699559605512,0.0224397013319442,0.0,0.1062752550472887
1221,2023-06-01,Utrecht,-0.761158311257037,-0.4171128423962051,0.0224397013319442,0.13736712337300797,0.22667863763440532
1222,2023-06-01,Zeeland,-0.5415714198997029,,0.4840564144462256,0.0,-1.5053621895354865
1223,2023-06-01,Zuid-Holland,-0.1023976371850346,-0.4171128423962051,0.4840564144462256,0.9760088877102303,1.487081592756217
1224,2023-07-01,Drenthe,-1.2003320939717053,,-1.5932187945680407,0.0,-1.0521706297180344
1225,2023-07-01,Flevoland,-1.2003320939717053,,-1.3624104380109,0.0,-0.9524340992609523
1226,2023-07-01,Friesland,-1.4199189853290397,-1.7648984102179353,-1.3624104380109,0.0,-0.6815982209571082
1227,2023-07-01,Gelderland,-0.5415714198997029,-1.2257841830892433,-0.9007937248966186,-0.6872851265576272,0.9589488557843925
1228,2023-07-01,Groningen,-0.8709517569357041,-1.7648984102179353,-0.6699853683394779,0.0,-1.0289073219540792
1229,2023-07-01,Limburg,-0.9807452026143711,-1.2257841830892433,-0.6699853683394779,-2.5986159739463175,0.0075417125728072165
1230,2023-07-01,Noord-Brabant,-0.65136486557837,-0.9562270695248972,-0.9007937248966186,0.0,1.359605384092034
1231,2023-07-01,Noord-Holland,-0.4317779742210358,-1.2257841830892433,-0.6699853683394779,2.276286747155494,1.0743410235384998
1232,2023-07-01,Overijssel,-1.0905386482930384,-1.4953412966535893,-1.1316020814537593,0.0,0.1062752550472887
1233,2023-07-01,Utrecht,-0.65136486557837,-0.9562270695248972,-1.1316020814537593,0.13736712337300797,0.22667863763440532
1234,2023-07-01,Zeeland,-1.2003320939717053,,-0.9007937248966186,0.0,-1.5053621895354865
1235,2023-07-01,Zuid-Holland,-0.3219845285423687,-1.2257841830892433,-0.6699853683394779,0.9760088877102303,1.487081592756217
1236,2023-08-01,Drenthe,-1.3101255396503724,,-1.824027151125181,0.0,-1.0521706297180344
1237,2023-08-01,Flevoland,-1.2003320939717053,,-1.3624104380109,0.0,-0.9524340992609523
1238,2023-08-01,Friesland,-1.4199189853290397,-1.2257841830892433,-1.1316020814537593,0.0,-0.6815982209571082
1239,2023-08-01,Gelderland,-0.5415714198997029,-0.9562270695248972,-0.9007937248966186,-0.6872851265576272,0.9589488557843925
1240,2023-08-01,Groningen,-0.8709517569357041,-1.4953412966535893,-0.6699853683394779,0.0,-1.0289073219540792
1241,2023-08-01,Limburg,-0.8709517569357041,-1.2257841830892433,-0.6699853683394779,-2.5986159739463175,0.0075417125728072165
1242,2023-08-01,Noord-Brabant,-0.5415714198997029,-0.9562270695248972,-1.1316020814537593,0.0,1.359605384092034
1243,2023-08-01,Noord-Holland,-0.2121910828637017,-1.2257841830892433,-1.1316020814537593,2.276286747155494,1.0743410235384998
1244,2023-08-01,Overijssel,-1.2003320939717053,-1.2257841830892433,-1.3624104380109,0.0,0.1062752550472887
1245,2023-08-01,Utrecht,-0.4317779742210358,-0.9562270695248972,-1.1316020814537593,0.13736712337300797,0.22667863763440532
1246,2023-08-01,Zeeland,-1.0905386482930384,,-1.1316020814537593,0.0,-1.5053621895354865
1247,2023-08-01,Zuid-Holland,-0.1023976371850346,-1.2257841830892433,-0.9007937248966186,0.9760088877102303,1.487081592756217
1248,2023-09-01,Drenthe,-0.9807452026143711,,-0.6699853683394779,0.0,-1.0521706297180344
1249,2023-09-01,Flevoland,-1.0905386482930384,,-0.4391770117823371,0.0,-0.9524340992609523
1250,2023-09-01,Friesland,-1.2003320939717053,-0.4171128423962051,-0.4391770117823371,0.0,-0.6815982209571082
1251,2023-09-01,Gelderland,0.0073958084936324,-0.1475557288318591,0.0224397013319442,-0.6872851265576272,0.9589488557843925
1252,2023-09-01,Groningen,-0.4317779742210358,-0.4171128423962051,0.253248057889085,0.0,-1.0289073219540792
1253,2023-09-01,Limburg,-0.65136486557837,-0.6866699559605512,0.0224397013319442,-2.5986159739463175,0.0075417125728072165
1254,2023-09-01,Noord-Brabant,-0.1023976371850346,0.1220013847324868,0.0224397013319442,0.0,1.359605384092034
1255,2023-09-01,Noord-Holland,0.5563630368869679,0.1220013847324868,0.4840564144462256,2.276286747155494,1.0743410235384998
1256,2023-09-01,Overijssel,-0.9807452026143711,-0.4171128423962051,-0.2083686552251964,0.0,0.1062752550472887
1257,2023-09-01,Utrecht,-0.1023976371850346,0.1220013847324868,0.0224397013319442,0.13736712337300797,0.22667863763440532
1258,2023-09-01,Zeeland,-0.4317779742210358,,0.0224397013319442,0.0,-1.5053621895354865
1259,2023-09-01,Zuid-Holland,0.775949928244302,0.1220013847324868,0.7148647710033664,0.9760088877102303,1.487081592756217
1260,2023-10-01,Drenthe,-1.0905386482930384,,-1.824027151125181,0.0,-1.0521706297180344
1261,2023-10-01,Flevoland,-0.9807452026143711,,-1.3624104380109,0.0,-0.9524340992609523
1262,2023-10-01,Friesland,-1.2003320939717053,-0.6866699559605512,-1.3624104380109,0.0,-0.6815982209571082
1263,2023-10-01,Gelderland,-0.3219845285423687,-0.4171128423962051,-0.6699853683394779,-0.6872851265576272,0.9589488557843925
1264,2023-10-01,Groningen,-0.65136486557837,-1.2257841830892433,-0.4391770117823371,0.0,-1.0289073219540792
1265,2023-10-01,Limburg,-0.65136486557837,-0.9562270695248972,-0.6699853683394779,-2.5986159739463175,0.0075417125728072165
1266,2023-10-01,Noord-Brabant,-0.2121910828637017,-0.4171128423962051,-0.6699853683394779,0.0,1.359605384092034
1267,2023-10-01,Noord-Holland,0.2269826998509666,-0.6866699559605512,-0.4391770117823371,2.276286747155494,1.0743410235384998
1268,2023-10-01,Overijssel,-0.9807452026143711,-0.6866699559605512,-1.1316020814537593,0.0,0.1062752550472887
1269,2023-10-01,Utrecht,-0.2121910828637017,-0.4171128423962051,-0.9007937248966186,0.13736712337300797,0.22667863763440532
1270,2023-10-01,Zeeland,-0.761158311257037,,-0.4391770117823371,0.0,-1.5053621895354865
1271,2023-10-01,Zuid-Holland,0.4465695912083007,-0.6866699559605512,-0.2083686552251964,0.9760088877102303,1.487081592756217
1272,2023-11-01,Drenthe,-1.2003320939717053,,-2.054835507682322,0.0,-1.0521706297180344
1273,2023-11-01,Flevoland,-0.8709517569357041,,-1.5932187945680407,0.0,-0.9524340992609523
1274,2023-11-01,Friesland,-1.2003320939717053,-0.9562270695248972,-1.824027151125181,0.0,-0.6815982209571082
1275,2023-11-01,Gelderland,-0.3219845285423687,-0.4171128423962051,-0.9007937248966186,-0.6872851265576272,0.9589488557843925
1276,2023-11-01,Groningen,-0.4317779742210358,-1.4953412966535893,-0.6699853683394779,0.0,-1.0289073219540792
1277,2023-11-01,Limburg,-0.761158311257037,-0.9562270695248972,-1.3624104380109,-2.5986159739463175,0.0075417125728072165
1278,2023-11-01,Noord-Brabant,-0.2121910828637017,-0.4171128423962051,-1.1316020814537593,0.0,1.359605384092034
1279,2023-11-01,Noord-Holland,0.3367761455296337,-0.6866699559605512,-0.9007937248966186,2.276286747155494,1.0743410235384998
1280,2023-11-01,Overijssel,-0.8709517569357041,-0.6866699559605512,-1.5932187945680407,0.0,0.1062752550472887
1281,2023-11-01,Utrecht,-0.1023976371850346,-0.4171128423962051,-1.3624104380109,0.13736712337300797,0.22667863763440532
1282,2023-11-01,Zeeland,-0.8709517569357041,,-0.9007937248966186,0.0,-1.5053621895354865
1283,2023-11-01,Zuid-Holland,0.3367761455296337,-0.9562270695248972,-0.9007937248966186,0.9760088877102303,1.487081592756217
1284,2023-12-01,Drenthe,-0.9807452026143711,,-1.3624104380109,0.0,-1.0521706297180344
1285,2023-12-01,Flevoland,-0.761158311257037,,-0.9007937248966186,0.0,-0.9524340992609523
1286,2023-12-01,Friesland,-1.0905386482930384,0.1220013847324868,-0.9007937248966186,0.0,-0.6815982209571082
1287,2023-12-01,Gelderland,-0.2121910828637017,0.1220013847324868,-0.4391770117823371,-0.6872851265576272,0.9589488557843925
1288,2023-12-01,Groningen,-0.5415714198997029,-0.4171128423962051,0.4840564144462256,0.0,-1.0289073219540792
1289,2023-12-01,Limburg,-0.65136486557837,-0.4171128423962051,-1.1316020814537593,-2.5986159739463175,0.0075417125728072165
1290,2023-12-01,Noord-Brabant,-0.2121910828637017,0.3915584982968328,-0.6699853683394779,0.0,1.359605384092034
1291,2023-12-01,Noord-Holland,0.3367761455296337,0.1220013847324868,0.0224397013319442,2.276286747155494,1.0743410235384998
1292,2023-12-01,Overijssel,-0.761158311257037,-0.4171128423962051,-0.6699853683394779,0.0,0.1062752550472887
1293,2023-12-01,Utrecht,-0.1023976371850346,0.1220013847324868,-0.6699853683394779,0.13736712337300797,0.22667863763440532
1294,2023-12-01,Zeeland,-0.761158311257037,,-0.4391770117823371,0.0,-1.5053621895354865
1295,2023-12-01,Zuid-Holland,0.4465695912083007,0.1220013847324868,0.0224397013319442,0.9760088877102303,1.487081592756217
1296,2024-01-01,Drenthe,-0.9807452026143711,,-1.1316020814537593,0.0,-1.0521706297180344
1297,2024-01-01,Flevoland,-0.761158311257037,,-0.6699853683394779,0.0,-0.9524340992609523
1298,2024-01-01,Friesland,-1.0905386482930384,0.1220013847324868,-0.9007937248966186,0.0,-0.6815982209571082
1299,2024-01-01,Gelderland,0.0073958084936324,0.6611156118611788,0.0224397013319442,-0.6872851265576272,0.9589488557843925
1300,2024-01-01,Groningen,-0.4317779742210358,-0.6866699559605512,0.4840564144462256,0.0,-1.0289073219540792
1301,2024-01-01,Limburg,-0.1023976371850346,0.6611156118611788,0.0224397013319442,-2.5986159739463175,0.0075417125728072165
1302,2024-01-01,Noord-Brabant,0.1171892541722995,1.4697869525542169,0.0224397013319442,0.0,1.359605384092034
1303,2024-01-01,Noord-Holland,0.5563630368869679,0.1220013847324868,0.0224397013319442,2.276286747155494,1.0743410235384998
1304,2024-01-01,Overijssel,-0.761158311257037,0.1220013847324868,-0.6699853683394779,0.0,0.1062752550472887
1305,2024-01-01,Utrecht,0.2269826998509666,0.6611156118611788,-0.2083686552251964,0.13736712337300797,0.22667863763440532
1306,2024-01-01,Zeeland,-0.5415714198997029,,-0.2083686552251964,0.0,-1.5053621895354865
1307,2024-01-01,Zuid-Holland,0.775949928244302,-0.1475557288318591,0.0224397013319442,0.9760088877102303,1.487081592756217
1308,2024-02-01,Drenthe,-1.0905386482930384,,-1.3624104380109,0.0,-1.0521706297180344
1309,2024-02-01,Flevoland,-0.8709517569357041,,-1.1316020814537593,0.0,-0.9524340992609523
1310,2024-02-01,Friesland,-1.0905386482930384,-1.2257841830892433,-0.9007937248966186,0.0,-0.6815982209571082
1311,2024-02-01,Gelderland,-0.4317779742210358,-0.1475557288318591,-0.6699853683394779,-0.6872851265576272,0.9589488557843925
1312,2024-02-01,Groningen,-0.5415714198997029,-0.6866699559605512,0.253248057889085,0.0,-1.0289073219540792
1313,2024-02-01,Limburg,-0.761158311257037,-0.4171128423962051,-1.1316020814537593,-2.5986159739463175,0.0075417125728072165
1314,2024-02-01,Noord-Brabant,-0.3219845285423687,-0.4171128423962051,-0.9007937248966186,0.0,1.359605384092034
1315,2024-02-01,Noord-Holland,0.3367761455296337,-0.4171128423962051,-0.4391770117823371,2.276286747155494,1.0743410235384998
1316,2024-02-01,Overijssel,-0.8709517569357041,-0.6866699559605512,-0.9007937248966186,0.0,0.1062752550472887
1317,2024-02-01,Utrecht,-0.1023976371850346,-0.1475557288318591,-0.9007937248966186,0.13736712337300797,0.22667863763440532
1318,2024-02-01,Zeeland,-0.761158311257037,,-0.9007937248966186,0.0,-1.5053621895354865
1319,2024-02-01,Zuid-Holland,0.5563630368869679,-0.4171128423962051,-0.2083686552251964,0.9760088877102303,1.487081592756217
1320,2024-03-01,Drenthe,-1.0905386482930384,,-0.2083686552251964,0.0,-1.0521706297180344
1321,2024-03-01,Flevoland,-1.0905386482930384,,-0.4391770117823371,0.0,-0.9524340992609523
1322,2024-03-01,Friesland,-1.2003320939717053,0.3915584982968328,0.253248057889085,0.0,-0.6815982209571082
1323,2024-03-01,Gelderland,-0.3219845285423687,0.9306727254255248,0.253248057889085,-0.6872851265576272,0.9589488557843925
1324,2024-03-01,Groningen,-0.65136486557837,0.9306727254255248,1.4072898406747885,0.0,-1.0289073219540792
1325,2024-03-01,Limburg,-0.65136486557837,-0.4171128423962051,-0.9007937248966186,-2.5986159739463175,0.0075417125728072165
1326,2024-03-01,Noord-Brabant,-0.2121910828637017,0.3915584982968328,-0.2083686552251964,0.0,1.359605384092034
1327,2024-03-01,Noord-Holland,0.3367761455296337,0.6611156118611788,0.253248057889085,2.276286747155494,1.0743410235384998
1328,2024-03-01,Overijssel,-1.0905386482930384,0.1220013847324868,0.253248057889085,0.0,0.1062752550472887
1329,2024-03-01,Utrecht,-0.3219845285423687,0.6611156118611788,-0.2083686552251964,0.13736712337300797,0.22667863763440532
1330,2024-03-01,Zeeland,-0.5415714198997029,,0.0224397013319442,0.0,-1.5053621895354865
1331,2024-03-01,Zuid-Holland,0.5563630368869679,0.3915584982968328,0.253248057889085,0.9760088877102303,1.487081592756217
1332,2024-04-01,Drenthe,-1.3101255396503724,,-1.824027151125181,0.0,-1.0521706297180344
1333,2024-04-01,Flevoland,-1.3101255396503724,-1.4953412966535893,-1.5932187945680407,0.0,-0.9524340992609523
1334,2024-04-01,Friesland,-1.4199189853290397,-1.2257841830892433,-1.5932187945680407,0.0,-0.6815982209571082
1335,2024-04-01,Gelderland,-0.761158311257037,-0.9562270695248972,-1.3624104380109,-0.6872851265576272,0.9589488557843925
1336,2024-04-01,Groningen,-0.8709517569357041,-0.9562270695248972,-0.9007937248966186,0.0,-1.0289073219540792
1337,2024-04-01,Limburg,-1.0905386482930384,-1.4953412966535893,-1.3624104380109,-2.5986159739463175,0.0075417125728072165
1338,2024-04-01,Noord-Brabant,-0.761158311257037,-0.9562270695248972,-1.3624104380109,0.0,1.359605384092034
1339,2024-04-01,Noord-Holland,-0.1023976371850346,-0.9562270695248972,-1.1316020814537593,2.276286747155494,1.0743410235384998
1340,2024-04-01,Overijssel,-1.3101255396503724,-1.7648984102179353,-1.5932187945680407,0.0,0.1062752550472887
1341,2024-04-01,Utrecht,-0.65136486557837,-0.6866699559605512,-1.3624104380109,0.13736712337300797,0.22667863763440532
1342,2024-04-01,Zeeland,-1.0905386482930384,,-1.3624104380109,0.0,-1.5053621895354865
1343,2024-04-01,Zuid-Holland,-0.1023976371850346,-1.2257841830892433,-1.1316020814537593,0.9760088877102303,1.487081592756217
1344,2024-05-01,Drenthe,-1.0905386482930384,,-0.9007937248966186,0.0,-1.0521706297180344
1345,2024-05-01,Flevoland,-1.2003320939717053,0.1220013847324868,-0.6699853683394779,0.0,-0.9524340992609523
1346,2024-05-01,Friesland,-1.3101255396503724,-0.6866699559605512,-0.9007937248966186,0.0,-0.6815982209571082
1347,2024-05-01,Gelderland,-0.65136486557837,0.1220013847324868,-0.2083686552251964,-0.6872851265576272,0.9589488557843925
1348,2024-05-01,Groningen,-0.8709517569357041,-0.4171128423962051,0.4840564144462256,0.0,-1.0289073219540792
1349,2024-05-01,Limburg,-0.8709517569357041,-0.1475557288318591,-0.2083686552251964,-2.5986159739463175,0.0075417125728072165
1350,2024-05-01,Noord-Brabant,-0.5415714198997029,0.3915584982968328,0.0224397013319442,0.0,1.359605384092034
1351,2024-05-01,Noord-Holland,0.0073958084936324,0.3915584982968328,0.0224397013319442,2.276286747155494,1.0743410235384998
1352,2024-05-01,Overijssel,-1.2003320939717053,-1.2257841830892433,-0.2083686552251964,0.0,0.1062752550472887
1353,2024-05-01,Utrecht,-0.65136486557837,0.3915584982968328,-0.4391770117823371,0.13736712337300797,0.22667863763440532
1354,2024-05-01,Zeeland,-0.761158311257037,,-0.2083686552251964,0.0,-1.5053621895354865
1355,2024-05-01,Zuid-Holland,0.1171892541722995,0.3915584982968328,0.253248057889085,0.9760088877102303,1.487081592756217
1356,2024-06-01,Drenthe,-1.4199189853290397,,-1.1316020814537593,0.0,-1.0521706297180344
1357,2024-06-01,Flevoland,-1.3101255396503724,-0.9562270695248972,-0.9007937248966186,0.0,-0.9524340992609523
1358,2024-06-01,Friesland,-1.5297124310077066,-1.4953412966535893,-1.3624104380109,0.0,-0.6815982209571082
1359,2024-06-01,Gelderland,-0.761158311257037,-0.4171128423962051,-0.2083686552251964,-0.6872851265576272,0.9589488557843925
1360,2024-06-01,Groningen,-0.9807452026143711,-0.9562270695248972,0.253248057889085,0.0,-1.0289073219540792
1361,2024-06-01,Limburg,-0.9807452026143711,-0.6866699559605512,-0.2083686552251964,-2.5986159739463175,0.0075417125728072165
1362,2024-06-01,Noord-Brabant,-0.65136486557837,-0.4171128423962051,-0.4391770117823371,0.0,1.359605384092034
1363,2024-06-01,Noord-Holland,-0.3219845285423687,-0.4171128423962051,-0.4391770117823371,2.276286747155494,1.0743410235384998
1364,2024-06-01,Overijssel,-1.4199189853290397,-1.2257841830892433,-0.9007937248966186,0.0,0.1062752550472887
1365,2024-06-01,Utrecht,-0.65136486557837,-0.4171128423962051,-0.6699853683394779,0.13736712337300797,0.22667863763440532
1366,2024-06-01,Zeeland,-0.9807452026143711,,-0.4391770117823371,0.0,-1.5053621895354865
1367,2024-06-01,Zuid-Holland,-0.1023976371850346,-0.6866699559605512,-0.2083686552251964,0.9760088877102303,1.487081592756217
1368,2024-07-01,Drenthe,-1.5297124310077066,,-1.3624104380109,0.0,-1.0521706297180344
1369,2024-07-01,Flevoland,-1.3101255396503724,-1.2257841830892433,-1.3624104380109,0.0,-0.9524340992609523
1370,2024-07-01,Friesland,-1.5297124310077066,-2.034455523782281,-1.5932187945680407,0.0,-0.6815982209571082
1371,2024-07-01,Gelderland,-0.761158311257037,-0.6866699559605512,-0.9007937248966186,-0.6872851265576272,0.9589488557843925
1372,2024-07-01,Groningen,-1.0905386482930384,-1.2257841830892433,-0.4391770117823371,0.0,-1.0289073219540792
1373,2024-07-01,Limburg,-0.9807452026143711,-1.2257841830892433,-0.6699853683394779,-2.5986159739463175,0.0075417125728072165
1374,2024-07-01,Noord-Brabant,-0.65136486557837,-0.6866699559605512,-0.6699853683394779,0.0,1.359605384092034
1375,2024-07-01,Noord-Holland,-0.3219845285423687,-0.9562270695248972,-0.9007937248966186,2.276286747155494,1.0743410235384998
1376,2024-07-01,Overijssel,-1.4199189853290397,-1.7648984102179353,-1.3624104380109,0.0,0.1062752550472887
1377,2024-07-01,Utrecht,-0.761158311257037,-0.9562270695248972,-0.9007937248966186,0.13736712337300797,0.22667863763440532
1378,2024-07-01,Zeeland,-0.9807452026143711,,-1.1316020814537593,0.0,-1.5053621895354865
1379,2024-07-01,Zuid-Holland,-0.1023976371850346,-0.9562270695248972,-0.6699853683394779,0.9760088877102303,1.487081592756217
1380,2024-08-01,Drenthe,-1.3101255396503724,,-0.6699853683394779,0.0,-1.0521706297180344
1381,2024-08-01,Flevoland,-1.2003320939717053,-0.6866699559605512,-0.6699853683394779,0.0,-0.9524340992609523
1382,2024-08-01,Friesland,-1.3101255396503724,-1.4953412966535893,-0.9007937248966186,0.0,-0.6815982209571082
1383,2024-08-01,Gelderland,-0.65136486557837,-0.4171128423962051,-0.2083686552251964,-0.6872851265576272,0.9589488557843925
1384,2024-08-01,Groningen,-0.9807452026143711,-0.9562270695248972,0.0224397013319442,0.0,-1.0289073219540792
1385,2024-08-01,Limburg,-0.8709517569357041,-0.6866699559605512,-0.2083686552251964,-2.5986159739463175,0.0075417125728072165
1386,2024-08-01,Noord-Brabant,-0.5415714198997029,0.1220013847324868,0.253248057889085,0.0,1.359605384092034
1387,2024-08-01,Noord-Holland,-0.2121910828637017,-0.4171128423962051,-0.2083686552251964,2.276286747155494,1.0743410235384998
1388,2024-08-01,Overijssel,-1.3101255396503724,-0.9562270695248972,-0.6699853683394779,0.0,0.1062752550472887
1389,2024-08-01,Utrecht,-0.5415714198997029,-0.4171128423962051,-0.2083686552251964,0.13736712337300797,0.22667863763440532
1390,2024-08-01,Zeeland,-0.9807452026143711,,-0.4391770117823371,0.0,-1.5053621895354865
1391,2024-08-01,Zuid-Holland,0.0073958084936324,-0.4171128423962051,0.0224397013319442,0.9760088877102303,1.487081592756217
1392,2024-09-01,Drenthe,-1.3101255396503724,,-0.2083686552251964,0.0,-1.0521706297180344
1393,2024-09-01,Flevoland,-1.0905386482930384,-0.1475557288318591,-0.4391770117823371,0.0,-0.9524340992609523
1394,2024-09-01,Friesland,-1.3101255396503724,-0.9562270695248972,-0.9007937248966186,0.0,-0.6815982209571082
1395,2024-09-01,Gelderland,-0.5415714198997029,-0.4171128423962051,0.0224397013319442,-0.6872851265576272,0.9589488557843925
1396,2024-09-01,Groningen,-0.761158311257037,-0.4171128423962051,0.253248057889085,0.0,-1.0289073219540792
1397,2024-09-01,Limburg,-0.761158311257037,-0.4171128423962051,-0.2083686552251964,-2.5986159739463175,0.0075417125728072165
1398,2024-09-01,Noord-Brabant,-0.5415714198997029,0.1220013847324868,0.0224397013319442,0.0,1.359605384092034
1399,2024-09-01,Noord-Holland,-0.1023976371850346,-0.1475557288318591,-0.2083686552251964,2.276286747155494,1.0743410235384998
1400,2024-09-01,Overijssel,-1.2003320939717053,-0.6866699559605512,-0.6699853683394779,0.0,0.1062752550472887
1401,2024-09-01,Utrecht,-0.4317779742210358,-0.1475557288318591,-0.2083686552251964,0.13736712337300797,0.22667863763440532
1402,2024-09-01,Zeeland,-0.9807452026143711,,-0.6699853683394779,0.0,-1.5053621895354865
1403,2024-09-01,Zuid-Holland,0.1171892541722995,-0.1475557288318591,0.253248057889085,0.9760088877102303,1.487081592756217
1404,2024-10-01,Drenthe,-1.0905386482930384,,-1.3624104380109,0.0,-1.0521706297180344
1405,2024-10-01,Flevoland,-0.65136486557837,-0.6866699559605512,-1.1316020814537593,0.0,-0.9524340992609523
1406,2024-10-01,Friesland,-0.9807452026143711,-1.7648984102179353,-1.824027151125181,0.0,-0.6815982209571082
1407,2024-10-01,Gelderland,-0.2121910828637017,-0.6866699559605512,-0.4391770117823371,-0.6872851265576272,0.9589488557843925
1408,2024-10-01,Groningen,-0.4317779742210358,-0.9562270695248972,-0.4391770117823371,0.0,-1.0289073219540792
1409,2024-10-01,Limburg,-0.5415714198997029,-0.9562270695248972,-1.1316020814537593,-2.5986159739463175,0.0075417125728072165
1410,2024-10-01,Noord-Brabant,-0.2121910828637017,-0.4171128423962051,-0.4391770117823371,0.0,1.359605384092034
1411,2024-10-01,Noord-Holland,0.5563630368869679,-0.6866699559605512,-0.6699853683394779,2.276286747155494,1.0743410235384998
1412,2024-10-01,Overijssel,-0.9807452026143711,-1.2257841830892433,-1.3624104380109,0.0,0.1062752550472887
1413,2024-10-01,Utrecht,0.0073958084936324,-0.1475557288318591,-0.9007937248966186,0.13736712337300797,0.22667863763440532
1414,2024-10-01,Zeeland,-0.5415714198997029,,-1.1316020814537593,0.0,-1.5053621895354865
1415,2024-10-01,Zuid-Holland,0.666156482565635,-0.6866699559605512,-0.4391770117823371,0.9760088877102303,1.487081592756217
1416,2024-11-01,Drenthe,-0.9807452026143711,,-1.1316020814537593,0.0,-1.0521706297180344
1417,2024-11-01,Flevoland,-0.5415714198997029,0.1220013847324868,-0.6699853683394779,0.0,-0.9524340992609523
1418,2024-11-01,Friesland,-1.0905386482930384,-0.6866699559605512,-1.3624104380109,0.0,-0.6815982209571082
1419,2024-11-01,Gelderland,0.0073958084936324,0.1220013847324868,-0.4391770117823371,-0.6872851265576272,0.9589488557843925
1420,2024-11-01,Groningen,-0.4317779742210358,-0.6866699559605512,-0.2083686552251964,0.0,-1.0289073219540792
1421,2024-11-01,Limburg,-0.4317779742210358,-0.1475557288318591,-0.9007937248966186,-2.5986159739463175,0.0075417125728072165
1422,2024-11-01,Noord-Brabant,0.1171892541722995,0.3915584982968328,-0.2083686552251964,0.0,1.359605384092034
1423,2024-11-01,Noord-Holland,0.5563630368869679,0.1220013847324868,0.0224397013319442,2.276286747155494,1.0743410235384998
1424,2024-11-01,Overijssel,-0.8709517569357041,-0.6866699559605512,-0.9007937248966186,0.0,0.1062752550472887
1425,2024-11-01,Utrecht,0.1171892541722995,0.6611156118611788,-0.2083686552251964,0.13736712337300797,0.22667863763440532
1426,2024-11-01,Zeeland,-0.5415714198997029,,-0.2083686552251964,0.0,-1.5053621895354865
1427,2024-11-01,Zuid-Holland,0.666156482565635,0.3915584982968328,0.253248057889085,0.9760088877102303,1.487081592756217
1428,2024-12-01,Drenthe,-0.9807452026143711,,-1.5932187945680407,0.0,-1.0521706297180344
1429,2024-12-01,Flevoland,-0.5415714198997029,0.1220013847324868,-0.9007937248966186,0.0,-0.9524340992609523
1430,2024-12-01,Friesland,-0.9807452026143711,-0.1475557288318591,-1.3624104380109,0.0,-0.6815982209571082
1431,2024-12-01,Gelderland,-0.3219845285423687,-0.4171128423962051,-0.9007937248966186,-0.6872851265576272,0.9589488557843925
1432,2024-12-01,Groningen,-0.5415714198997029,-0.6866699559605512,-0.4391770117823371,0.0,-1.0289073219540792
1433,2024-12-01,Limburg,-0.5415714198997029,-0.4171128423962051,-1.1316020814537593,-2.5986159739463175,0.0075417125728072165
1434,2024-12-01,Noord-Brabant,-0.3219845285423687,-0.1475557288318591,-0.6699853683394779,0.0,1.359605384092034
1435,2024-12-01,Noord-Holland,0.3367761455296337,0.1220013847324868,-0.2083686552251964,2.276286747155494,1.0743410235384998
1436,2024-12-01,Overijssel,-0.8709517569357041,-0.9562270695248972,-1.3624104380109,0.0,0.1062752550472887
1437,2024-12-01,Utrecht,-0.1023976371850346,0.3915584982968328,-0.6699853683394779,0.13736712337300797,0.22667863763440532
1438,2024-12-01,Zeeland,-0.761158311257037,,-0.2083686552251964,0.0,-1.5053621895354865
1439,2024-12-01,Zuid-Holland,0.3367761455296337,0.3915584982968328,0.0224397013319442,0.9760088877102303,1.487081592756217
