Year_Month,Province,Standardized_NO2,Standardized_PM25,Standardized_PM10
1990-01,Drenthe,1.2930522270099396,,
1990-01,Flevoland,1.578415432200161,,
1990-01,Friesland,1.215530291366284,,
1990-01,Gelderland,1.9324482133366123,,
1990-01,Groningen,1.2311446702377873,,
1990-01,Limburg,1.2582513851743906,,
1990-01,Noord-Brabant,1.5746566980177092,,
1990-01,Noord-Holland,2.028774854940252,,
1990-01,Overijssel,1.6312083871271383,,
1990-01,Utrecht,2.0778574655176048,,
1990-01,Zeeland,1.3359640736087877,,
1990-01,Zuid-Holland,2.114425692136717,,
1990-02,Drenthe,0.789178836583287,,
1990-02,Flevoland,1.053490685593972,,
1990-02,Friesland,0.5186831063870966,,
1990-02,Gelderland,1.8805067292135609,,
1990-02,Groningen,0.752068535154318,,
1990-02,Limburg,0.9324593908014184,,
1990-02,Noord-Brabant,1.3730624791234387,,
1990-02,Noord-Holland,1.925197048969423,,
1990-02,Overijssel,1.2031857144080365,,
1990-02,Utrecht,2.0787253604747895,,
1990-02,Zeeland,0.6652192493451775,,
1990-02,Zuid-Holland,1.989739896174769,,
1990-03,Drenthe,0.5145101495241298,,
1990-03,Flevoland,0.895453877380434,,
1990-03,Friesland,0.11517637616465398,,
1990-03,Gelderland,2.012620655121445,,
1990-03,Groningen,0.5777124959039509,,
1990-03,Limburg,1.6003952477105619,,
1990-03,Noord-Brabant,2.075968479790022,,
1990-03,Noord-Holland,1.9530260396976127,,
1990-03,Overijssel,0.9110266042605538,,
1990-03,Utrecht,2.274361274876918,,
1990-03,Zeeland,1.2474760573075363,,
1990-03,Zuid-Holland,2.342217415475924,,
1990-04,Drenthe,-0.11304608717021215,,
1990-04,Flevoland,0.17160055055937293,,
1990-04,Friesland,-0.5377511680952235,,
1990-04,Gelderland,1.851304217717418,,
1990-04,Groningen,0.7355238744680466,,
1990-04,Limburg,1.3149644412831152,,
1990-04,Noord-Brabant,2.094395407192803,,
1990-04,Noord-Holland,1.790279858546224,,
1990-04,Overijssel,-0.00057542579071481,,
1990-04,Utrecht,2.111802670268182,,
1990-04,Zeeland,0.9914109039796722,,
1990-04,Zuid-Holland,2.197979277269694,,
1990-05,Drenthe,-0.42805163795081086,,
1990-05,Flevoland,-0.2831498200234554,,
1990-05,Friesland,-0.9161221110988452,,
1990-05,Gelderland,2.0088832249128834,,
1990-05,Groningen,-0.2500585947227288,,
1990-05,Limburg,1.3254386566319178,,
1990-05,Noord-Brabant,2.464920760686277,,
1990-05,Noord-Holland,1.7643338437122023,,
1990-05,Overijssel,0.1734928367705831,,
1990-05,Utrecht,2.447260895175723,,
1990-05,Zeeland,0.8298942548538875,,
1990-05,Zuid-Holland,2.3793201845507297,,
1990-06,Drenthe,-0.40314921218678257,,
1990-06,Flevoland,-0.31671389265529176,,
1990-06,Friesland,-0.7659954480841883,,
1990-06,Gelderland,1.7896096260281564,,
1990-06,Groningen,-0.4130687294265358,,
1990-06,Limburg,0.9023082046141032,,
1990-06,Noord-Brabant,1.9518973375612696,,
1990-06,Noord-Holland,1.5968623204461594,,
1990-06,Overijssel,0.46865605257965176,,
1990-06,Utrecht,2.42051562438471,,
1990-06,Zeeland,-0.0972682036809577,,
1990-06,Zuid-Holland,2.008055297398294,,
1990-07,Drenthe,-0.8645446411442846,,
1990-07,Flevoland,-0.6095615513970605,,
1990-07,Friesland,-1.1443093635409782,,
1990-07,Gelderland,1.459796963767039,,
1990-07,Groningen,-0.6150571962878418,,
1990-07,Limburg,0.931499415511761,,
1990-07,Noord-Brabant,1.7765100137392118,,
1990-07,Noord-Holland,1.2458110892045064,,
1990-07,Overijssel,-0.11103666875619311,,
1990-07,Utrecht,2.0427064703768867,,
1990-07,Zeeland,0.19537260825537456,,
1990-07,Zuid-Holland,1.756219622841638,,
1990-08,Drenthe,-0.00016090166106354288,,
1990-08,Flevoland,0.11292232683329702,,
1990-08,Friesland,-0.2516690327763654,,
1990-08,Gelderland,2.014200008121076,,
1990-08,Groningen,0.27165323134999336,,
1990-08,Limburg,1.715737703256401,,
1990-08,Noord-Brabant,2.4279240354947262,,
1990-08,Noord-Holland,1.896943670001876,,
1990-08,Overijssel,0.8641821970285573,,
1990-08,Utrecht,2.6275749271014837,,
1990-08,Zeeland,0.8947767447560325,,
1990-08,Zuid-Holland,2.4005929075576624,,
1990-09,Drenthe,-0.03933786695720517,,
1990-09,Flevoland,0.5790663976664888,,
1990-09,Friesland,-0.6169611936654497,,
1990-09,Gelderland,1.848550634076601,,
1990-09,Groningen,-0.1692747129927359,,
1990-09,Limburg,1.6217339887655602,,
1990-09,Noord-Brabant,2.0290549289708752,,
1990-09,Noord-Holland,1.6017325806334386,,
1990-09,Overijssel,0.8734906239902755,,
1990-09,Utrecht,2.3294194497168457,,
1990-09,Zeeland,0.33248970352351354,,
1990-09,Zuid-Holland,1.9648364050114615,,
1990-10,Drenthe,1.222802700435237,,
1990-10,Flevoland,1.5033328958137555,,
1990-10,Friesland,1.195734322735318,,
1990-10,Gelderland,2.091216019764799,,
1990-10,Groningen,1.3858749081737318,,
1990-10,Limburg,1.6691844037949493,,
1990-10,Noord-Brabant,2.0826754671927366,,
1990-10,Noord-Holland,2.202497720298314,,
1990-10,Overijssel,1.749457537904601,,
1990-10,Utrecht,2.524994167922382,,
1990-10,Zeeland,1.6980179065567282,,
1990-10,Zuid-Holland,2.3958414095397282,,
1990-11,Drenthe,0.9702864461880985,,
1990-11,Flevoland,1.430554702724649,,
1990-11,Friesland,0.735327367111335,,
1990-11,Gelderland,2.080846919003141,,
1990-11,Groningen,1.1823341940634358,,
1990-11,Limburg,1.8216763115944687,,
1990-11,Noord-Brabant,1.9601947473171042,,
1990-11,Noord-Holland,2.202082411180308,,
1990-11,Overijssel,1.534850453368794,,
1990-11,Utrecht,2.5954620003313775,,
1990-11,Zeeland,1.6726461670159667,,
1990-11,Zuid-Holland,2.4399785517039874,,
1990-12,Drenthe,0.9303086016017205,,
1990-12,Flevoland,1.131410610352012,,
1990-12,Friesland,0.796089408489322,,
1990-12,Gelderland,1.8196928403156933,,
1990-12,Groningen,1.1418698352811032,,
1990-12,Limburg,1.7325718986956267,,
1990-12,Noord-Brabant,1.8985985524842919,,
1990-12,Noord-Holland,1.853165306031354,,
1990-12,Overijssel,1.1894344827217391,,
1990-12,Utrecht,2.321843812042718,,
1990-12,Zeeland,1.4965074181040796,,
1990-12,Zuid-Holland,2.075037238371196,,
2016-01,Drenthe,0.22371928429213533,,1.360287491172732
2016-01,Flevoland,0.6563584088392606,,0.6370902411057836
2016-01,Friesland,0.06177263634607493,1.7684722563889586,1.1901050553021957
2016-01,Gelderland,1.164091638500718,0.8858195229214617,0.8962680159532336
2016-01,Groningen,1.0978651932436738,2.2595675062587928,2.9625684741538336
2016-01,Limburg,0.8273146131757761,0.31311331890850336,-0.6241311614833224
2016-01,Noord-Brabant,1.1384835148381731,0.73718872978951,0.23663108118492876
2016-01,Noord-Holland,1.5615437920940431,1.4259187999339615,0.8596551716650069
2016-01,Overijssel,0.5422467397107954,1.9291641988948618,0.8046681900366088
2016-01,Utrecht,1.437201285553289,0.9119440055797515,
2016-01,Zeeland,0.29388961294463195,,
2016-01,Zuid-Holland,1.728604102228221,0.840986299179983,
2016-02,Drenthe,-0.597728674919865,,-1.0332435637318373
2016-02,Flevoland,0.052885833710913786,,-0.5560253981819637
2016-02,Friesland,-0.8881501152244183,-0.4032596917838868,-0.8338426030095394
2016-02,Gelderland,0.9436998448318883,0.33425629106797383,0.18686434430530677
2016-02,Groningen,0.4937108776557104,0.0893605333246761,0.8372013382860255
2016-02,Limburg,0.7580438561705055,0.49390115716295363,-0.6563060070918094
2016-02,Noord-Brabant,1.0086671495962545,0.38423225304650876,
2016-02,Noord-Holland,1.341069481158842,0.7645872251347088,
2016-02,Overijssel,-0.23509660373894967,0.5850473150025193,
2016-02,Utrecht,1.2242455985940848,0.3517022258447935,0.38007345153464006
2016-02,Zeeland,0.07651094229983611,,0.2163289210403602
2016-02,Zuid-Holland,1.6241770423759418,0.33974672048636884,0.6874776522437636
2016-03,Drenthe,-0.899674111624239,,-0.2086238243050146
2016-03,Flevoland,-0.3508494562879285,,0.047284893560264295
2016-03,Friesland,-0.9865256654694236,-0.035160952524352716,0.15343108026500024
2016-03,Gelderland,0.9676125468293696,1.2052877440490295,
2016-03,Groningen,0.4812957120697925,0.9247759392064591,
2016-03,Limburg,0.8193482952365156,1.8007837733710317,
2016-03,Noord-Brabant,0.858593967655594,1.4413096668985304,-0.2698916424695811
2016-03,Noord-Holland,1.2673222901698358,1.389663793377517,0.11401376671625844
2016-03,Overijssel,-0.6712759467151669,1.452564091829569,-0.8430328420992652
2016-03,Utrecht,1.0434154249967473,1.1559798349102062,-0.157595430282749
2016-03,Zeeland,0.07257996749087277,,-0.11485470381523705
2016-03,Zuid-Holland,1.4366097581204902,1.0977571904393952,0.28999356945405746
2016-04,Drenthe,-1.166449141897183,,
2016-04,Flevoland,-0.6055462034615569,,
2016-04,Friesland,-1.4792597809250592,-0.5758190197907208,
2016-04,Gelderland,0.5784217317317805,-0.25572109154161865,1.1994618928339875
2016-04,Groningen,0.1821491275232162,-0.08726034075674671,1.6163895122675267
2016-04,Limburg,0.3031621658611032,-0.17681972800010323,1.1684229270212256
2016-04,Noord-Brabant,0.4547318180435117,-0.07597415726334329,0.8942004505305127
2016-04,Noord-Holland,1.0411109807065368,0.3768819112499833,0.8144950578138425
2016-04,Overijssel,-0.9813580895961616,-0.10822398824817851,0.0806307899960668
2016-04,Utrecht,0.779564742676918,-0.308850968467646,0.5421663190825808
2016-04,Zeeland,-0.2921150846462501,,1.3330050929114454
2016-04,Zuid-Holland,1.2268966740772829,-0.15439692265504784,0.9111285997604812
2016-05,Drenthe,-1.0477840037283366,,-1.5156917646855745
2016-05,Flevoland,-0.7892645081786235,,-0.8389956744795708
2016-05,Friesland,-1.3627734174361883,-0.022955342478114912,-0.5169693815685412
2016-05,Gelderland,0.5507626553619943,-0.0691219728704477,-0.17326955058398896
2016-05,Groningen,0.0019848280113338316,-0.049203573908973786,0.7611321789237946
2016-05,Limburg,0.1731331375442702,0.0817959217087321,-0.7965125519487443
2016-05,Noord-Brabant,0.35939689827440613,0.5507017176652224,-0.6024651843447523
2016-05,Noord-Holland,0.8396460400747741,0.9250062949560978,-0.1271916115208215
2016-05,Overijssel,-1.1937953599764175,0.16866973753170783,-1.2132240120404543
2016-05,Utrecht,0.4368717856289124,0.0020184722792474883,
2016-05,Zeeland,-0.16228117619067867,,
2016-05,Zuid-Holland,0.9977056256763184,0.3031028702187144,
2016-06,Drenthe,-1.4151796653823838,,-0.6227784485831211
2016-06,Flevoland,-1.2459015213045643,,-0.0222598859106984
2016-06,Friesland,-1.648458252984565,-0.42647253410428443,0.3241768098590087
2016-06,Gelderland,0.19971047353966712,-0.6019161902701091,0.40286956739385166
2016-06,Groningen,-0.01025624356891038,-0.14302622283059,1.4329793798289778
2016-06,Limburg,0.0017274592275073805,0.5003544640262455,0.26423411884154274
2016-06,Noord-Brabant,0.19512436113608086,0.9322458597810358,
2016-06,Noord-Holland,0.6461412203782361,0.4530056603413365,
2016-06,Overijssel,-1.4560097191513812,-0.3624689525663683,
2016-06,Utrecht,0.3831457158700433,-0.20447470730661388,-0.6176906522151802
2016-06,Zeeland,-0.5655439230999476,,0.03421268513460017
2016-06,Zuid-Holland,0.9038518151791716,-0.1383161420757041,-0.19712399907697895
2016-07,Drenthe,-1.8540631405617174,,-0.8707347812616936
2016-07,Flevoland,-1.335309142999674,,-0.04051398605643113
2016-07,Friesland,-1.8592460680674154,-2.0541937231826917,0.6600291174230626
2016-07,Gelderland,0.316115765761767,-1.277407536641807,
2016-07,Groningen,-0.28512574859267,-1.1404256594705282,
2016-07,Limburg,-0.15066268308503541,-0.4739439490193256,
2016-07,Noord-Brabant,-0.04698284733152707,-0.08090352711297698,0.477820025032571
2016-07,Noord-Holland,0.5323513819094684,-0.18765055972454095,0.5850944143881879
2016-07,Overijssel,-1.3242275194704853,-1.3576873176536455,-0.11312802401789669
2016-07,Utrecht,0.42720393466904255,-1.0976624942232058,0.019859257030537286
2016-07,Zeeland,-1.1378252861418316,,1.1510409189278061
2016-07,Zuid-Holland,0.7591664522262032,-1.221286055984265,0.5489853466978972
2016-08,Drenthe,-1.4288880872296612,,
2016-08,Flevoland,-1.2025425038453628,,
2016-08,Friesland,-1.7179870115499236,-1.7220078817619704,
2016-08,Gelderland,0.37437089255575706,-1.3366093804769037,0.0823994060283099
2016-08,Groningen,-0.11264719501979323,-1.2451171392156075,1.7597274395646239
2016-08,Limburg,0.14244976284117972,-0.8553066975043728,0.3540771628070304
2016-08,Noord-Brabant,0.21376423438518252,-0.20088415506358315,0.4367747594943982
2016-08,Noord-Holland,0.7022529521862281,-0.15291078151933463,0.3789021706012384
2016-08,Overijssel,-1.3059102522367627,-1.516324281143588,0.07999616915758542
2016-08,Utrecht,0.39717880120063287,-0.8672362401606523,0.03463056375249367
2016-08,Zeeland,-0.5517476714743152,,0.6973560605614861
2016-08,Zuid-Holland,0.9123620715434527,-0.41551989809507955,0.4470825189114447
2016-09,Drenthe,-0.6267404496822238,,-1.418309355551678
2016-09,Flevoland,-0.3669605349013645,,-0.7693328894756604
2016-09,Friesland,-0.9789268646859822,-0.32340303990848995,-0.13940645878285388
2016-09,Gelderland,1.0386820885615478,-0.15426810521352333,-0.23474045760005605
2016-09,Groningen,0.5877169147201518,0.1841975685909079,-0.21800494283557587
2016-09,Limburg,0.7422053396343664,-0.18158336729204846,-0.10376980176639697
2016-09,Noord-Brabant,0.9070160627219808,0.7401026138621108,0.07485845057469394
2016-09,Noord-Holland,1.4216199281625506,0.5943452865513357,-0.24181797624382287
2016-09,Overijssel,-0.5276948355235459,-0.0738760809051969,-0.9394818838229836
2016-09,Utrecht,1.204163672221929,-0.35649083681517313,
2016-09,Zeeland,0.10124839217682605,,
2016-09,Zuid-Holland,1.624011772107677,0.5124537417675253,
2016-10,Drenthe,-0.6671592986246211,,-1.4265528236099028
2016-10,Flevoland,-0.329572165544595,,-0.6914864076720761
2016-10,Friesland,-0.74093116770454,-0.45890970933120473,-0.7623015679333582
2016-10,Gelderland,0.9498798597243557,0.4132606163247066,-0.7155212231292343
2016-10,Groningen,0.7533261485200765,0.3096580777511573,-0.40078992673309743
2016-10,Limburg,0.7400566949113603,0.7266369512278675,-0.4064638065937921
2016-10,Noord-Brabant,0.8733437535076768,1.1083914798626215,
2016-10,Noord-Holland,1.238085429844398,0.9226537836419447,
2016-10,Overijssel,-0.3909386604330951,0.30547395138818506,
2016-10,Utrecht,0.9687776138818165,0.2103005070544496,-0.4043018794792176
2016-10,Zeeland,0.3303382517756033,,-0.5519485982333677
2016-10,Zuid-Holland,1.459556475632926,0.7587989553033612,-0.36041383742099203
2016-11,Drenthe,0.06509725551265685,,0.2058610795822359
2016-11,Flevoland,0.49351580193629374,,0.9399244045903644
2016-11,Friesland,-0.040097180900939014,-0.08289930671023946,0.264419212911754
2016-11,Gelderland,1.3080785880039656,0.9064329860800486,
2016-11,Groningen,1.058897154036085,0.3439901197586502,
2016-11,Limburg,1.021390029031467,0.8884909549856675,
2016-11,Noord-Brabant,1.2279674603195982,1.2354036192661706,-0.1719841076418659
2016-11,Noord-Holland,1.6661794715521296,1.0029144870393816,0.033489425130966075
2016-11,Overijssel,0.36496097409797124,0.6065615517158148,-0.7631684894489323
2016-11,Utrecht,1.4714566867593473,0.7089528254139787,-0.4849458435241775
2016-11,Zeeland,0.6669998827059916,,0.9426002145660242
2016-11,Zuid-Holland,1.8249451754032453,0.7626782193260992,0.03297500647083927
2016-12,Drenthe,0.5182371904730864,,
2016-12,Flevoland,1.1631727457500571,,
2016-12,Friesland,0.8095650757272242,1.2349754143676714,
2016-12,Gelderland,1.6458570656830382,2.151895785935975,1.3818433220904802
2016-12,Groningen,1.4266539430744933,1.860495800307791,1.1350908062081644
2016-12,Limburg,1.45318524011127,2.004383822972121,0.9277890326087439
2016-12,Noord-Brabant,1.6523108802234379,2.4650590729800355,1.3537075350497159
2016-12,Noord-Holland,2.0159317424715115,2.494394241063891,1.0146727570171747
2016-12,Overijssel,0.9261014725830318,2.1473353176537637,0.5196790369991103
2016-12,Utrecht,1.8617171864677222,2.2321927400002872,0.7356078335710494
2016-12,Zeeland,1.3752616031962002,,0.9050492114734743
2016-12,Zuid-Holland,2.1322251241942802,2.4178623666585533,1.2737342272533139
2017-01,Drenthe,0.4581525324200569,,-0.8409923851647627
2017-01,Flevoland,0.7413993786758337,,0.27294683640109346
2017-01,Friesland,0.47978091787557786,2.046962626626113,-1.298006028126765
2017-01,Gelderland,1.6996270752540645,2.5168266905826635,0.5950904609418791
2017-01,Groningen,1.357266392261095,2.4450736625317764,0.7016160402789681
2017-01,Limburg,1.505981012868495,2.197075440249015,0.022904646812631976
2017-01,Noord-Brabant,1.64196129640753,2.5885999143010805,0.7560835225959806
2017-01,Noord-Holland,2.0117829228022694,2.472790125525754,0.35487315995919044
2017-01,Overijssel,0.6569289717105047,2.5377376158319116,-0.3756002594891463
2017-01,Utrecht,1.7979691369246067,2.2935234127869304,
2017-01,Zeeland,1.091771376011946,,
2017-01,Zuid-Holland,2.1342126356079554,2.2247330328835138,
2017-02,Drenthe,-0.33232049238390804,,-0.6795550880000895
2017-02,Flevoland,0.2601983379839265,,0.1490762980215963
2017-02,Friesland,-0.08285052111503821,2.797665729218909,-1.1334562332586369
2017-02,Gelderland,1.1973696005498795,2.724769421015955,0.8708250911822342
2017-02,Groningen,0.5881897908320429,2.263357480563478,0.9803600023758424
2017-02,Limburg,0.9796292620414466,2.015853009537947,0.02895874815655647
2017-02,Noord-Brabant,1.1854187874664046,2.621672796354178,
2017-02,Noord-Holland,1.5183863149955918,2.922966173820219,
2017-02,Overijssel,0.20828797607746055,2.659044863355917,
2017-02,Utrecht,1.265240927880004,2.5416235123127944,-0.24958573544643026
2017-02,Zeeland,0.6989173616496269,,0.33648790854893834
2017-02,Zuid-Holland,1.7668342743461307,2.6809362188010537,0.33099224120058046
2017-03,Drenthe,-0.5621197232121524,,1.4142503814282947
2017-03,Flevoland,-0.05802999807919806,,1.6335871944356335
2017-03,Friesland,-0.6358077501111739,0.1591430358525264,0.8866634698627338
2017-03,Gelderland,1.0908324528314113,0.30628784688896077,
2017-03,Groningen,0.5331302830838672,0.4721741135213509,
2017-03,Limburg,0.6634555649553397,0.256388610878321,
2017-03,Noord-Brabant,1.0091927477787437,0.6854195132956018,0.6761559344055545
2017-03,Noord-Holland,1.5600917806261567,0.925876416812085,0.3125480101117093
2017-03,Overijssel,-0.3274550796976405,-0.0489586630911822,-0.36356419914053467
2017-03,Utrecht,1.1958039682598385,0.4945742429839012,0.12866039260217751
2017-03,Zeeland,0.38835084759003563,,-0.1044821558709871
2017-03,Zuid-Holland,1.8045571626767316,0.8214220329821813,0.3694722308519631
2017-04,Drenthe,-1.1549807419625169,,
2017-04,Flevoland,-0.8804556407466969,,
2017-04,Friesland,-1.7855838545664542,-0.8428733800183871,
2017-04,Gelderland,0.7638784251080506,0.5951248078176476,2.7933824788419814
2017-04,Groningen,-0.2194563437586118,-0.46179592198640323,3.2508683629348263
2017-04,Limburg,0.5141480379650617,0.9740342795684852,1.6510870230451116
2017-04,Noord-Brabant,0.5335339856694103,0.7115873430125208,2.5232287136100116
2017-04,Noord-Holland,0.8745708730402486,0.26032187483915126,2.5372811681586476
2017-04,Overijssel,-1.3467851543635883,0.2066277347216384,1.5714831304609356
2017-04,Utrecht,0.6562816224861647,0.10202234826411868,2.135580115040266
2017-04,Zeeland,-0.2546371296208657,,2.07585664823631
2017-04,Zuid-Holland,1.1485630407842433,0.504193937405218,2.610475057306055
2017-05,Drenthe,-0.5543238508986823,,1.830584498703204
2017-05,Flevoland,-0.8125012618821082,,1.9226175629830131
2017-05,Friesland,-1.2693344704791727,-0.299191401838916,1.5837530148903805
2017-05,Gelderland,0.536166640762593,0.18858120760833444,3.167745098757379
2017-05,Groningen,0.020090719746208015,-0.2749793768375402,3.5869263053388485
2017-05,Limburg,0.23863481235028572,-0.06584410563642887,1.8524156878641296
2017-05,Noord-Brabant,0.5032390329021028,0.38445584990618126,2.5507554842247115
2017-05,Noord-Holland,0.8898487241150009,0.3899346932486062,2.360901596358474
2017-05,Overijssel,-1.1033995064507234,-0.6061832019884033,1.7894331847836558
2017-05,Utrecht,0.318393385379252,0.015998455460482706,
2017-05,Zeeland,0.009344474171825372,,
2017-05,Zuid-Holland,1.0910261177319724,0.2681443873435402,
2017-06,Drenthe,-0.8492872687486612,,2.3352979550371162
2017-06,Flevoland,-1.0718967591161166,,2.559063974402495
2017-06,Friesland,-1.572506126510552,-1.2164857459776681,2.173529847341353
2017-06,Gelderland,0.4239333086399051,-0.4347889645347816,3.313681358747818
2017-06,Groningen,-0.22386421839830595,-1.050858134860411,3.7108370293279727
2017-06,Limburg,0.07073310621610522,-0.551858672899393,1.6565493493300958
2017-06,Noord-Brabant,0.1493630322681086,-0.13910869601339876,
2017-06,Noord-Holland,0.602479820015174,-0.22427160163840218,
2017-06,Overijssel,-1.1953194952086887,-0.9624079169939284,
2017-06,Utrecht,0.22198947694762036,-0.7915759863056742,2.202909014031875
2017-06,Zeeland,-0.5534987593217917,,2.3373293109367457
2017-06,Zuid-Holland,0.7964884838136181,-0.21450427527800342,2.325889522481295
2017-07,Drenthe,-1.803310139700222,,-0.639810111673149
2017-07,Flevoland,-1.3602103746015155,,0.3122925487063807
2017-07,Friesland,-1.9182265518068393,-2.2965227053864408,-0.026041399092615377
2017-07,Gelderland,0.21863699897201827,-0.6812310726221099,
2017-07,Groningen,-0.4364532313505643,-1.6999535575427562,
2017-07,Limburg,-0.11666574326068692,-0.7718321510165586,
2017-07,Noord-Brabant,-0.0045430578051420725,-0.4644738795015751,2.4966877725794365
2017-07,Noord-Holland,0.48579401894475743,-0.6988319082454271,2.6398336975651198
2017-07,Overijssel,-1.510050820007022,-1.2624829862805433,2.5730301940911784
2017-07,Utrecht,0.09713217901020754,-1.201158525847514,2.3733602015809727
2017-07,Zeeland,-0.932266523450349,,2.2445127431840977
2017-07,Zuid-Holland,0.6291281862431045,-0.6740518157839942,2.6322731415926532
2017-08,Drenthe,-1.3769994705453843,,
2017-08,Flevoland,-0.8034144695238179,,
2017-08,Friesland,-1.5823092188651535,-1.8297790741578073,
2017-08,Gelderland,0.4184856290815105,0.08587036705834195,1.0879839691963356
2017-08,Groningen,-0.3250460680048775,-0.6515816430081052,1.2935815735355318
2017-08,Limburg,0.2238342147343929,-0.04150328006059832,0.26774985100603205
2017-08,Noord-Brabant,0.433485238807245,0.19880115732871986,0.6401111550757993
2017-08,Noord-Holland,0.8829175901722135,0.01008634513754644,0.91677564378558
2017-08,Overijssel,-1.1438916859716044,-0.588331541485241,0.0013626023908451742
2017-08,Utrecht,0.5646649281568571,-0.3163837616715136,0.5638330340227309
2017-08,Zeeland,-0.38589812888848457,,0.5441174535144925
2017-08,Zuid-Holland,1.137915226951507,0.021496324607451288,1.1610213824483164
2017-09,Drenthe,-1.02489251937097,,-0.30598527067341924
2017-09,Flevoland,-0.49704364612986796,,0.8914559127126824
2017-09,Friesland,-1.4186442567101285,-0.6806259044889975,-0.9210818860848412
2017-09,Gelderland,0.6618637801456001,0.234413023225373,0.9509546191223629
2017-09,Groningen,0.252679892696093,-0.13592106197479845,0.07117667341360016
2017-09,Limburg,0.19852890688123948,-0.24841121097480495,1.0595648371644506
2017-09,Noord-Brabant,0.5420966201496089,0.29983068216437914,0.535789151704023
2017-09,Noord-Holland,1.1302874872331488,0.39086945950482865,0.10417522125460553
2017-09,Overijssel,-0.8241298901192955,0.08888545816898649,-0.2828851883112487
2017-09,Utrecht,0.8225513304838428,-0.07854327852124714,
2017-09,Zeeland,-0.42106677095897505,,
2017-09,Zuid-Holland,1.3514626491035742,0.40623675469580195,
2017-10,Drenthe,-0.9605762437133258,,-0.9922053167758114
2017-10,Flevoland,-0.2638509039902297,,-0.09966890596456501
2017-10,Friesland,-1.3814548210571247,-1.2613500672833018,-0.5455706312855063
2017-10,Gelderland,0.7312856944354554,-0.21574668799389085,0.23000396389472277
2017-10,Groningen,0.14149970677178703,-0.9391352690262494,0.3728920990621815
2017-10,Limburg,0.2237298594677204,-0.611836034001317,-0.1654307804423981
2017-10,Noord-Brabant,0.5641884229639224,-0.31823700396070437,
2017-10,Noord-Holland,0.9002308556060863,-0.20114687028065378,
2017-10,Overijssel,-0.6247678627871976,-0.5632889983853052,
2017-10,Utrecht,0.7453657386748282,-0.6233155214660319,-0.037684455602026865
2017-10,Zeeland,-0.5695537425653571,,0.670096805970863
2017-10,Zuid-Holland,1.135401043197699,-0.1635331888177705,0.7159980356369785
2017-11,Drenthe,-0.09995467479640566,,-0.6744069693168975
2017-11,Flevoland,0.4612975554481309,,-0.8762340367238867
2017-11,Friesland,-0.6590337544800136,-0.5401054173014712,-1.1762424853599307
2017-11,Gelderland,1.266984405459046,0.8565601683445696,
2017-11,Groningen,0.8563789703499155,-0.3120041356307122,
2017-11,Limburg,0.7689864485612021,0.6712991982050925,
2017-11,Noord-Brabant,1.1176219577235942,0.9183617692110628,0.0001942144345722965
2017-11,Noord-Holland,1.5305694894737416,0.3630215211128246,-0.023564425441166735
2017-11,Overijssel,0.050192379285950155,0.4506873858522618,-0.34129443759760786
2017-11,Utrecht,1.3991754718467788,0.4428521608751411,-0.23774785970394696
2017-11,Zeeland,-0.06805371290529283,,-0.16908387067973576
2017-11,Zuid-Holland,1.6826069762887912,0.5961199174832628,0.12781852530089907
2017-12,Drenthe,-0.46528921136528845,,
2017-12,Flevoland,0.34830600185389593,,
2017-12,Friesland,-0.7056828905422663,-0.7998252966794355,
2017-12,Gelderland,1.1875558605000491,0.34829876750589583,0.27735824628612327
2017-12,Groningen,0.5480310231993589,-0.4484603095660893,0.7003661292466445
2017-12,Limburg,0.5915598336364073,0.27629031404348836,0.302776933576873
2017-12,Noord-Brabant,0.9744687404051453,0.6161014566220251,0.22084492248609708
2017-12,Noord-Holland,1.3463541414887867,0.1699049512812958,0.19396128426399734
2017-12,Overijssel,-0.10443034628935047,-0.017366439591935852,-0.20854882516204093
2017-12,Utrecht,1.2918394448711041,0.13321590561506627,-0.04302735086266051
2017-12,Zeeland,0.18554935226368208,,-0.21092134065830653
2017-12,Zuid-Holland,1.5491655506460795,0.426571554680679,0.4265385715905935
2018-01,Drenthe,-0.4652325955580723,,-1.6137721427880165
2018-01,Flevoland,0.09141289712064472,,-1.1038017805807818
2018-01,Friesland,-0.5104928389600046,0.08599355003008406,-1.5164756995081679
2018-01,Gelderland,0.8619477515078978,0.5814838466836959,-0.07506427609254482
2018-01,Groningen,0.5923454531956116,0.4931524603424409,0.38078945226505684
2018-01,Limburg,0.30072723806286256,0.33142376070586416,-0.18758067053042485
2018-01,Noord-Brabant,0.7970998958721088,0.8511125641794653,-0.3049075964575413
2018-01,Noord-Holland,1.1703003774011107,0.7654900196819536,-0.41622344787687937
2018-01,Overijssel,-0.27956722971502423,0.15137067345918168,-0.602806685399976
2018-01,Utrecht,1.0078308150436568,0.47031928132563683,
2018-01,Zeeland,-0.025462177005213985,,
2018-01,Zuid-Holland,1.402350876864745,0.8344466684739548,
2018-02,Drenthe,-0.06480631226107726,,-1.2013266254226669
2018-02,Flevoland,0.1989665494963626,,-0.32761645756346736
2018-02,Friesland,-0.3070427428896006,1.7644068673345812,-0.987209328051049
2018-02,Gelderland,1.2195989068230588,1.9168635139782735,0.4745859723003143
2018-02,Groningen,0.8458860451363831,1.8106647161712004,1.37622719260173
2018-02,Limburg,0.9276412585719543,2.071751479183604,0.07415742888392164
2018-02,Noord-Brabant,1.1557698729328598,2.045477487205554,
2018-02,Noord-Holland,1.4186606578560732,2.1269350505099025,
2018-02,Overijssel,0.06311730803102407,1.9241970853212291,
2018-02,Utrecht,1.138035423799966,1.9121165657049801,-0.712272232982714
2018-02,Zeeland,0.5204155836132305,,-0.5540293639847602
2018-02,Zuid-Holland,1.5910454037897537,2.049219804040912,-0.11900286976180091
2018-03,Drenthe,-0.6512222442848346,,-1.4999609844399298
2018-03,Flevoland,-0.1725594858753494,,0.35294163682692437
2018-03,Friesland,-0.7364765313860469,1.8128498984199217,-0.9255535737852967
2018-03,Gelderland,0.7699392407970689,1.6666357713523339,
2018-03,Groningen,0.39573594199910544,1.7889035821318129,
2018-03,Limburg,0.46869981940186856,1.4423110715081522,
2018-03,Noord-Brabant,0.9147914724638184,1.7062527310880782,0.0030075543378444355
2018-03,Noord-Holland,1.4090080954816249,2.108299691818519,0.22737600122657872
2018-03,Overijssel,-0.442145736140196,1.3587159554806378,-0.36761093070594353
2018-03,Utrecht,0.9735267838502477,1.6722729651504291,-0.17342911377463105
2018-03,Zeeland,0.3547429145452315,,0.10166705121299333
2018-03,Zuid-Holland,1.6197770461596603,2.009316097555329,0.29969766366806017
2018-04,Drenthe,-0.5110624768498543,,
2018-04,Flevoland,-0.26956013863346207,,
2018-04,Friesland,-1.0412970300629993,1.5911155716973808,
2018-04,Gelderland,0.7679155522075254,1.657577391109613,-0.03317304536062573
2018-04,Groningen,0.22372484556999794,1.615991406572247,0.9091606240633432
2018-04,Limburg,0.37305880890480764,1.2325024184709736,-0.564454775803686
2018-04,Noord-Brabant,0.7226552416556996,1.805101893825229,-0.0032642398995011077
2018-04,Noord-Holland,1.3395947086228364,2.1923761110261575,0.13633839962171634
2018-04,Overijssel,-0.8101523369222359,1.4044598051760686,-0.7302214907557741
2018-04,Utrecht,0.8952410463604469,1.7949555236500045,-0.4857881411199877
2018-04,Zeeland,0.3124204041420851,,-0.3892778353766781
2018-04,Zuid-Holland,1.4632102671415632,2.050170586109733,0.14982275076453758
2018-05,Drenthe,-0.7775988529491289,,-0.9999955079816556
2018-05,Flevoland,-0.569782002228759,,1.0005628297136862
2018-05,Friesland,-1.3051804523876378,0.5488599558168662,-0.8555112725118542
2018-05,Gelderland,0.5707889391809966,0.9650686114848643,0.5409382653422704
2018-05,Groningen,-0.011583485510617048,0.6954982758375431,1.0000876708774058
2018-05,Limburg,0.1570803424301032,1.067479622022294,-0.24175578368164072
2018-05,Noord-Brabant,0.45785611224904943,1.4437428729086004,0.23886490164088137
2018-05,Noord-Holland,0.9431896054256624,1.7135872199069082,0.4360890949431063
2018-05,Overijssel,-1.0920579292643737,0.3599491687030793,-0.1215080737141426
2018-05,Utrecht,0.27924697478101074,1.1044521749019653,
2018-05,Zeeland,0.3312436730115497,,
2018-05,Zuid-Holland,0.9304149398776165,1.7438358844411754,
2018-06,Drenthe,-1.4199164738475587,,-1.236025268295211
2018-06,Flevoland,-1.013821887982163,,0.3580095505515208
2018-06,Friesland,-1.6961087117835796,-0.8980175301069335,-0.9809503687180121
2018-06,Gelderland,0.19948380369703372,0.42551356152873804,0.5458651393213544
2018-06,Groningen,-0.4720815963437039,-0.3016604694832108,0.5566081592361288
2018-06,Limburg,-0.19254995577264145,0.4519760524717496,0.18984250856773194
2018-06,Noord-Brabant,0.02371918494327092,0.6007908069967669,
2018-06,Noord-Holland,0.3236924182152485,0.3675726525492675,
2018-06,Overijssel,-1.49870834160119,0.14352881087989783,
2018-06,Utrecht,-0.1909676860110713,0.09250161327791702,0.025276679719022768
2018-06,Zeeland,-0.541221342898512,,-0.5838625104438877
2018-06,Zuid-Holland,0.33626872763035587,0.33499417717973834,0.7153445708282378
2018-07,Drenthe,-1.1482022675766406,,-2.125830325832564
2018-07,Flevoland,-0.7620570375070689,,-1.0418103215435774
2018-07,Friesland,-1.9011868105638168,-1.974870513069133,-2.010163809794591
2018-07,Gelderland,0.3488663752195448,-0.44689936480903825,
2018-07,Groningen,-0.4485047944601483,-1.4842259451530757,
2018-07,Limburg,0.06182053166671342,-0.04796351947211161,
2018-07,Noord-Brabant,0.27323053598361574,-0.3731065384460285,0.39960382835835484
2018-07,Noord-Holland,0.5779486041210639,-0.4434757895065011,0.38745203653151383
2018-07,Overijssel,-1.3454269976277116,-0.8887252714677375,0.12087572674228518
2018-07,Utrecht,-0.04400235294389276,-0.8478007598491896,0.16686588874504998
2018-07,Zeeland,-0.1742113018131468,,-0.4580441184928519
2018-07,Zuid-Holland,0.46741874753640855,-0.5598107749158374,0.6959006600077946
2018-08,Drenthe,-0.7366939623115222,,
2018-08,Flevoland,-0.7431803614871433,,
2018-08,Friesland,-1.3110364090607123,-1.837086331263431,
2018-08,Gelderland,0.4721463482979378,-0.378687453943673,-0.13447454920181406
2018-08,Groningen,-0.20293740732416715,-1.3534840913457182,-0.29429663918882154
2018-08,Limburg,0.17533584528435392,-0.3109881968218995,-0.8638234314973132
2018-08,Noord-Brabant,0.35561059271583256,-0.4539750331704981,-0.33143623885548046
2018-08,Noord-Holland,0.7805165138935275,-0.6434953251782756,-0.06115201969410175
2018-08,Overijssel,-0.741848720267445,-1.0364048588211927,-1.0794729107136427
2018-08,Utrecht,0.4319154658052684,-0.6616754068092853,-0.47376585494933016
2018-08,Zeeland,-0.42062548270433314,,-0.9887457692082962
2018-08,Zuid-Holland,0.7802393925888577,-0.5507256471339032,0.11630801587325736
2018-09,Drenthe,-0.8157505369215039,,-0.8013784656492605
2018-09,Flevoland,-0.49923710349252,,-0.118929074677651
2018-09,Friesland,-1.1986845354506626,-1.6544615146995645,-0.7475115028218882
2018-09,Gelderland,0.8370915417004609,-0.06433473220243412,0.3411703410102726
2018-09,Groningen,0.23219307563493696,-1.1297179289068189,1.30655981748385
2018-09,Limburg,0.5289505678258668,0.07245756244542166,-0.5528359237709073
2018-09,Noord-Brabant,0.6336187199837228,-0.17167615313576895,0.27490318352759735
2018-09,Noord-Holland,1.0901604347997667,-0.37828174934955877,0.49415493147627887
2018-09,Overijssel,-0.537954265009207,-0.9900544236500246,-0.2734153029280731
2018-09,Utrecht,0.8032978863142076,-0.2970257653105403,
2018-09,Zeeland,-0.29425005016253997,,
2018-09,Zuid-Holland,1.109544607380391,-0.2745716228408112,
2018-10,Drenthe,-0.5515248097833128,,0.9256849860592992
2018-10,Flevoland,-0.1280874173552728,,2.5227583576800714
2018-10,Friesland,-0.7750169182142367,-0.3264033084045075,1.1020372280843762
2018-10,Gelderland,1.0537291720796784,0.4078075272565085,2.291794013720307
2018-10,Groningen,0.518999269951372,-0.17409980984278497,2.856362735147835
2018-10,Limburg,0.7481182384861692,0.6550873553647136,1.5538759544597092
2018-10,Noord-Brabant,0.9351312005301502,0.2630884168802352,
2018-10,Noord-Holland,1.3932209127888957,0.31069412880619846,
2018-10,Overijssel,-0.2598884129878288,-0.2134516542617674,
2018-10,Utrecht,1.1010514073636513,0.1028464231940353,0.04052403152362506
2018-10,Zeeland,0.1513363850811215,,-0.6306425382644747
2018-10,Zuid-Holland,1.5159364128338033,0.43249171978228623,0.5987739001761043
2018-11,Drenthe,0.03214631612210087,,0.14937049683117617
2018-11,Flevoland,0.39858929935755394,,1.5597075770823279
2018-11,Friesland,0.055253445547543405,1.1396998876958244,1.4077407717118826
2018-11,Gelderland,1.0483686832992258,1.5336205115547148,
2018-11,Groningen,0.81260034465155,1.2722966436047445,
2018-11,Limburg,0.8695770095335204,1.199602792914463,
2018-11,Noord-Brabant,1.0620197080015747,1.4827788734037117,1.6466756363283352
2018-11,Noord-Holland,1.4926629942572138,1.7536804622297477,1.873808194419777
2018-11,Overijssel,0.32004277327105446,0.7075784061235509,1.6967769591825113
2018-11,Utrecht,1.1281625237671697,1.5073807090024989,1.541972484641872
2018-11,Zeeland,0.733731528183815,,0.8701969025013007
2018-11,Zuid-Holland,1.4995792420323473,1.7902091509360523,1.7618964771988472
2018-12,Drenthe,-0.2910488663151206,,
2018-12,Flevoland,0.21775156927465084,,
2018-12,Friesland,-0.3497956992943721,-0.3857122923953722,
2018-12,Gelderland,0.8455918215709033,0.8248845822583896,1.8125181144065832
2018-12,Groningen,0.5535857402853867,0.07550337778896192,2.836293103089213
2018-12,Limburg,0.5143868757609668,0.513649054835475,0.7465072973628443
2018-12,Noord-Brabant,0.8751106473827377,0.7709033155287313,1.3385884380992357
2018-12,Noord-Holland,1.3444778880020725,0.6640955268041746,2.1141154427655926
2018-12,Overijssel,-0.028922241156485808,0.2579088655759955,1.3532892267789507
2018-12,Utrecht,1.0372894152152368,0.5682020318604482,1.5189501405329509
2018-12,Zeeland,0.134637301768529,,0.7058783838139399
2018-12,Zuid-Holland,1.4071115567181047,0.8781224103959481,1.7504502355394318
2019-01,Drenthe,-0.3610589899307115,,0.9243873997245663
2019-01,Flevoland,0.04934364046790612,,1.6344697698914548
2019-01,Friesland,-0.5286883331320128,0.6465456146341427,1.7687699947751943
2019-01,Gelderland,1.0052102563545087,1.499647027753919,2.285403275228609
2019-01,Groningen,0.6149301537128032,0.8570201267256763,2.709320301410268
2019-01,Limburg,0.7487162095911376,1.5199554173161967,1.503790793486392
2019-01,Noord-Brabant,1.0368245551451805,1.1838899052309724,1.8633156727976166
2019-01,Noord-Holland,1.2935353152359672,1.0774065534879047,2.2505599660290416
2019-01,Overijssel,-0.09448327801204602,1.0725637439740188,1.5216236637000546
2019-01,Utrecht,1.1292533626937806,1.1597604198021771,
2019-01,Zeeland,0.21088374556321535,,
2019-01,Zuid-Holland,1.4844244793220607,1.236839506148984,
2019-02,Drenthe,0.37226991361178446,,0.4025156773464747
2019-02,Flevoland,0.8009254121889019,,1.18694569665617
2019-02,Friesland,0.45393890617053606,2.024796352540551,1.0944425264660103
2019-02,Gelderland,1.5594326744099778,1.932932480881198,1.5468209353374793
2019-02,Groningen,1.284757693035748,1.935840936200482,1.295947523646698
2019-02,Limburg,1.1604599247862053,1.455310713963947,1.5731255020466794
2019-02,Noord-Brabant,1.5734678592345077,1.944546950044172,
2019-02,Noord-Holland,2.057635446158522,2.2617619235877227,
2019-02,Overijssel,0.6101401723070873,1.6462450782395663,
2019-02,Utrecht,1.7433999153965376,2.0006693830241415,2.156215830289904
2019-02,Zeeland,0.9613776719495927,,1.5304675641119965
2019-02,Zuid-Holland,2.1416583039889177,2.2036150070467375,2.106343032683278
2019-03,Drenthe,-1.2573276445227932,,-0.45742735308402416
2019-03,Flevoland,-0.7025657210492467,,-0.056259473176310686
2019-03,Friesland,-1.3605662650321992,-0.2528468677133636,-0.3323770993381973
2019-03,Gelderland,0.44345464877884916,0.8006776155631573,
2019-03,Groningen,-0.11824567090920908,-0.3817775725934628,
2019-03,Limburg,0.07105606012124822,0.6332725423818127,
2019-03,Noord-Brabant,0.410891141773651,0.6743763103242815,1.6502204524940158
2019-03,Noord-Holland,0.8662730465498464,1.017854933752738,1.9739850274052941
2019-03,Overijssel,-1.0096279452567416,0.014117192367082898,0.9648360635159416
2019-03,Utrecht,0.4651682555585243,0.7917326385936813,1.7019750932027646
2019-03,Zeeland,-0.33776257379882396,,2.666173266754795
2019-03,Zuid-Holland,1.1596594438523269,1.1460788800495796,2.007349933648079
2019-04,Drenthe,-0.7571904815360142,,
2019-04,Flevoland,-0.9642842129728647,,
2019-04,Friesland,-1.2541223256981533,1.0471768432219386,
2019-04,Gelderland,0.41994361926812573,1.2869143434441608,0.9139434405186448
2019-04,Groningen,0.04029252547435807,1.040955219144254,0.5721169128512134
2019-04,Limburg,0.19122717403879952,1.6359501633729823,1.2625600585660732
2019-04,Noord-Brabant,0.5253416259346751,1.6446775182726288,0.6816533103544417
2019-04,Noord-Holland,0.7497511119022333,1.7350616991213046,0.7175680162407045
2019-04,Overijssel,-0.9940401150074749,0.970782499444281,0.1557248494792982
2019-04,Utrecht,0.025937242472094182,1.2731386684137005,0.28287493867793784
2019-04,Zeeland,0.37077753802121405,,1.3585231488644107
2019-04,Zuid-Holland,0.8924779591441981,1.7755944858192938,0.663593140259751
2019-05,Drenthe,-0.9706167895118581,,-1.0539699239677216
2019-05,Flevoland,-1.1133283901018214,,-0.7411383807845333
2019-05,Friesland,-1.6334431704311374,-0.768299727377633,-0.8064559338070453
2019-05,Gelderland,0.3608802832848086,0.15988046951745308,0.5659517419987932
2019-05,Groningen,-0.03208302942093133,-0.9318380855218236,-0.45107272654082314
2019-05,Limburg,-0.10293914297731362,0.5149064245042612,1.2768294564298288
2019-05,Noord-Brabant,0.1478553325536132,0.34565918704650683,0.4585356245087844
2019-05,Noord-Holland,0.4383064386705886,0.05712999696198049,0.40350370960545107
2019-05,Overijssel,-1.2490085430906988,-0.5957527654183723,-0.8787573758671904
2019-05,Utrecht,0.10462543887613673,-0.038747798493466885,
2019-05,Zeeland,-0.5326977723038382,,
2019-05,Zuid-Holland,0.5938674950586251,0.1282818515304789,
2019-06,Drenthe,-0.9853735109410666,,-1.2745371435081232
2019-06,Flevoland,-1.275655699291409,,-0.6328945556677701
2019-06,Friesland,-1.4963533974403356,-1.1549450625768816,-0.7859981057867135
2019-06,Gelderland,0.15384217390684368,0.04013056081603423,0.12400253714732869
2019-06,Groningen,0.19136866531415156,-0.9301742556651975,-0.7791570418727831
2019-06,Limburg,-0.3635562386586312,-0.07758117242095318,0.45426845340576955
2019-06,Noord-Brabant,0.004131738501185162,-0.00743131132403577,
2019-06,Noord-Holland,0.5813012847849501,0.10103169805956391,
2019-06,Overijssel,-1.1316611929985976,-0.37658562167098686,
2019-06,Utrecht,0.0007065903781741181,-0.4079336673632487,-0.229037036064323
2019-06,Zeeland,-0.39278758734183544,,-0.027221187583683967
2019-06,Zuid-Holland,0.7021684435136769,-0.0772778732475876,0.11001909869610937
2019-07,Drenthe,-1.3592960013410973,,-1.1248069173960582
2019-07,Flevoland,-1.1421057136517578,,-0.10966446222385248
2019-07,Friesland,-1.6784153651289748,-1.4762231725471613,-0.8677877553597755
2019-07,Gelderland,0.1975882413975936,-0.27211301095109963,
2019-07,Groningen,-0.4832770776402591,-1.3907765868861475,
2019-07,Limburg,-0.1278201647025439,-0.1949336364533964,
2019-07,Noord-Brabant,-0.006347134847071625,-0.33398064785700393,-0.4077630273840334
2019-07,Noord-Holland,0.4673550143833775,-0.04205326883665838,-0.31177578358954466
2019-07,Overijssel,-1.117332401558508,-0.9034716289250161,-1.0623118083209062
2019-07,Utrecht,-0.02399227677629056,-0.7362113432548716,-0.6174853607708736
2019-07,Zeeland,-0.7796470201052059,,-0.9507229097749219
2019-07,Zuid-Holland,0.5929566054439755,-0.27635885268442806,-0.5190366711749537
2019-08,Drenthe,-0.9644388096581059,,
2019-08,Flevoland,-1.0325313462371524,,
2019-08,Friesland,-1.256111566595827,-0.6383529716797195,
2019-08,Gelderland,0.44107346336051967,0.1278010709818576,0.40393020184103684
2019-08,Groningen,-0.13213698294358395,-0.34513976616699527,0.27192149115024855
2019-08,Limburg,-0.14590731115780373,-0.10369589527466282,0.5438326356116426
2019-08,Noord-Brabant,0.22445647116416187,0.13250037093757977,0.1938684165535061
2019-08,Noord-Holland,0.7023817716950944,0.4621874921467074,0.17461624614362242
2019-08,Overijssel,-0.8242394811950053,-0.48690892014617393,-1.000626964665045
2019-08,Utrecht,0.23283491750998658,-0.14872443973614227,-0.1370067431134024
2019-08,Zeeland,-0.5930670389516555,,-0.5520229294216458
2019-08,Zuid-Holland,0.7009607966573648,0.22872907131611622,0.095719894299414
2019-09,Drenthe,-1.221354724317829,,-0.39007659706579123
2019-09,Flevoland,-0.9395592332274727,,0.6197989707522364
2019-09,Friesland,-1.4432210025696448,-2.194652007517004,-0.002491468905539233
2019-09,Gelderland,0.4250780157948164,-1.0808153706218506,0.8278247572144981
2019-09,Groningen,0.023629578873059727,-1.775096701939161,1.8285991000744473
2019-09,Limburg,-0.11784888248542735,-1.134246327230071,0.936626544173625
2019-09,Noord-Brabant,0.2325328174004278,-1.1895464977399317,0.49281676592749174
2019-09,Noord-Holland,0.7224763436119286,-0.9961884381005065,0.5302851784469003
2019-09,Overijssel,-1.0757112541377007,-1.799814000661458,-0.17427381264061736
2019-09,Utrecht,0.3570222058131993,-1.3607427620059278,
2019-09,Zeeland,-0.7768538000480393,,
2019-09,Zuid-Holland,0.7711589576717676,-0.9294222468827329,
2019-10,Drenthe,-1.0132553498946,,0.21686754863092447
2019-10,Flevoland,-0.6554752360012458,,0.6266443392826029
2019-10,Friesland,-1.0964768017441946,-1.3872236945980034,0.4806780269235366
2019-10,Gelderland,0.3039599879907352,-0.7372875476416959,0.8526708178994163
2019-10,Groningen,0.22944043418070095,-1.3163436728140405,2.0084103929703168
2019-10,Limburg,-0.028797525698891133,-0.8736681016549159,0.5129279731376954
2019-10,Noord-Brabant,0.4685360088851638,-0.6327869501588492,
2019-10,Noord-Holland,0.9341050675457345,-0.34662011110985314,
2019-10,Overijssel,-0.9140683726784372,-1.450942913074766,
2019-10,Utrecht,0.5031635238459137,-0.8063519372721305,0.4295372440066786
2019-10,Zeeland,-0.28845168040069613,,-0.1964574809391379
2019-10,Zuid-Holland,1.0418022956193203,-0.4297123827027806,0.7767883926027559
2019-11,Drenthe,-0.1996431394069753,,-0.9902027812772798
2019-11,Flevoland,0.11026451578228741,,-0.1990389909834905
2019-11,Friesland,-0.3399280819498384,0.10391037115373386,-0.7863098905615505
2019-11,Gelderland,0.975436065938844,0.4850195547332001,
2019-11,Groningen,0.7097316771766563,0.42290676306685415,
2019-11,Limburg,0.5635663937010154,0.2985826723657701,
2019-11,Noord-Brabant,0.9806921407701217,0.5668595034647261,0.8624918149090635
2019-11,Noord-Holland,1.4981467147582153,0.7395237121209817,1.1160010474313675
2019-11,Overijssel,-0.07734819569609605,0.1931324775557514,0.6174441476565912
2019-11,Utrecht,1.1042733626779553,0.43474332170257457,0.8938710798379198
2019-11,Zeeland,0.27631359906954367,,1.005668474206705
2019-11,Zuid-Holland,1.5924420910274746,0.5664684579006071,1.2146817183918983
2019-12,Drenthe,-0.16060083148284948,,
2019-12,Flevoland,0.31219441465668485,,
2019-12,Friesland,-0.251030591373444,-0.3535947161103908,
2019-12,Gelderland,0.883320176049352,0.5686575509006644,0.28675823174282644
2019-12,Groningen,0.7910339350063011,0.08922557135492938,1.1816322910410937
2019-12,Limburg,0.4477407214329999,0.3662239141022366,-0.3333197141914099
2019-12,Noord-Brabant,0.8775545638133901,0.7285723876179395,0.38619810653243564
2019-12,Noord-Holland,1.375776784422219,0.7611150775264836,0.40553577194692547
2019-12,Overijssel,-0.0023744575439010175,0.10348092772671907,-0.5226544344027876
2019-12,Utrecht,1.0722653595001808,0.631691113716005,0.21679278571786662
2019-12,Zeeland,0.3111484262310962,,0.35635575115123147
2019-12,Zuid-Holland,1.4548689096975391,0.9062714254529541,0.6659566828603769
2020-01,Drenthe,-0.22342917945262142,,0.4180579295496773
2020-01,Flevoland,0.2006777500535426,,0.464814248377976
2020-01,Friesland,-0.40134273300779305,0.08475252933709852,0.46336002708039165
2020-01,Gelderland,0.7480116822859273,0.9409525904596587,1.1829860407489472
2020-01,Groningen,0.5711844933529077,0.03302903122967893,2.315987552488039
2020-01,Limburg,0.4770469538730033,0.9230328200039171,0.8029892118909772
2020-01,Noord-Brabant,0.845132249353971,0.7913806277417158,1.0381001413464137
2020-01,Noord-Holland,1.3153604933436864,1.091557826938328,0.9432975751388923
2020-01,Overijssel,-0.04503018839036448,0.6436677867950072,0.5768079996770499
2020-01,Utrecht,0.9907265994145387,1.0520079721143119,
2020-01,Zeeland,0.10627104416582513,,
2020-01,Zuid-Holland,1.3740799092929326,1.3661895874531598,
2020-02,Drenthe,-1.3493906597372092,,1.2143413693326521
2020-02,Flevoland,-0.8686834759534278,,1.6703153223412803
2020-02,Friesland,-1.5961934407997425,-1.0469914385392969,1.9947867711325324
2020-02,Gelderland,0.18275832171015557,-0.6205940001406707,2.088477198147623
2020-02,Groningen,-0.20263164316564325,-1.7478409591436033,3.161605754685483
2020-02,Limburg,-0.2119121422440237,-0.5035616285526107,1.1204045932247666
2020-02,Noord-Brabant,0.042291373271373216,-0.62819754873638,
2020-02,Noord-Holland,0.4524557621616471,-0.07205212099271022,
2020-02,Overijssel,-1.0794106459205437,-1.051228552999233,
2020-02,Utrecht,0.25265655020281824,-0.49326914785438897,0.8335262928501934
2020-02,Zeeland,-1.042153232927386,,0.5194340850369581
2020-02,Zuid-Holland,0.7842858190916634,-0.2369919360161189,1.3019054752005905
2020-03,Drenthe,-1.3798701580749744,,-0.40466722185918963
2020-03,Flevoland,-1.1924928979192844,,0.5609332037103821
2020-03,Friesland,-1.4808447465739836,-0.7039018751069619,0.18664900876475224
2020-03,Gelderland,0.09416366116141538,0.1608855077731536,
2020-03,Groningen,-0.25248733019196395,-0.7097654594896781,
2020-03,Limburg,-0.21487461830046825,0.5583978076266902,
2020-03,Noord-Brabant,0.07521041557907705,0.27746375303577026,1.9480412197292465
2020-03,Noord-Holland,0.38634391882474123,0.16562951255071515,2.4116591476223763
2020-03,Overijssel,-1.2365615160951962,-0.23194714123521337,1.7743983008531372
2020-03,Utrecht,0.02584753000712102,0.13947113649968595,1.778774249996324
2020-03,Zeeland,-0.6966371828959326,,2.015755526098655
2020-03,Zuid-Holland,0.6388311658883715,0.1548350192312693,2.397565957178084
2020-04,Drenthe,-1.1193406231983503,,
2020-04,Flevoland,-1.0301377762697612,,
2020-04,Friesland,-1.5515925020703503,-0.7528459799941072,
2020-04,Gelderland,0.1331469196424423,0.6041963857537979,0.6718238086766263
2020-04,Groningen,-0.6333191342631794,-0.7990789945852121,1.452397091323908
2020-04,Limburg,-0.05837698094945214,1.2522176140756547,0.23303870447582925
2020-04,Noord-Brabant,0.2152411271228864,0.968638162962058,0.6493512905743827
2020-04,Noord-Holland,0.3546098202053609,0.5016591553721816,1.2069526195112397
2020-04,Overijssel,-1.5003911747816934,-0.10798738904382976,0.3182601229099968
2020-04,Utrecht,-0.2215647159362614,0.3823814049402867,0.6584512124837126
2020-04,Zeeland,0.2338886439346601,,1.168035207994084
2020-04,Zuid-Holland,0.6588030486653942,0.7179657378092721,1.5135445495330226
2020-05,Drenthe,-0.8861331797739698,,1.6006549180088323
2020-05,Flevoland,-0.9219978117766312,,1.3262800613466832
2020-05,Friesland,-1.529078685622999,-1.2468037209816012,1.1109632655866573
2020-05,Gelderland,0.0013649129184015838,-0.010105135735729975,1.4555903188239299
2020-05,Groningen,-0.8085098836653632,-1.1994024957706415,2.237863547020557
2020-05,Limburg,-0.3889278358219947,0.15754444474670895,1.741678118866314
2020-05,Noord-Brabant,-0.08190393705759448,-0.13151118841276607,1.7954265981601625
2020-05,Noord-Holland,0.00912422883556901,-0.12722307505281163,1.5374606469444008
2020-05,Overijssel,-1.677675609494518,-1.0947424335648124,1.25488071961067
2020-05,Utrecht,-0.474767208519923,-0.23103877158805272,
2020-05,Zeeland,-0.39515128198566823,,
2020-05,Zuid-Holland,0.3085253963379366,-0.10843919346195362,
2020-06,Drenthe,-1.156494842446511,,-0.39240835663081874
2020-06,Flevoland,-1.5716971451123107,,-0.3200969203178757
2020-06,Friesland,-1.6497063516226569,-1.2215082891455593,-0.6768087388767663
2020-06,Gelderland,-0.07299591904738507,-0.2786730817107282,0.009621822121461687
2020-06,Groningen,-0.525152954809198,-1.2980620546272779,0.3797961359602361
2020-06,Limburg,-0.5166087918734936,-0.29399936413975436,-0.057582041947021545
2020-06,Noord-Brabant,-0.183047433704898,-0.4068316863563988,
2020-06,Noord-Holland,0.12528844428613434,-0.2531084693117733,
2020-06,Overijssel,-1.430859473695313,-0.9576259944636879,
2020-06,Utrecht,-0.33701119872374796,-0.5988917261477924,0.9462702675742877
2020-06,Zeeland,-0.6702930628930298,,2.5715145114356917
2020-06,Zuid-Holland,0.37717324945591885,-0.5666571603328111,1.788449193712632
2020-07,Drenthe,-1.9000768819598974,,0.1431383194062921
2020-07,Flevoland,-1.59022501082248,,0.030020168153701923
2020-07,Friesland,-2.0016201316780124,-2.386453238610431,-0.6192154307817969
2020-07,Gelderland,-0.15056662494686734,-1.0000785709315114,
2020-07,Groningen,-0.7877491840866577,-2.0259525948999713,
2020-07,Limburg,-0.6142137315877765,-0.8479389518050018,
2020-07,Noord-Brabant,-0.41771912131590144,-1.3839435639455988,-0.1396333576433312
2020-07,Noord-Holland,-0.08954828243043808,-1.100054959922717,-0.29656658638880834
2020-07,Overijssel,-1.588914035010294,-1.670298518541471,-0.859409124886923
2020-07,Utrecht,-0.29818511139201426,-1.5338253343720463,-0.6118275503637993
2020-07,Zeeland,-1.434455331147737,,0.29305561483129844
2020-07,Zuid-Holland,0.2705915471005156,-1.3655341454439347,-0.08759680713015304
2020-08,Drenthe,-1.0818041780111975,,
2020-08,Flevoland,-1.2357400423333524,,
2020-08,Friesland,-1.576084869616674,-1.2580981317533342,
2020-08,Gelderland,0.14251125812847448,-0.07225627212151543,0.2890003280032448
2020-08,Groningen,-0.4512532545375279,-0.3148372214256671,0.8645056240505186
2020-08,Limburg,-0.33183606748575595,-0.3594779544303715,0.07334198425345773
2020-08,Noord-Brabant,-0.08117438805360004,0.005554238014762796,-0.19209535359411406
2020-08,Noord-Holland,0.3410390435130752,0.44571763880958787,-0.02355487653896139
2020-08,Overijssel,-1.159363225207935,-0.7588874072748338,-0.5107279271892919
2020-08,Utrecht,-0.0561595849320766,-0.22510620282236016,-0.2271366343857489
2020-08,Zeeland,-0.5541145356250154,,-0.45445520793539296
2020-08,Zuid-Holland,0.6575492162249282,0.14361876231101503,0.17868887618028365
2020-09,Drenthe,-1.1637098875663916,,-0.550019433669973
2020-09,Flevoland,-0.8826588263416845,,-0.1577303016282148
2020-09,Friesland,-1.2338325757580926,-1.101793729669033,-0.6935329554771255
2020-09,Gelderland,0.6540686734369813,0.17758236745263511,0.26182699077118315
2020-09,Groningen,0.07423730426527057,-0.16350444232133715,0.3509959832255852
2020-09,Limburg,0.3289957095399664,-0.07246619521429214,0.3576566604751363
2020-09,Noord-Brabant,0.4639672473463578,0.07325615151787561,-0.08801286027909386
2020-09,Noord-Holland,0.7615486563551346,0.13999669225916575,0.07266302640691402
2020-09,Overijssel,-0.8008628007706591,-0.614177657368994,-0.6754675188168323
2020-09,Utrecht,0.45544364199163573,-0.1195441935184734,
2020-09,Zeeland,-0.3832274166290385,,
2020-09,Zuid-Holland,1.0796022686274063,0.11904794835899703,
2020-10,Drenthe,-1.4333871955964648,,-0.14207007302680083
2020-10,Flevoland,-0.7773776305777393,,0.501204398789795
2020-10,Friesland,-1.3667739978407702,-2.0474051599742706,0.05029224057198069
2020-10,Gelderland,0.01586132799260821,-0.9253570683646012,0.5750141224879006
2020-10,Groningen,-0.1826288238562191,-1.3725447635159322,1.0491300913718051
2020-10,Limburg,-0.3155490895623248,-1.0259343677022734,-0.011887572786502638
2020-10,Noord-Brabant,0.05694361749773464,-0.8120708867839123,
2020-10,Noord-Holland,0.5990701337721761,-0.7392026230138544,
2020-10,Overijssel,-1.1028071250646359,-1.4273365843591208,
2020-10,Utrecht,0.15862918970151757,-1.1989397391404046,-0.12585113328461386
2020-10,Zeeland,-0.8279211125053715,,-0.6495996454002056
2020-10,Zuid-Holland,0.7686583810447064,-0.9585313930160454,0.17125404822004228
2020-11,Drenthe,-0.6274337783076381,,-1.6631727798795124
2020-11,Flevoland,0.08181753641329817,,-0.7504606390417157
2020-11,Friesland,-0.5380952369500484,-0.006265355319581863,-0.9904953690890068
2020-11,Gelderland,0.6974892048379256,1.1723642715166878,
2020-11,Groningen,0.38172140014784317,0.40165229312813844,
2020-11,Limburg,0.4456807560245826,0.4984382878267587,
2020-11,Noord-Brabant,0.7562913545322628,1.3290063060011212,0.40168943105214727
2020-11,Noord-Holland,1.166411386676381,1.0075472913368813,0.6742418058666905
2020-11,Overijssel,-0.16595382884306048,0.7076395041030394,-0.17414828601113236
2020-11,Utrecht,0.8543212979956811,0.9931659684999344,0.31485577618282656
2020-11,Zeeland,0.16707918665121235,,-0.1269164734664247
2020-11,Zuid-Holland,1.332807260301569,1.0870477234847964,0.6155830184555292
2020-12,Drenthe,-0.3038764756887866,,
2020-12,Flevoland,-0.021217187566260714,,
2020-12,Friesland,-0.11610809806155523,0.22327715881074242,
2020-12,Gelderland,0.6071390159095951,0.6011920238466195,-0.5903925008220362
2020-12,Groningen,0.4856047518972355,0.5218353796047944,0.35272943965956327
2020-12,Limburg,0.32716159127848593,-0.389502372860534,-0.8423021933704907
2020-12,Noord-Brabant,0.5133252965610327,0.4710687084543251,-0.8142297446659086
2020-12,Noord-Holland,1.1708902198661193,0.531874488746293,-0.5888121667345453
2020-12,Overijssel,-0.06804619307443355,0.2786482331093957,-1.8008710554857075
2020-12,Utrecht,0.7584507309469808,0.4751515305490296,-0.8262890166449399
2020-12,Zeeland,-0.12150168312519886,,-1.23027950866626
2020-12,Zuid-Holland,1.1927306115920597,0.34690739027578066,-0.43546198535552844
2021-01,Drenthe,-0.9782705927532426,,-1.8613004689698287
2021-01,Flevoland,-0.34734115232399504,,-1.3981008428350754
2021-01,Friesland,-1.0123415461756644,-1.0677456644214682,-1.3548315337275232
2021-01,Gelderland,0.5852329074733617,0.8757447133607114,-0.6630877530447925
2021-01,Groningen,0.1468861187368418,-0.4887252339530796,0.3450968467895743
2021-01,Limburg,0.47680940215796364,0.6012083783237828,-1.2107709892100929
2021-01,Noord-Brabant,0.5023676229840173,0.568714478799798,-0.7986183556260946
2021-01,Noord-Holland,0.7847040354140795,0.20598357540437745,-0.59265078450552
2021-01,Overijssel,-0.6360953460260983,0.259161383176779,-1.6697877986348117
2021-01,Utrecht,0.6079514692336997,0.3019729953316816,
2021-01,Zeeland,-0.3467806719571367,,
2021-01,Zuid-Holland,0.9891198724739264,0.10302423933908957,
2021-02,Drenthe,-0.7094099136483152,,-1.1153021823485068
2021-02,Flevoland,-0.3619397944510159,,-0.5597803956912769
2021-02,Friesland,-0.6843058362937263,0.12401702642394803,-0.5695719323863989
2021-02,Gelderland,0.5629092950819279,0.9418610630483768,0.087015345936868
2021-02,Groningen,0.20920173637895348,0.04949149550713035,1.0885629260895047
2021-02,Limburg,0.20280068339194737,0.7961297058250717,-0.7396120523493479
2021-02,Noord-Brabant,0.5152678021536244,0.8093877300606184,
2021-02,Noord-Holland,1.0469989249460214,0.9397821803246441,
2021-02,Overijssel,-0.4213456843458985,0.43521763484683973,
2021-02,Utrecht,0.5791606078773067,0.7545360885222446,-1.178403878233753
2021-02,Zeeland,0.2003087377277842,,-1.4799279448876839
2021-02,Zuid-Holland,1.2086297259462822,0.9433081958941704,-0.6005278166214164
2021-03,Drenthe,-1.4002009234745476,,-0.9614675089887205
2021-03,Flevoland,-0.7970999952973832,,-0.3811900646544015
2021-03,Friesland,-1.4207897701945154,0.021678453853364105,-0.8785427709622001
2021-03,Gelderland,0.5839924903018873,1.2382165021636011,
2021-03,Groningen,-0.2475663504221077,-0.1336780494058002,
2021-03,Limburg,0.2904363938258768,1.0896271617628568,
2021-03,Noord-Brabant,0.44290848050909337,1.0927729439292309,-0.12173977529940684
2021-03,Noord-Holland,0.766525058978464,1.0329329615588028,0.06945941855411042
2021-03,Overijssel,-1.1307217225905668,0.23228433873280618,-0.6416981666715704
2021-03,Utrecht,0.4058934642358149,0.9670396252396892,-0.35301980542164635
2021-03,Zeeland,-0.042733105808796565,,-0.9421734381290888
2021-03,Zuid-Holland,1.0873615900962743,1.158432479015665,0.041053542459038306
2021-04,Drenthe,-1.5788308504179125,,
2021-04,Flevoland,-1.10485370204179,,
2021-04,Friesland,-2.0478176838347495,-1.1961354504073798,
2021-04,Gelderland,0.17707756857716236,-0.10443235928740788,0.07960207163511938
2021-04,Groningen,-0.6827332732891954,-0.9359628566235946,1.142103406642038
2021-04,Limburg,-0.1399433662574614,0.7103848191613938,-0.581262046692315
2021-04,Noord-Brabant,0.018048947682767758,-0.01691701186611005,0.14973264865378083
2021-04,Noord-Holland,0.07319071226170273,-0.12040804106909912,0.5049111044395584
2021-04,Overijssel,-1.736241537951875,-0.5968970136863293,-0.758994878706448
2021-04,Utrecht,-0.3828282775435466,-0.24039467360023348,0.02649227994408233
2021-04,Zeeland,-0.27623002591684703,,-0.04123429088995597
2021-04,Zuid-Holland,0.37999507008357597,0.011827464341824944,0.6050528089656337
2021-05,Drenthe,-1.8557946598380655,,-0.9618536565156096
2021-05,Flevoland,-1.4181021616049503,,-0.11998844811358572
2021-05,Friesland,-2.1749213561968084,-1.5652093269429521,-0.33093396014951126
2021-05,Gelderland,-0.16901977450139286,-0.6196563835186577,0.33673969479791177
2021-05,Groningen,-0.8457648144151979,-1.6216616985249082,1.447406256963403
2021-05,Limburg,-0.745271694230097,-0.783188315392957,0.06215087815248138
2021-05,Noord-Brabant,-0.24582053750056307,-0.6954064692943308,0.20658113840336675
2021-05,Noord-Holland,0.022060530749437365,-0.3552171245854607,0.9691837228612271
2021-05,Overijssel,-1.888422972811987,-1.8441847762271386,-0.39221371750340916
2021-05,Utrecht,-0.35448983719606264,-0.8845113393269867,
2021-05,Zeeland,-0.9300861673336879,,
2021-05,Zuid-Holland,0.4391900041064042,-0.5177899119875535,
2021-06,Drenthe,-1.4412113576226722,,-1.4339931024142487
2021-06,Flevoland,-1.598561635438542,,-0.730976232985648
2021-06,Friesland,-1.9445002998270198,-0.5369897610694836,-0.90146158973717
2021-06,Gelderland,-0.01569379112025391,0.3234183152060639,-0.20763975587910347
2021-06,Groningen,-0.6822692687786879,-0.022126723660980507,0.6158794877233772
2021-06,Limburg,-0.4878874600055037,0.392816583761974,-0.9031207139778424
2021-06,Noord-Brabant,-0.03868956624023948,0.46589781119546086,
2021-06,Noord-Holland,0.14483160527779437,0.37064721255466204,
2021-06,Overijssel,-1.5277519632494727,0.006183382743282161,
2021-06,Utrecht,-0.36140827519262286,0.003857890845090571,0.41991198725219675
2021-06,Zeeland,-0.4476084344991152,,-0.30534696104650455
2021-06,Zuid-Holland,0.5178956797017599,0.3557920847270512,1.0515856698252244
2021-07,Drenthe,-2.060017037911731,,-1.3096952820658436
2021-07,Flevoland,-1.8264029514015478,,-0.6205843667385369
2021-07,Friesland,-2.3770942350937405,-1.4790535120903696,-0.6341300554256053
2021-07,Gelderland,-0.37536608202448524,-0.1163311137684177,
2021-07,Groningen,-0.9204957357297328,-0.8330037031398052,
2021-07,Limburg,-0.7794734852031922,-0.4309098710927221,
2021-07,Noord-Brabant,-0.4182323838509943,-0.23973493322385378,-0.41014881101982364
2021-07,Noord-Holland,-0.11002193083645377,0.30229953952850624,0.2673001273041246
2021-07,Overijssel,-1.8644468097408737,-0.8320606515125152,-0.9876067742294263
2021-07,Utrecht,-0.48332140710054616,-0.1925501663736469,-0.17580555837040926
2021-07,Zeeland,-1.051501541411834,,-0.6384265225759757
2021-07,Zuid-Holland,0.15055456345006046,0.13180319967416848,0.6107878898221456
2021-08,Drenthe,-2.1590247836026193,,
2021-08,Flevoland,-1.7747549117729968,,
2021-08,Friesland,-2.373046261502488,-2.0497164211750167,
2021-08,Gelderland,-0.4822748963604895,-0.9336970927290273,0.03708826314665866
2021-08,Groningen,-0.9858233034984178,-1.6172352868134376,0.6957061608706724
2021-08,Limburg,-0.7539927575543334,-0.7508683263830563,0.20810922330555356
2021-08,Noord-Brabant,-0.4371225635531226,-0.7094638950831482,0.004809990606060845
2021-08,Noord-Holland,-0.06688939172624422,-0.8368925887890335,0.15096753337542465
2021-08,Overijssel,-1.9217343978987413,-1.467118544855275,-0.40496130404468855
2021-08,Utrecht,-0.5311336780692116,-1.115018022163548,-0.42803972460345385
2021-08,Zeeland,-1.2747451323603671,,-0.7442681864732522
2021-08,Zuid-Holland,0.07368444685910948,-0.7616540857635371,0.28988133797238597
2021-09,Drenthe,-1.4898753478158289,,0.3954919914773015
2021-09,Flevoland,-0.9891752045545981,,0.713012571572314
2021-09,Friesland,-1.7103231262927705,-0.9622688165396447,-0.17952642379216588
2021-09,Gelderland,0.34292442205397167,0.23337038014344458,1.5841938373183613
2021-09,Groningen,-0.28689757338935706,-0.48107485429376634,0.7716198567500185
2021-09,Limburg,-0.01457411158102883,0.4032740896477965,2.3430380651633005
2021-09,Noord-Brabant,0.26085767984025593,0.44861198064960467,1.890526769322267
2021-09,Noord-Holland,0.6173294464110527,0.21634811845427335,1.076627427967773
2021-09,Overijssel,-1.141690710081638,-0.48984219051836625,0.44700360332305433
2021-09,Utrecht,0.21693054238811602,0.2214769736810119,
2021-09,Zeeland,-0.3186838909465745,,
2021-09,Zuid-Holland,0.8479246766692291,0.6905074186598761,
2021-10,Drenthe,-1.1095988337719804,,0.03086800587517428
2021-10,Flevoland,-0.7171254573820589,,-0.3817159601995261
2021-10,Friesland,-1.3341943817288604,-1.2032950998868954,-0.6562789783399812
2021-10,Gelderland,0.37927948739813033,-0.15031400164264455,0.19230758819849514
2021-10,Groningen,-0.13922651398595937,-0.524525014509636,-0.021129316148909755
2021-10,Limburg,-0.09222641548107936,-0.361820562535531,0.604361640714422
2021-10,Noord-Brabant,0.31839692436962225,0.17113713448127005,
2021-10,Noord-Holland,0.7985271894524316,0.0014891311417135939,
2021-10,Overijssel,-0.8776104569062129,-0.6620335527391491,
2021-10,Utrecht,0.3586664923378491,-0.019779928854434192,0.46320048591857815
2021-10,Zeeland,-0.6437264178920559,,1.2790296775795418
2021-10,Zuid-Holland,0.8826070128604598,0.007287715561177736,1.291164217076089
2021-11,Drenthe,-0.5924718967593479,,-1.030744545419268
2021-11,Flevoland,-0.00592284882953498,,-0.08535210260438705
2021-11,Friesland,-0.8912443264629104,-0.5369678347690122,-0.7055107769704944
2021-11,Gelderland,1.0421770568987203,1.1719291497891298,
2021-11,Groningen,0.3071371496668198,0.15688565500958151,
2021-11,Limburg,0.6552707232362492,0.9817725790224283,
2021-11,Noord-Brabant,0.90264980277998,1.2680897007785914,0.24419824948877178
2021-11,Noord-Holland,1.2321841694344469,0.5118054253879302,-0.10845417722233067
2021-11,Overijssel,-0.37601396561376615,0.46691141807659403,-0.7033849972758931
2021-11,Utrecht,0.9730171621581134,1.0706995976225924,-0.3439103650578337
2021-11,Zeeland,-0.12348190566805968,,-0.4468980466995291
2021-11,Zuid-Holland,1.3588380337896835,0.6458591862598405,0.26454646891068956
2021-12,Drenthe,-0.37855616221878385,,
2021-12,Flevoland,0.015684186872560093,,
2021-12,Friesland,-0.3998357860317242,-0.4073622959587868,
2021-12,Gelderland,0.6523067835409084,0.35911632245799585,-0.07936257970822716
2021-12,Groningen,0.5228062495014449,-0.19357062876430958,0.6784667727214677
2021-12,Limburg,0.364725483720279,0.3290506748641726,-0.20184683969504397
2021-12,Noord-Brabant,0.7064937756561588,0.6429557048573222,-0.2540900313523628
2021-12,Noord-Holland,1.1414054076546845,0.22498983828800898,-0.40648379507797755
2021-12,Overijssel,-0.1815874271243156,-0.22578304574938235,-0.7868410456275108
2021-12,Utrecht,0.7453048983478524,0.5363341765384871,-0.5105921900093888
2021-12,Zeeland,0.022982908894169686,,-0.6394533389643026
2021-12,Zuid-Holland,1.161689332406637,0.3818504964107264,-0.059949070605256095
2022-01,Drenthe,-0.9711973080651622,,-2.0055094381084393
2022-01,Flevoland,-0.30675536423157446,,-1.461124213017465
2022-01,Friesland,-0.9634322805517606,-0.29014287860983573,-1.6829049584706406
2022-01,Gelderland,0.6799858620257024,1.2003862669335386,-1.0483686344666376
2022-01,Groningen,-0.09166177711377958,-0.014019230782856405,-0.7513848778360775
2022-01,Limburg,0.38692173476016983,1.0604392981570196,-0.8142135970771321
2022-01,Noord-Brabant,0.8431116909091765,1.6353685703990983,-1.243128605031965
2022-01,Noord-Holland,0.9900642026639911,0.8341945414481924,-1.3353553077398383
2022-01,Overijssel,-0.593909040933912,0.6840899983258754,-1.907818521703393
2022-01,Utrecht,0.7073744770644095,1.1325119543019566,
2022-01,Zeeland,0.001131317459811152,,
2022-01,Zuid-Holland,1.2270523831046183,1.1479415835859337,
2022-02,Drenthe,-1.5211406475682574,,-0.4451888473313281
2022-02,Flevoland,-0.923282294310495,,0.21396525504345307
2022-02,Friesland,-1.6062209670990328,-0.9953806913936049,-0.4047647264179446
2022-02,Gelderland,-0.030689845156595567,-0.4310066569295132,0.14796350982410258
2022-02,Groningen,-0.5165355468110515,-1.1060581654601942,1.424966968125174
2022-02,Limburg,-0.5316974221963522,-0.9414930942141326,0.07051623519707546
2022-02,Noord-Brabant,0.11548224429167143,-0.04119292370456537,
2022-02,Noord-Holland,0.40661569347046694,0.01798927759848954,
2022-02,Overijssel,-1.2610114180779453,-1.4230290629447129,
2022-02,Utrecht,-0.015856944857785864,-0.48528492076288804,-1.250571380209381
2022-02,Zeeland,-1.0753468712459322,,-1.409336983872977
2022-02,Zuid-Holland,0.6299072860515812,-0.4009027746429642,-0.9510988574243394
2022-03,Drenthe,-0.7885046492396842,,-0.999783198585289
2022-03,Flevoland,-0.7773848880621423,,-0.1414045355481577
2022-03,Friesland,-0.81353242214725,1.666632338335825,-0.7678073867680143
2022-03,Gelderland,0.852226068436936,1.9187235170612453,
2022-03,Groningen,0.17849380801939993,1.8219513900498465,
2022-03,Limburg,0.6382234996693399,1.9768175526847125,
2022-03,Noord-Brabant,0.8876852662652583,2.3332116344983653,0.3709674040892593
2022-03,Noord-Holland,1.0868113492533416,2.248197312036905,0.28118588563862273
2022-03,Overijssel,-0.6811425927393039,1.4881530549312072,-0.20668493955602624
2022-03,Utrecht,0.45481573597036457,2.0371080357410305,0.3477198468140355
2022-03,Zeeland,0.8866125856881573,,-0.060261116687703814
2022-03,Zuid-Holland,1.3666027158234808,2.2451309424244887,0.6667961975102807
2022-04,Drenthe,-1.2777067984878419,,
2022-04,Flevoland,-1.0655194014417448,,
2022-04,Friesland,-1.6837408791108803,-0.4560565252267172,
2022-04,Gelderland,-0.0031600032631053355,-0.08519428951395698,0.4069564171330905
2022-04,Groningen,-0.6877883599512924,-0.7338098893870787,0.6609048868677602
2022-04,Limburg,-0.42530121809541704,-0.0048060258055863106,0.5558439869506142
2022-04,Noord-Brabant,-0.015545023750664824,0.5557581805132524,0.49663568366535343
2022-04,Noord-Holland,0.22275473653895414,-0.07592823315410513,0.09868016554491112
2022-04,Overijssel,-1.5657608013505766,-0.9032911419955072,-0.7064204992288616
2022-04,Utrecht,-0.4153507897265954,-0.23952030607225766,-0.17197111171984855
2022-04,Zeeland,-0.2045110325735174,,-0.6323424595618562
2022-04,Zuid-Holland,0.4670982155179923,-0.11189139561103405,0.4161558264216596
2022-05,Drenthe,-1.1364720607998409,,-2.249289205041063
2022-05,Flevoland,-1.2036466417092977,,-1.7140694043060498
2022-05,Friesland,-1.6899188518725554,-0.7510012707447407,-2.2104033532726817
2022-05,Gelderland,-0.15825671182642095,-0.050154932058240516,-1.0358398464355258
2022-05,Groningen,-0.633391539000474,-0.6361024119203483,-0.3750542053889021
2022-05,Limburg,-0.4953752735750224,-0.21493777901840647,-1.5149369899793816
2022-05,Noord-Brabant,0.03513855379047898,0.4674642260393165,-1.2232923469887826
2022-05,Noord-Holland,0.48419629263199765,0.10818363304188078,-1.3569604980889103
2022-05,Overijssel,-1.5554875960571903,-0.7472847421078977,-2.0820911881799486
2022-05,Utrecht,-0.1618127749970031,-0.21170435661187192,
2022-05,Zeeland,-0.5164896610771573,,
2022-05,Zuid-Holland,0.6920099278836181,-0.026643493095160363,
2022-06,Drenthe,-1.5576116686488513,,-0.5336108097637613
2022-06,Flevoland,-1.6752890913919913,,0.19230292272685084
2022-06,Friesland,-2.0934054609853896,-1.0517396857918893,-0.30953675889544
2022-06,Gelderland,-0.3021895232608535,-0.6586453421233092,1.1307012618235006
2022-06,Groningen,-0.7234086070874054,-1.1292271205981417,1.3887992015194979
2022-06,Limburg,-0.6372272584004448,-0.9845221818777633,0.14442708941626034
2022-06,Noord-Brabant,-0.3232392820652965,-0.3777113179490435,
2022-06,Noord-Holland,0.10464504667910315,-0.3599520659312159,
2022-06,Overijssel,-1.511752728862924,-1.9774076631241795,
2022-06,Utrecht,-0.49834031382939414,-0.5935114199428978,-1.6933901948588403
2022-06,Zeeland,-0.8352558848877814,,-1.710624377723329
2022-06,Zuid-Holland,0.2380366264188826,-0.7899464298594445,-1.0585575912643221
2022-07,Drenthe,-1.6388042911317655,,-1.0822348142750329
2022-07,Flevoland,-1.5059542467922598,,-0.8742918267145717
2022-07,Friesland,-2.3588789216670563,-2.3817750138985114,-0.9759298943867286
2022-07,Gelderland,-0.09600944517325168,-1.1468820532590123,
2022-07,Groningen,-0.9597902320838123,-1.6513528856622368,
2022-07,Limburg,-0.5841941939452929,-1.1248546499522278,
2022-07,Noord-Brabant,-0.30188206901000275,-0.8681349877138378,0.9960850201398214
2022-07,Noord-Holland,0.006059104139897447,-1.0884526002380932,0.7428963392332194
2022-07,Overijssel,-1.531750922797642,-2.353064848553895,-0.006019235841450094
2022-07,Utrecht,-0.535407872077532,-1.075049707770914,0.4165990688478138
2022-07,Zeeland,-1.1592707478538047,,1.4710134614922057
2022-07,Zuid-Holland,0.18290261469049265,-1.3114300324199508,1.1815445820875115
2022-08,Drenthe,-1.2236389369912621,,
2022-08,Flevoland,-1.4004216582172708,,
2022-08,Friesland,-1.9768147049882223,-1.8294884417839425,
2022-08,Gelderland,0.07785905294073993,-0.7143810174781534,-0.4960392243714917
2022-08,Groningen,-0.6671078643828486,-0.8597369725352275,0.37688493966121284
2022-08,Limburg,-0.18096357022210008,-0.48358624826639995,-1.5018256185890524
2022-08,Noord-Brabant,-0.16183503880972594,-0.515020165892063,-0.7104935367319253
2022-08,Noord-Holland,0.05788554782208893,-0.6466675199675163,-0.6948292786372775
2022-08,Overijssel,-1.3149704941080367,-1.5120383180927817,-0.935500634411527
2022-08,Utrecht,-0.4277933169391425,-0.7556450630300797,-1.0134556034397466
2022-08,Zeeland,-0.4929496057863116,,-0.749269456498198
2022-08,Zuid-Holland,0.28697475708773346,-0.701583022306601,-0.3878844183701715
2022-09,Drenthe,-1.3386384153853226,,-1.301356292492153
2022-09,Flevoland,-1.1905312238216352,,-1.1430004465946113
2022-09,Friesland,-1.7497834925356666,-1.7691084431496267,-1.9668971578976575
2022-09,Gelderland,0.26540261047547825,-0.9987821301948804,0.10317272243086507
2022-09,Groningen,-0.2512586498057016,-0.7834674131752896,-0.5954442505938898
2022-09,Limburg,-0.3322325321957992,-1.1123500344059207,-0.6863584296891151
2022-09,Noord-Brabant,0.15395632559421626,-0.7503317926968475,-0.5650706396762062
2022-09,Noord-Holland,0.7203400834680654,-0.9511037589183796,-0.46872797719573583
2022-09,Overijssel,-1.1416692530175951,-1.5806935982608357,-0.9510991192100192
2022-09,Utrecht,0.27272309203883893,-0.8813509208061278,
2022-09,Zeeland,-0.8943287004911754,,
2022-09,Zuid-Holland,0.7488551333275337,-1.1656233329088108,
2022-10,Drenthe,-0.8935495252351534,,-0.07712342232717168
2022-10,Flevoland,-0.4685343722874151,,0.424173620984272
2022-10,Friesland,-1.0169570303785027,-1.594551247063396,-0.16214811300172818
2022-10,Gelderland,0.29080512682716586,-0.32025140881454994,1.407862892183564
2022-10,Groningen,-0.08354988011397552,-0.7490288236417912,1.0499750184880214
2022-10,Limburg,-0.37219648361000307,-0.7381161539889618,0.7393040772286286
2022-10,Noord-Brabant,0.25962361389508265,-0.1474132040671311,
2022-10,Noord-Holland,1.0053027808332484,-0.2930957111104493,
2022-10,Overijssel,-0.6593770834986521,-1.1154181996360464,
2022-10,Utrecht,0.5067219677488961,-0.25372797027187755,-0.7491887220677089
2022-10,Zeeland,-0.4182552139304695,,-0.6878704692896127
2022-10,Zuid-Holland,1.0165853622738732,-0.4388699669418153,-0.23629142153079008
2022-11,Drenthe,-0.6599736773486277,,-0.5097666766448116
2022-11,Flevoland,-0.36860674311266045,,0.5278123592262233
2022-11,Friesland,-0.7392485475334889,-0.7668001549652298,0.15937065217561638
2022-11,Gelderland,0.1941387575722682,-0.08003087585120844,
2022-11,Groningen,0.03991371061270174,-0.2171319600021984,
2022-11,Limburg,-0.4127924354740548,-0.6096201702705143,
2022-11,Noord-Brabant,0.2933156543210202,-0.11653467136062459,0.8714274405540074
2022-11,Noord-Holland,0.983719942534226,0.2221278583155159,0.8719563805848033
2022-11,Overijssel,-0.4811757008082908,-0.7448473155159032,0.5086654013114846
2022-11,Utrecht,0.5045998648906553,0.04797301547197922,0.5951706520188552
2022-11,Zeeland,-0.3479426844523358,,1.1119325092172627
2022-11,Zuid-Holland,0.9205480420505954,-0.025160633349744534,1.2666708175070593
2022-12,Drenthe,-0.2810009653764326,,
2022-12,Flevoland,0.053311266668338214,,
2022-12,Friesland,-0.4335418083354596,0.32714006037015764,
2022-12,Gelderland,0.5499975994094096,1.378280446818471,1.6332044213282673
2022-12,Groningen,0.3945063369604824,0.7896561704168149,0.878509675348037
2022-12,Limburg,0.15569614408919627,1.3842008223661746,0.8979727097165403
2022-12,Noord-Brabant,0.7158422519306179,1.3944908517628185,1.1047271747120677
2022-12,Noord-Holland,1.2648173972059185,1.3884147853560358,0.965555612794963
2022-12,Overijssel,-0.08000399010317157,1.5801889860428733,0.5519989640992743
2022-12,Utrecht,0.8093965124378026,1.4295569952418583,0.9127622705715385
2022-12,Zeeland,0.2848760396836835,,1.5533220170864412
2022-12,Zuid-Holland,1.2821413168644589,1.2221293449821689,1.5725850055991712
2023-01,Drenthe,-1.4178758962126918,,-1.034450668598079
2023-01,Flevoland,-0.9144692315257985,,-0.3974495877754361
2023-01,Friesland,-1.6223127811141749,-1.8281460508430085,-0.6933349162500081
2023-01,Gelderland,-0.11580432315675274,0.0924767715576832,0.5054514922144444
2023-01,Groningen,-0.41107229903055514,-1.0388219116815403,0.2560891981001085
2023-01,Limburg,-0.4305721909287895,0.18370645554183304,0.8398023209825917
2023-01,Noord-Brabant,0.15786347228764788,0.5465439252749488,0.24715118540148173
2023-01,Noord-Holland,0.41690767543651824,-0.06009444404712501,-0.14515564790286484
2023-01,Overijssel,-1.0955724830876927,-0.05913707177471763,-0.2754284574536911
2023-01,Utrecht,-0.01470557163546481,-0.11090401886850682,
2023-01,Zeeland,-0.6730853484859588,,
2023-01,Zuid-Holland,0.5744486087651045,-0.14116894697146878,
2023-02,Drenthe,-0.8131308127647737,,-2.5524211287103884
2023-02,Flevoland,-0.294688987016298,,-1.2289870813084234
2023-02,Friesland,-0.839962840826406,-0.6513513678130783,-1.731022010464044
2023-02,Gelderland,0.6423331398145468,1.0741382298852702,-0.7701392857710644
2023-02,Groningen,0.1067670901531267,0.4125189424319251,-0.862029523068536
2023-02,Limburg,0.08896066851792628,0.982660222111654,-1.1224998586725117
2023-02,Noord-Brabant,0.6818407364915303,1.572703910841763,
2023-02,Noord-Holland,1.123136393875991,1.1897297639042663,
2023-02,Overijssel,-0.31944799309519556,0.9728427163651494,
2023-02,Utrecht,0.6975067072239522,1.020938816406315,-0.29354274331020136
2023-02,Zeeland,0.1440901106760596,,0.4782752873233647
2023-02,Zuid-Holland,1.3418913163793942,1.297732682972771,0.4445791473823548
2023-03,Drenthe,-1.6880793275613917,,-0.6760643180361228
2023-03,Flevoland,-1.3708321279501623,,0.46008011703226653
2023-03,Friesland,-1.7447266001917132,-1.7686728492425914,-0.13514038443124257
2023-03,Gelderland,-0.2473341541612051,-0.7902508641832657,
2023-03,Groningen,-0.4604492063790725,-1.3801838422037167,
2023-03,Limburg,-0.6317671431803259,-0.6560923324288522,
2023-03,Noord-Brabant,0.005823526426912819,-0.697360615791194,-0.9601751298603906
2023-03,Noord-Holland,0.46427192330586886,-0.4386580811024917,-0.9899065920127923
2023-03,Overijssel,-1.312697176249617,-1.500256519220758,-1.9132034582970086
2023-03,Utrecht,-0.142859420403879,-0.7761195383414242,-1.2150368880287232
2023-03,Zeeland,-0.8880606563054251,,-0.4550193651931965
2023-03,Zuid-Holland,0.5709272081342436,-0.6628728315041837,-0.6182058667450651
2023-04,Drenthe,-1.640743929814778,,
2023-04,Flevoland,-1.864429211712268,,
2023-04,Friesland,-1.9537414012159995,-0.48498363011120665,
2023-04,Gelderland,-0.2769201512648954,-0.17676173125094932,0.8231014951438255
2023-04,Groningen,-0.6831021255730559,-0.33592458768409367,1.56008146450105
2023-04,Limburg,-0.7234728778141299,-0.33764416729649177,0.6324554363763055
2023-04,Noord-Brabant,-0.21557884849117534,-0.0693878645045165,0.31291110486890444
2023-04,Noord-Holland,0.14908561113302488,0.10782225707809028,0.06037128445919428
2023-04,Overijssel,-1.6459969233615117,-0.2401607439117259,-0.14355205463219092
2023-04,Utrecht,-0.6024548943995082,-0.09419695286626582,0.018624830519475506
2023-04,Zeeland,-0.7103044740660013,,-0.33275344366434834
2023-04,Zuid-Holland,0.24522677414414154,0.2454217509278515,0.6564899012679176
2023-05,Drenthe,-1.5906885429868483,,-0.7210548381338883
2023-05,Flevoland,-1.97081439584052,,0.054425995348814774
2023-05,Friesland,-2.3185406508495108,-1.4983234305024058,-0.4794912650669534
2023-05,Gelderland,-0.39105613380510185,0.044407738712021985,0.23721690969294199
2023-05,Groningen,-1.053027540312354,-1.0607064549224123,0.10090171833575881
2023-05,Limburg,-0.7762551747497263,-0.18755918185224446,-0.24765719804848826
2023-05,Noord-Brabant,-0.410450765915033,-0.15395338482794382,-0.3308784213805836
2023-05,Noord-Holland,-0.08478722105593497,-0.1827623759853959,0.0632552634438566
2023-05,Overijssel,-1.8317199745035924,-0.474871247547002,-0.3763413703386553
2023-05,Utrecht,-0.9462560207625645,-0.38378432388488093,
2023-05,Zeeland,-0.5865599850841593,,
2023-05,Zuid-Holland,0.037237662214966716,0.09478093816057284,
2023-06,Drenthe,-0.9565070526846495,,-1.6905688199859892
2023-06,Flevoland,-1.4236041499506813,,-1.1344221711946143
2023-06,Friesland,-2.041452337301949,-1.7336334180328599,-1.3251331306572025
2023-06,Gelderland,-0.2002951751238546,-0.26349166549110714,-0.7463032609379352
2023-06,Groningen,-0.9981189649054674,-1.302808460274304,-0.6542353905570147
2023-06,Limburg,-0.5348972994700552,-0.07899490158484261,-1.0799538377277353
2023-06,Noord-Brabant,-0.40187376062859864,-0.21337987925308394,
2023-06,Noord-Holland,-0.11442143545417843,-0.45877956172281553,
2023-06,Overijssel,-1.385055350160692,-0.6522264747828966,
2023-06,Utrecht,-0.7577212263346502,-0.4396208886081894,-0.2958501057056353
2023-06,Zeeland,-0.4008006176116989,,-0.31412561953781176
2023-06,Zuid-Holland,0.07079318758255441,-0.25442886774619916,0.4344553548939716
2023-07,Drenthe,-1.4941195878180245,,-1.0934013044659638
2023-07,Flevoland,-1.5684774652347917,,0.12559194223286987
2023-07,Friesland,-2.1073055055364747,-2.425461510708188,-0.3368070075830546
2023-07,Gelderland,-0.41238667311333266,-1.3180240893482609,
2023-07,Groningen,-0.9723049372071876,-2.32059360302604,
2023-07,Limburg,-1.0959387418798592,-1.42528192629921,
2023-07,Noord-Brabant,-0.5175805184303197,-1.2043411617913742,-0.9736610668044933
2023-07,Noord-Holland,-0.24828401752083118,-1.344335987983787,-0.9037784146389938
2023-07,Overijssel,-1.4377963793371311,-1.6488991987174602,-1.4925057351643727
2023-07,Utrecht,-0.6050727521563968,-1.2115926031937956,-1.2582186838740768
2023-07,Zeeland,-1.5308224257041831,,-1.0436733243306024
2023-07,Zuid-Holland,-0.10602740563670768,-1.4299212566560442,-0.3890808260650788
2023-08,Drenthe,-1.9522659836789171,,
2023-08,Flevoland,-1.618286929111022,,
2023-08,Friesland,-2.1467042876382463,-1.4668945480121616,
2023-08,Gelderland,-0.4214848110261055,-0.9423282268932975,0.26867216121191223
2023-08,Groningen,-1.0107633766036324,-1.9977767759759106,-0.025264610198246048
2023-08,Limburg,-0.9430394213477787,-1.5303652030539097,0.3598471930000333
2023-08,Noord-Brabant,-0.49965340996101504,-0.9817423415759587,0.16404014570828118
2023-08,Noord-Holland,-0.024104192965674866,-1.5480166295674376,0.29440853232877207
2023-08,Overijssel,-1.5356605690576952,-1.5189722599510076,-0.3293729836672773
2023-08,Utrecht,-0.3471955340734917,-1.162744365106017,-0.17503273538244324
2023-08,Zeeland,-1.3077766624534322,,-0.14378738101974087
2023-08,Zuid-Holland,0.10189128694560487,-1.4287669705422752,0.9683825000895302
2023-09,Drenthe,-1.226053019408024,,-1.503955483433009
2023-09,Flevoland,-1.280988172820091,,-1.0248962695267487
2023-09,Friesland,-1.5545469588847436,-0.3225438567503439,-1.0525261903269523
2023-09,Gelderland,0.16937211978631722,0.08024501926336078,-0.639901208522676
2023-09,Groningen,-0.2644921960323583,-0.4615617744995949,-0.22038418966998338
2023-09,Limburg,-0.5247393750772057,-0.8211151007618085,-0.7018732268705398
2023-09,Noord-Brabant,0.0857930187622665,0.35130550946794264,-0.5240652790755551
2023-09,Noord-Holland,0.7137157612839348,0.21953551388819836,-0.19763468897798056
2023-09,Overijssel,-1.0375750538806279,-0.3673352161216549,-1.1452226809878716
2023-09,Utrecht,0.13778249793148895,0.23878052235316197,
2023-09,Zeeland,-0.32969202541146575,,
2023-09,Zuid-Holland,0.9104651754606897,0.36819254119312866,
2023-10,Drenthe,-1.3870082692330838,,-0.9075377073727264
2023-10,Flevoland,-1.069212714433952,,-0.4259583255303892
2023-10,Friesland,-1.5336775170207944,-0.8865980779537069,-0.6576525190531497
2023-10,Gelderland,-0.13682249792418935,-0.46888884865904856,0.5587344312554482
2023-10,Groningen,-0.5557531344552336,-1.2870052327819532,0.5155194150002892
2023-10,Limburg,-0.6492850854805962,-1.1687081460205833,0.38797021764593764
2023-10,Noord-Brabant,0.036717183173225164,-0.35961049128278577,
2023-10,Noord-Holland,0.4917939133845429,-0.57005233154533,
2023-10,Overijssel,-1.0655978780505053,-0.7500475369639272,
2023-10,Utrecht,0.0441730744970725,-0.4273102946429071,-0.8714271920534497
2023-10,Zeeland,-0.6988553787716419,,-0.7512157938052569
2023-10,Zuid-Holland,0.6229001213167304,-0.550401978551952,0.01575328649488893
2023-11,Drenthe,-1.4576980846519358,,-1.8172776413411065
2023-11,Flevoland,-0.896792430531167,,-1.4350697238404957
2023-11,Friesland,-1.5460744287500414,-1.0171772672358648,-1.1449885514202915
2023-11,Gelderland,-0.11671843734683382,-0.3164093754212798,
2023-11,Groningen,-0.347245846898089,-1.7624675238356289,
2023-11,Limburg,-0.7515429143845391,-0.8687015219037625,
2023-11,Noord-Brabant,-0.008380781581587293,-0.2589906207750768,0.4266057774314715
2023-11,Noord-Holland,0.572713744713868,-0.764544188638206,0.2750475839097428
2023-11,Overijssel,-0.9622770742117642,-0.7355695252466748,-0.016706030313895823
2023-11,Utrecht,0.10931412383624056,-0.4854124573903786,-0.09645923428087541
2023-11,Zeeland,-0.8626580482953042,,0.30386465493296916
2023-11,Zuid-Holland,0.54651082356274,-1.0242597837471308,0.5010786517226969
2023-12,Drenthe,-1.214035805330861,,
2023-12,Flevoland,-0.7770652941712132,,
2023-12,Friesland,-1.2732871034209798,0.3010330392415093,
2023-12,Gelderland,-0.04461280761679457,0.3569596533505796,-0.3417783245799406
2023-12,Groningen,-0.3545499531710367,-0.45055842155045894,0.3971775696128836
2023-12,Limburg,-0.6273976976717628,-0.1908069469269978,-0.7206993632148772
2023-12,Noord-Brabant,-0.03174521722665812,0.43598737363629364,-0.4995610295932387
2023-12,Noord-Holland,0.5237060634451463,0.2045394681018624,-0.39269421534776167
2023-12,Overijssel,-0.819491908716237,-0.15011265356205686,-0.6876890282807003
2023-12,Utrecht,0.07600094894485275,0.37336590058583086,-0.9890932785065024
2023-12,Zeeland,-0.7307573210778475,,-0.22379320705476072
2023-12,Zuid-Holland,0.6063756166203202,0.10680119022976885,-0.09647721068632233
2024-01,Drenthe,-1.0696441898636604,,-0.6848643856130715
2024-01,Flevoland,-0.6950425096278202,,-0.26777766000113923
2024-01,Friesland,-1.329432813187801,0.2895191108145497,-0.0415161174646674
2024-01,Gelderland,0.23055776623768676,0.6861046422680828,1.1558772019747439
2024-01,Groningen,-0.2132758183698627,-0.5042987643331689,1.3122797838373488
2024-01,Limburg,0.051740285393996534,0.8663502309355834,0.5667616793808945
2024-01,Noord-Brabant,0.3526156335476913,1.4130112777416945,1.0831549140559367
2024-01,Noord-Holland,0.6899478538688687,0.18736391020404142,0.9466776999355456
2024-01,Overijssel,-0.706974648027444,0.19303817820797284,0.37033529547143845
2024-01,Utrecht,0.38946004298793,0.7114427227631213,
2024-01,Zeeland,-0.46295523361152147,,
2024-01,Zuid-Holland,0.866585424306051,0.05753452226029131,
2024-02,Drenthe,-1.3171546827877416,,-1.6531013647416217
2024-02,Flevoland,-0.9661866332949364,,-1.0131340906585522
2024-02,Friesland,-1.3925572245122875,-1.4430154983432295,-0.7241870197627508
2024-02,Gelderland,-0.23711859237910915,-0.19538842029692433,-0.28119364803128954
2024-02,Groningen,-0.39511539228319686,-0.5953763410534179,0.5749342021744013
2024-02,Limburg,-0.7535859781198658,-0.48436663652871376,-0.8965034047837386
2024-02,Noord-Brabant,-0.1555857924486303,-0.2804617991185984,
2024-02,Noord-Holland,0.5865831383592549,-0.27470316991849764,
2024-02,Overijssel,-0.9996539439390958,-0.6524240544228207,
2024-02,Utrecht,0.08003777298681056,-0.17756117973202973,0.5880100577233751
2024-02,Zeeland,-0.8359876561702411,,1.1441284643940721
2024-02,Zuid-Holland,0.7591591386706745,-0.41134373064241075,1.1982010083322439
2024-03,Drenthe,-1.3759889919796677,,0.964535245915282
2024-03,Flevoland,-1.331983764026567,,1.9583621579132107
2024-03,Friesland,-1.6326148357562755,0.5538539769566487,2.0021538183627205
2024-03,Gelderland,-0.1318207319290804,0.9140976122170607,
2024-03,Groningen,-0.5511981462341672,0.9713402206407037,
2024-03,Limburg,-0.5782308388418711,-0.1781024878972822,
2024-03,Noord-Brabant,-0.06609810878491673,0.5130018021205559,-0.4101601200463065
2024-03,Noord-Holland,0.5264052095167007,0.70257685783128,0.29500963530440544
2024-03,Overijssel,-1.2560622427128898,0.2972698022794622,-0.8416391780019413
2024-03,Utrecht,-0.07957190014508918,0.7429276983823951,-0.47047862159463855
2024-03,Zeeland,-0.449469001103875,,-0.49755471425695874
2024-03,Zuid-Holland,0.7488469357926261,0.5023999919444003,0.28447722433010847
2024-04,Drenthe,-1.9454707063856778,,-0.9120679793658012
2024-04,Flevoland,-1.704982131492202,-2.013564289380419,
2024-04,Friesland,-2.185909407884068,-1.6048165731672244,
2024-04,Gelderland,-0.7568990807960457,-1.0825258867624015,2.467786923472613
2024-04,Groningen,-1.0058135405844533,-1.2055015065688193,2.6861464757627527
2024-04,Limburg,-1.2317345501174068,-1.966456883071265,2.6590403787689842
2024-04,Noord-Brabant,-0.7977583479433463,-1.2014101218980713,2.5143188491195003
2024-04,Noord-Holland,0.06288036210805029,-1.0061235514535787,2.3745992379166645
2024-04,Overijssel,-1.8523927540476777,-2.2738090845248706,2.1008270023365636
2024-04,Utrecht,-0.5586026895701366,-0.6245618387851228,1.8701441192969412
2024-04,Zeeland,-1.4342919672256178,,2.9746417148223476
2024-04,Zuid-Holland,0.1585196726961644,-1.6477903845861692,2.64096181906182
2024-05,Drenthe,-1.366322079840438,,
2024-05,Flevoland,-1.591027038045425,0.0956612432861125,-0.8200204563031277
2024-05,Friesland,-1.8833986427705793,-0.5359501039246376,-0.9107538306316559
2024-05,Gelderland,-0.5205910665595735,0.3619699119464125,-0.070805509920252
2024-05,Groningen,-0.9098736788782439,-0.3081371075993531,-0.6171110460930407
2024-05,Limburg,-0.8836714139469111,-0.1182429771247312,0.015129854068713486
2024-05,Noord-Brabant,-0.44170322542063495,0.6286046627465662,-0.10068567037670867
2024-05,Noord-Holland,0.202040498252606,0.390550436357263,-0.303329558780679
2024-05,Overijssel,-1.5341002926529774,-1.3601826772062418,-0.815091071737207
2024-05,Utrecht,-0.5245496782940764,0.5206404424708364,-0.8681661508539533
2024-05,Zeeland,-0.7537330607012721,,0.35191356889113856
2024-05,Zuid-Holland,0.3768678390232103,0.4065025515047779,
2024-06,Drenthe,-2.0874634670519594,,-0.5277183145746395
2024-06,Flevoland,-1.7611106281454494,-1.0073764342379954,-0.4310432473400099
2024-06,Friesland,-2.313487113887531,-1.976436410870517,0.2535805890005594
2024-06,Gelderland,-0.7049272077233696,-0.30835943918586095,0.581273466654543
2024-06,Groningen,-1.2092108954560665,-0.8735716747474958,0.7541307508712682
2024-06,Limburg,-1.1107449823564404,-0.5191988295301625,0.38804338306057146
2024-06,Noord-Brabant,-0.5132194524323627,-0.22151960721090252,0.43679051519306855
2024-06,Noord-Holland,-0.13357992313325498,-0.41926781310877487,0.36246386895145444
2024-06,Overijssel,-2.0069838884410434,-1.4505598171421765,-0.3480505392491334
2024-06,Utrecht,-0.5756880568830073,-0.2500847054564435,
2024-06,Zeeland,-1.0946936092160853,,
2024-06,Zuid-Holland,0.11609040628723585,-0.5894648488188514,0.04380558718350652
2024-07,Drenthe,-2.378863088916706,,-1.639144684169327
2024-07,Flevoland,-1.7322645191331794,-1.5466529311174866,-1.3531944477328672
2024-07,Friesland,-2.34156017466151,-2.8065655486966357,-0.6540569215859052
2024-07,Gelderland,-0.7820896214241825,-0.8377727332894085,-0.2183763951491839
2024-07,Groningen,-1.340454594401095,-1.6039072882252214,-0.2865716061690942
2024-07,Limburg,-1.0261855594589402,-1.4137254218087372,-0.20457685027745412
2024-07,Noord-Brabant,-0.6446641735698057,-0.5444381499111544,-0.34657665425409834
2024-07,Noord-Holland,-0.15997189324204983,-1.0756847078197302,
2024-07,Overijssel,-1.983846443396327,-2.071309086234667,
2024-07,Utrecht,-0.7268464170320246,-1.0103402247667683,-0.2243951657846771
2024-07,Zeeland,-1.1032156420935746,,0.16273875033888047
2024-07,Zuid-Holland,0.07110667100353518,-1.2673189120435226,0.4259903158575899
2024-08,Drenthe,-1.8855917288410355,,-1.8274924145423088
2024-08,Flevoland,-1.4763218597995438,-0.8201004897477545,-1.0684173496216014
2024-08,Friesland,-1.8907762397677967,-1.9820220431855713,-1.006959773113879
2024-08,Gelderland,-0.635076539992567,-0.20820028840656082,-0.48500838307702643
2024-08,Groningen,-1.1572310568559336,-1.0216484437336408,-1.0896107557427577
2024-08,Limburg,-0.9573046481394679,-0.6096439575648293,
2024-08,Noord-Brabant,-0.4626610525596141,0.18197272681710114,
2024-08,Noord-Holland,-0.016172558668052287,-0.4293486093180361,-0.4576767817694507
2024-08,Overijssel,-1.7470356155435764,-1.006068853531072,-1.158369836473822
2024-08,Utrecht,-0.4615217934918167,-0.3870316931800669,-0.5703902550457705
2024-08,Zeeland,-1.0998955367685468,,-0.0402227710042158
2024-08,Zuid-Holland,0.2613464995952824,-0.47076698272868306,-0.24695870806728004
2024-09,Drenthe,-1.8659411886192214,,-0.7261555990939447
2024-09,Flevoland,-1.421811357610523,-0.05561131106703174,-1.0067334711791218
2024-09,Friesland,-1.7939550933734265,-1.0588022469411054,-0.4938757454656465
2024-09,Gelderland,-0.48876445247565575,-0.20404321210488963,
2024-09,Groningen,-0.7573225215899957,-0.3822972274988198,
2024-09,Limburg,-0.7627530887090647,-0.4433936578639091,-0.275903139602615
2024-09,Noord-Brabant,-0.4365020899036405,0.2167027546611773,-0.38131589596612153
2024-09,Noord-Holland,0.15352247924689272,-0.02693527583262651,-0.8285249296598524
2024-09,Overijssel,-1.6712957034749147,-0.5771989816883006,-1.4085914243307611
2024-09,Utrecht,-0.31159660527178107,0.03310843233405607,-0.7086511300888932
2024-09,Zeeland,-1.1329251264242761,,-0.2992195591904961
2024-09,Zuid-Holland,0.31987234957417204,0.08757942068470767,-0.44167347322255246
2024-10,Drenthe,-1.358570805027668,,-1.6443934837563288
2024-10,Flevoland,-0.5660347375046838,-0.7429209489652269,
2024-10,Friesland,-1.1690500700106394,-2.3979492826776116,
2024-10,Gelderland,0.0034552723673970252,-0.8037859233308606,0.1872287153321439
2024-10,Groningen,-0.25156011907695913,-1.0575341656510673,-0.22896345011464977
2024-10,Limburg,-0.42906680909395667,-1.0970649931764314,0.5256225673392774
2024-10,Noord-Brabant,0.019848693158483744,-0.34884390497495366,-0.040906458185727225
2024-10,Noord-Holland,0.7073745199399532,-0.6227848476241967,-0.39811206677377126
2024-10,Overijssel,-1.0705722403191325,-1.2287968783388186,-0.8087651138312059
2024-10,Utrecht,0.20318605090193673,-0.08705231280968748,-0.24449705962070228
2024-10,Zeeland,-0.42447537440549155,,0.2748053261606202
2024-10,Zuid-Holland,0.8573816542822528,-0.5656770591898619,0.19046510374915512
2024-11,Drenthe,-1.2192449711827158,,
2024-11,Flevoland,-0.3920310433229774,0.3085343317738054,-1.3027192116820245
2024-11,Friesland,-1.3266791352498069,-0.8192728914307291,-1.0270389224148448
2024-11,Gelderland,0.20028139645503043,0.24033639486689484,-0.4652641602679783
2024-11,Groningen,-0.26243784765969086,-0.5526243068319504,-0.17401971078171088
2024-11,Limburg,-0.23716376566583838,-0.027774809788739103,-0.7713813526734342
2024-11,Noord-Brabant,0.298831830652516,0.6485559845927427,-0.691429675648454
2024-11,Noord-Holland,0.7644650832532175,0.331353175744666,-0.8975321641845639
2024-11,Overijssel,-0.9253829230018372,-0.5868401817245349,-1.2947001415737573
2024-11,Utrecht,0.369206111837921,0.7853344257524298,-0.8718337611585505
2024-11,Zeeland,-0.3700987565252252,,-0.4982420399901411
2024-11,Zuid-Holland,0.8251010269600427,0.42928056509907825,
2024-12,Drenthe,-1.0934561297245429,,-1.0519421557010258
2024-12,Flevoland,-0.49749259285057346,0.1570934644509978,-0.82326333472246
2024-12,Friesland,-1.1653482060441385,0.021156139626544012,-0.4683721873440007
2024-12,Gelderland,-0.14208345553021526,-0.19946373204497186,0.3592277476725094
2024-12,Groningen,-0.4737940692831041,-0.7761999999275513,0.7324444064346267
2024-12,Limburg,-0.48690385413142073,-0.18397478761044478,0.30605635846029694
2024-12,Noord-Brabant,-0.14283447265256427,0.1120567219801618,0.4066119963744044
2024-12,Noord-Holland,0.5289090405429663,0.3050227999043217,0.13155764805795067
2024-12,Overijssel,-0.927547396529835,-0.7836821086795686,-0.727271994778709
2024-12,Utrecht,0.08719110952081298,0.41077517450878315,
2024-12,Zeeland,-0.6853306782294981,,
2024-12,Zuid-Holland,0.5232398837652484,0.39998089068614173,-0.46290294498309276
NaT,Drenthe,,,-1.4524797809662413
NaT,Drenthe,,,0.2010307406127034
NaT,Drenthe,,,-1.7988682795212674
NaT,Drenthe,,,-0.11164986075847273
NaT,Drenthe,,,-2.103725436788014
NaT,Drenthe,,,-0.40106334962935025
NaT,Drenthe,,,-0.20516121401511533
NaT,Drenthe,,,0.09264386525896581
NaT,Drenthe,,,-1.9179599140452364
NaT,Drenthe,,,-1.8306396263141063
NaT,Drenthe,,,-0.7215501749329281
NaT,Drenthe,,,-2.0120888277032813
NaT,Drenthe,,,-2.5407736364701488
NaT,Drenthe,,,-1.6911526435896838
NaT,Drenthe,,,-1.393315444117972
NaT,Drenthe,,,-1.69577608516359
NaT,Drenthe,,,-0.07161609858636298
NaT,Drenthe,,,-2.0746516133793156
NaT,Drenthe,,,-0.8315820191417403
NaT,Drenthe,,,-1.3370918294761378
NaT,Drenthe,,,-1.5546700856485414
NaT,Drenthe,,,-0.6501052049335189
NaT,Drenthe,,,-0.13799558228183184
NaT,Drenthe,,,-1.4694388564930658
NaT,Drenthe,,,-0.9042898365973278
NaT,Drenthe,,,-1.6650680760784624
NaT,Flevoland,,,-1.3570971938818381
NaT,Flevoland,,,0.1815384680199893
NaT,Flevoland,,,-1.3632527313473783
NaT,Flevoland,,,0.4327048314708016
NaT,Flevoland,,,-1.5227344701661578
NaT,Flevoland,,,-1.178272729364918
NaT,Flevoland,,,-0.5488792281080026
NaT,Flevoland,,,-0.47629492142523366
NaT,Flevoland,,,-1.353858646431174
NaT,Flevoland,,,-1.2522586285949575
NaT,Flevoland,,,-0.19845010278334838
NaT,Flevoland,,,-1.4931802428362486
NaT,Flevoland,,,-1.942830574796269
NaT,Flevoland,,,-1.0890952065711519
NaT,Flevoland,,,-0.7319921765372165
NaT,Flevoland,,,-1.024611948122587
NaT,Flevoland,,,-0.2774980003970952
NaT,Flevoland,,,-1.9208784449440888
NaT,Flevoland,,,-0.5735470712294881
NaT,Flevoland,,,-1.1069289454568256
NaT,Flevoland,,,-1.5154537225016067
NaT,Flevoland,,,-0.7468114014534531
NaT,Flevoland,,,-0.389742773649965
NaT,Flevoland,,,-1.3679308759227824
NaT,Flevoland,,,-0.6923943319140231
NaT,Flevoland,,,-1.1033609638133521
NaT,Friesland,,,-1.2461315909395787
NaT,Friesland,,,-0.3438258589267106
NaT,Friesland,,,-1.424607171280762
NaT,Friesland,,,0.31954863520362703
NaT,Friesland,,,-1.1726439795724515
NaT,Friesland,,,-0.6893254098410304
NaT,Friesland,,,-0.4894566787125067
NaT,Friesland,,,-0.3844206876797405
NaT,Friesland,,,-1.229454384366912
NaT,Friesland,,,-1.178747397293916
NaT,Friesland,,,-0.42373929261660537
NaT,Friesland,,,-1.5488448761884175
NaT,Friesland,,,-2.3002449922075536
NaT,Friesland,,,-1.1221278183503998
NaT,Friesland,,,-1.061127572969471
NaT,Friesland,,,-1.0268703037225484
NaT,Friesland,,,0.41255939389210994
NaT,Friesland,,,-1.6389223634637684
NaT,Friesland,,,-0.7959732489433646
NaT,Friesland,,,-1.4103913665074113
NaT,Friesland,,,-1.6424312955457496
NaT,Friesland,,,-0.7656967723354389
NaT,Friesland,,,-0.8686505641708484
NaT,Friesland,,,-2.394897291263343
NaT,Friesland,,,-1.4330150597399982
NaT,Friesland,,,-1.7720012762890227
NaT,Gelderland,,,-0.36700415477619236
NaT,Gelderland,,,1.3105080868607752
NaT,Gelderland,,,-0.3038392836950395
NaT,Gelderland,,,1.5835804710474495
NaT,Gelderland,,,-0.6807704946249903
NaT,Gelderland,,,-0.3332196568977478
NaT,Gelderland,,,0.5740758288043121
NaT,Gelderland,,,0.4703180643530851
NaT,Gelderland,,,-0.8629003992204213
NaT,Gelderland,,,-1.1265198606547375
NaT,Gelderland,,,0.14378159416975242
NaT,Gelderland,,,-0.7182760768376776
NaT,Gelderland,,,-0.9546393859861058
NaT,Gelderland,,,-0.5641232606878609
NaT,Gelderland,,,0.030594759656256493
NaT,Gelderland,,,-0.6431116848234112
NaT,Gelderland,,,0.36156821141232987
NaT,Gelderland,,,-1.1469777021727834
NaT,Gelderland,,,0.040557097492971574
NaT,Gelderland,,,-0.08825611318127928
NaT,Gelderland,,,-0.7795325371368147
NaT,Gelderland,,,-0.045497532939193445
NaT,Gelderland,,,0.09944106465381657
NaT,Gelderland,,,-0.44488162880066334
NaT,Gelderland,,,-0.4181025658528476
NaT,Gelderland,,,-1.034716447722901
NaT,Groningen,,,0.5097893071364423
NaT,Groningen,,,1.3801870675328929
NaT,Groningen,,,0.1592665900277282
NaT,Groningen,,,1.9405444824247793
NaT,Groningen,,,-0.022021613560203098
NaT,Groningen,,,0.4426487743510095
NaT,Groningen,,,0.7129848954461231
NaT,Groningen,,,0.8998001117855713
NaT,Groningen,,,-0.30791314908294676
NaT,Groningen,,,-0.7687964610842188
NaT,Groningen,,,0.2483024794634902
NaT,Groningen,,,-0.5083290924657504
NaT,Groningen,,,-0.9011130457646848
NaT,Groningen,,,0.4884537526461364
NaT,Groningen,,,0.3817496472312002
NaT,Groningen,,,0.1909335334055522
NaT,Groningen,,,1.503364506080236
NaT,Groningen,,,-0.8787742607004708
NaT,Groningen,,,0.6583901364842899
NaT,Groningen,,,0.35091851469756524
NaT,Groningen,,,0.03434736793994048
NaT,Groningen,,,0.1226173233498129
NaT,Groningen,,,0.34886296189765786
NaT,Groningen,,,-0.5091294397917726
NaT,Groningen,,,-0.235712143050019
NaT,Groningen,,,-0.6531188877453141
NaT,Limburg,,,-0.9205283143086612
NaT,Limburg,,,0.5911159697501484
NaT,Limburg,,,-0.6218583834298571
NaT,Limburg,,,0.7081412746909881
NaT,Limburg,,,-0.8620778271820284
NaT,Limburg,,,-0.5299349768176814
NaT,Limburg,,,0.787360142591623
NaT,Limburg,,,1.20374449827878
NaT,Limburg,,,-0.6497900252140528
NaT,Limburg,,,-0.6380067721206538
NaT,Limburg,,,0.12392306607398562
NaT,Limburg,,,-0.7186375083385655
NaT,Limburg,,,-1.5813503466458114
NaT,Limburg,,,-1.3485546750208564
NaT,Limburg,,,0.18702050753599786
NaT,Limburg,,,-1.3722524346534843
NaT,Limburg,,,-0.6956694430722493
NaT,Limburg,,,-1.4121045845208295
NaT,Limburg,,,0.0015809365619082493
NaT,Limburg,,,-0.0018267719395445707
NaT,Limburg,,,-0.5188548279182762
NaT,Limburg,,,0.008771905906526099
NaT,Limburg,,,-0.11011900045568343
NaT,Limburg,,,-1.176988264257304
NaT,Limburg,,,-0.851009474439348
NaT,Limburg,,,-1.3247539593124096
NaT,Noord-Brabant,,,-0.42778788528976636
NaT,Noord-Brabant,,,0.9463490176334955
NaT,Noord-Brabant,,,-0.28135860655767575
NaT,Noord-Brabant,,,1.3434105884181642
NaT,Noord-Brabant,,,-0.9437544621084728
NaT,Noord-Brabant,,,-0.42726654880418147
NaT,Noord-Brabant,,,0.3187000446400923
NaT,Noord-Brabant,,,0.28197253446773585
NaT,Noord-Brabant,,,-0.905651079040322
NaT,Noord-Brabant,,,-1.391533069278284
NaT,Noord-Brabant,,,0.14169142016702807
NaT,Noord-Brabant,,,-0.6940095384994875
NaT,Noord-Brabant,,,-1.4841324757566867
NaT,Noord-Brabant,,,-0.9258010213448645
NaT,Noord-Brabant,,,0.04503905741976503
NaT,Noord-Brabant,,,-0.9367691142398764
NaT,Noord-Brabant,,,-0.1626567376128098
NaT,Noord-Brabant,,,-1.3614973646623345
NaT,Noord-Brabant,,,0.1886882475580351
NaT,Noord-Brabant,,,-0.15780470893423157
NaT,Noord-Brabant,,,-0.5759965012171043
NaT,Noord-Brabant,,,0.4140361268170856
NaT,Noord-Brabant,,,0.28734513489863733
NaT,Noord-Brabant,,,-0.36805136949259565
NaT,Noord-Brabant,,,-0.04796850649166031
NaT,Noord-Brabant,,,-0.7811426941838464
NaT,Noord-Holland,,,-0.31848224949457016
NaT,Noord-Holland,,,0.6956700410835579
NaT,Noord-Holland,,,-0.33274180361959477
NaT,Noord-Holland,,,1.353238737301635
NaT,Noord-Holland,,,-0.6777103605102941
NaT,Noord-Holland,,,-0.436577548982909
NaT,Noord-Holland,,,0.09785590348276255
NaT,Noord-Holland,,,0.1445417546639682
NaT,Noord-Holland,,,-0.958211385167613
NaT,Noord-Holland,,,-1.3908906161387498
NaT,Noord-Holland,,,0.4375366332472387
NaT,Noord-Holland,,,-0.6215462378297779
NaT,Noord-Holland,,,-1.1812245214023867
NaT,Noord-Holland,,,-0.16069753737346842
NaT,Noord-Holland,,,-0.05906630984926931
NaT,Noord-Holland,,,-0.5544605323074284
NaT,Noord-Holland,,,0.14229287717899786
NaT,Noord-Holland,,,-1.3694947131670012
NaT,Noord-Holland,,,-0.15318566026902417
NaT,Noord-Holland,,,-0.4777106354278644
NaT,Noord-Holland,,,-1.1771218417996885
NaT,Noord-Holland,,,-0.1979038869712107
NaT,Noord-Holland,,,-0.18899558719361587
NaT,Noord-Holland,,,-0.8040824409075835
NaT,Noord-Holland,,,-0.11111540605553484
NaT,Noord-Holland,,,-0.4069214886108956
NaT,Overijssel,,,-1.2479189821671883
NaT,Overijssel,,,0.5624469049431579
NaT,Overijssel,,,-1.0990559999277068
NaT,Overijssel,,,0.9692958254491603
NaT,Overijssel,,,-1.272284106867867
NaT,Overijssel,,,-0.6832832325311623
NaT,Overijssel,,,0.031050759155895568
NaT,Overijssel,,,-0.020627808344630953
NaT,Overijssel,,,-1.2217887754191732
NaT,Overijssel,,,-1.491389320911521
NaT,Overijssel,,,-0.10567407027813477
NaT,Overijssel,,,-1.2955665906322416
NaT,Overijssel,,,-1.9104986011803
NaT,Overijssel,,,-0.785549162013758
NaT,Overijssel,,,-0.8406751546692824
NaT,Overijssel,,,-0.9493676509984128
NaT,Overijssel,,,0.3709028568647264
NaT,Overijssel,,,-1.9669694726420455
NaT,Overijssel,,,-0.07654844931751298
NaT,Overijssel,,,-0.9859800395099122
NaT,Overijssel,,,-1.2381853465817492
NaT,Overijssel,,,-0.5380509231008981
NaT,Overijssel,,,-0.4436709940055689
NaT,Overijssel,,,-1.3791630421823848
NaT,Overijssel,,,-0.875813145275521
NaT,Overijssel,,,-1.566630695690397
NaT,Utrecht,,,-0.21448404275150978
NaT,Utrecht,,,-0.7826203593022026
NaT,Utrecht,,,0.5405867211734526
NaT,Utrecht,,,-0.6210440664088521
NaT,Utrecht,,,1.0471732455715341
NaT,Utrecht,,,-0.9718985684151565
NaT,Utrecht,,,-0.8730756635235261
NaT,Utrecht,,,0.27631589218930247
NaT,Utrecht,,,0.13001105171234822
NaT,Utrecht,,,-0.9531869847929116
NaT,Utrecht,,,-1.0510727723600546
NaT,Utrecht,,,0.26882909898716695
NaT,Utrecht,,,-0.8723971123387733
NaT,Utrecht,,,-1.402921479017847
NaT,Utrecht,,,-0.6881591690398056
NaT,Utrecht,,,-0.2293098900893085
NaT,Utrecht,,,-0.779227856588153
NaT,Utrecht,,,-0.0371512484698248
NaT,Utrecht,,,-1.2528344758259942
NaT,Utrecht,,,-0.07134239129909377
NaT,Utrecht,,,-0.4730247979432951
NaT,Utrecht,,,-0.6869375624816288
NaT,Utrecht,,,0.13016075415404002
NaT,Utrecht,,,0.18057847829084855
NaT,Utrecht,,,-0.8448724641450498
NaT,Utrecht,,,-0.1089549225699043
NaT,Utrecht,,,-0.685743870795874
NaT,Zeeland,,,0.4738804228250103
NaT,Zeeland,,,-0.49042590863675084
NaT,Zeeland,,,1.1118588913210674
NaT,Zeeland,,,0.01073179767892525
NaT,Zeeland,,,1.5609266635015415
NaT,Zeeland,,,-0.3817429083144195
NaT,Zeeland,,,0.40724022999452
NaT,Zeeland,,,1.722679673700594
NaT,Zeeland,,,0.6227106264251826
NaT,Zeeland,,,-0.49835533976607427
NaT,Zeeland,,,-0.5299919817691011
NaT,Zeeland,,,0.22895696046198705
NaT,Zeeland,,,-0.09447574817511287
NaT,Zeeland,,,-0.8493061836852834
NaT,Zeeland,,,-0.3415853696240663
NaT,Zeeland,,,-0.137367117071185
NaT,Zeeland,,,-0.8415238547768089
NaT,Zeeland,,,0.4757876830537787
NaT,Zeeland,,,-1.2909307127785141
NaT,Zeeland,,,0.13468534100180082
NaT,Zeeland,,,-0.19198447522065362
NaT,Zeeland,,,-0.8372617254656799
NaT,Zeeland,,,-0.3903217717180728
NaT,Zeeland,,,-0.42550158055236237
NaT,Zeeland,,,-0.8455599059705499
NaT,Zeeland,,,-0.19809086287983432
NaT,Zeeland,,,-0.27831286288148865
NaT,Zuid-Holland,,,0.28831238073201054
NaT,Zuid-Holland,,,-0.20160308471532537
NaT,Zuid-Holland,,,0.8495083327495377
NaT,Zuid-Holland,,,-0.09911099564019649
NaT,Zuid-Holland,,,1.5702143015883434
NaT,Zuid-Holland,,,-0.5575832591083693
NaT,Zuid-Holland,,,-0.08067641353451545
NaT,Zuid-Holland,,,0.5219517545181257
NaT,Zuid-Holland,,,0.5452612801936242
NaT,Zuid-Holland,,,-0.7009212338993971
NaT,Zuid-Holland,,,-1.0069041139178843
NaT,Zuid-Holland,,,0.7379802154395798
NaT,Zuid-Holland,,,-0.28167555533405647
NaT,Zuid-Holland,,,-1.001817926019502
NaT,Zuid-Holland,,,-0.04096858465236509
NaT,Zuid-Holland,,,-0.001948440002145451
NaT,Zuid-Holland,,,-0.37313062582708684
NaT,Zuid-Holland,,,0.23541658988609965
NaT,Zuid-Holland,,,-1.2405432434264068
NaT,Zuid-Holland,,,0.34518079178810296
NaT,Zuid-Holland,,,-0.17613607653483587
NaT,Zuid-Holland,,,-0.7440158266516437
NaT,Zuid-Holland,,,0.0552423918495572
NaT,Zuid-Holland,,,0.20347592842637804
NaT,Zuid-Holland,,,-0.5119422422732193
NaT,Zuid-Holland,,,0.17229298932770576
NaT,Zuid-Holland,,,-0.13650529386038504
