Unnamed: 0,Year_Month,Province,Average NO2 Value,Average PM2.5 Value,Average PM10 Value,area_km2_st,vehicles_tot,Year,RegioS
0.0,1990-01-01,Drenthe,1.3249171566376374,,,0.0,-1.0521706297180344,,
1.0,1990-01-01,Flevoland,1.7640909393523057,,,0.0,-0.9524340992609523,,
2.0,1990-01-01,Friesland,1.2151237109589703,,,0.0,-0.6815982209571082,,
3.0,1990-01-01,Gelderland,2.4228516134243083,,,0.0,0.9589488557843924,,
4.0,1990-01-01,Groningen,1.2151237109589703,,,0.0,-1.0289073219540792,,
5.0,1990-01-01,Limburg,1.3249171566376374,,,0.0,0.0075417125728072,,
6.0,1990-01-01,Noord-Brabant,1.7640909393523057,,,0.0,1.359605384092034,,
7.0,1990-01-01,Noord-Holland,2.642438504781642,,,0.0,1.0743410235384998,,
8.0,1990-01-01,Overijssel,1.8738843850309728,,,0.0,0.1062752550472887,,
9.0,1990-01-01,Utrecht,2.5326450591029754,,,0.0,0.2266786376344053,,
10.0,1990-01-01,Zeeland,1.4347106023163043,,,0.0,-1.5053621895354865,,
11.0,1990-01-01,Zuid-Holland,2.8620253961389763,,,0.0,1.487081592756217,,
12.0,1990-02-01,Drenthe,0.666156482565635,,,0.0,-1.0521706297180344,,
13.0,1990-02-01,Flevoland,0.9955368196016362,,,0.0,-0.9524340992609523,,
14.0,1990-02-01,Friesland,0.2269826998509666,,,0.0,-0.6815982209571082,,
15.0,1990-02-01,Gelderland,2.313058167745641,,,0.0,0.9589488557843924,,
16.0,1990-02-01,Groningen,0.5563630368869679,,,0.0,-1.0289073219540792,,
17.0,1990-02-01,Limburg,0.775949928244302,,,0.0,0.0075417125728072,,
18.0,1990-02-01,Noord-Brabant,1.4347106023163043,,,0.0,1.359605384092034,,
19.0,1990-02-01,Noord-Holland,2.4228516134243083,,,0.0,1.0743410235384998,,
20.0,1990-02-01,Overijssel,1.2151237109589703,,,0.0,0.1062752550472887,,
21.0,1990-02-01,Utrecht,2.642438504781642,,,0.0,0.2266786376344053,,
22.0,1990-02-01,Zeeland,0.4465695912083007,,,0.0,-1.5053621895354865,,
23.0,1990-02-01,Zuid-Holland,2.5326450591029754,,,0.0,1.487081592756217,,
24.0,1990-03-01,Drenthe,0.3367761455296337,,,0.0,-1.0521706297180344,,
25.0,1990-03-01,Flevoland,0.775949928244302,,,0.0,-0.9524340992609523,,
26.0,1990-03-01,Friesland,-0.1023976371850346,,,0.0,-0.6815982209571082,,
27.0,1990-03-01,Gelderland,2.642438504781642,,,0.0,0.9589488557843924,,
28.0,1990-03-01,Groningen,0.3367761455296337,,,0.0,-1.0289073219540792,,
29.0,1990-03-01,Limburg,1.8738843850309728,,,0.0,0.0075417125728072,,
30.0,1990-03-01,Noord-Brabant,2.752231950460309,,,0.0,1.359605384092034,,
31.0,1990-03-01,Noord-Holland,2.5326450591029754,,,0.0,1.0743410235384998,,
32.0,1990-03-01,Overijssel,0.775949928244302,,,0.0,0.1062752550472887,,
33.0,1990-03-01,Utrecht,3.1914057331749777,,,0.0,0.2266786376344053,,
34.0,1990-03-01,Zeeland,1.2151237109589703,,,0.0,-1.5053621895354865,,
35.0,1990-03-01,Zuid-Holland,3.410992624532312,,,0.0,1.487081592756217,,
36.0,1990-04-01,Drenthe,-0.3219845285423687,,,0.0,-1.0521706297180344,,
37.0,1990-04-01,Flevoland,-0.1023976371850346,,,0.0,-0.9524340992609523,,
38.0,1990-04-01,Friesland,-0.65136486557837,,,0.0,-0.6815982209571082,,
39.0,1990-04-01,Gelderland,2.313058167745641,,,0.0,0.9589488557843924,,
40.0,1990-04-01,Groningen,0.5563630368869679,,,0.0,-1.0289073219540792,,
41.0,1990-04-01,Limburg,1.3249171566376374,,,0.0,0.0075417125728072,,
42.0,1990-04-01,Noord-Brabant,2.752231950460309,,,0.0,1.359605384092034,,
43.0,1990-04-01,Noord-Holland,2.203264722066974,,,0.0,1.0743410235384998,,
44.0,1990-04-01,Overijssel,-0.2121910828637017,,,0.0,0.1062752550472887,,
45.0,1990-04-01,Utrecht,2.8620253961389763,,,0.0,0.2266786376344053,,
46.0,1990-04-01,Zeeland,0.8857433739229691,,,0.0,-1.5053621895354865,,
47.0,1990-04-01,Zuid-Holland,3.0816122874963106,,,0.0,1.487081592756217,,
48.0,1990-05-01,Drenthe,-0.5415714198997029,,,0.0,-1.0521706297180344,,
49.0,1990-05-01,Flevoland,-0.4317779742210358,,,0.0,-0.9524340992609523,,
50.0,1990-05-01,Friesland,-0.8709517569357041,,,0.0,-0.6815982209571082,,
51.0,1990-05-01,Gelderland,2.642438504781642,,,0.0,0.9589488557843924,,
52.0,1990-05-01,Groningen,-0.4317779742210358,,,0.0,-1.0289073219540792,,
53.0,1990-05-01,Limburg,1.3249171566376374,,,0.0,0.0075417125728072,,
54.0,1990-05-01,Noord-Brabant,3.630579515889646,,,0.0,1.359605384092034,,
55.0,1990-05-01,Noord-Holland,2.093471276388307,,,0.0,1.0743410235384998,,
56.0,1990-05-01,Overijssel,0.0073958084936324,,,0.0,0.1062752550472887,,
57.0,1990-05-01,Utrecht,3.630579515889646,,,0.0,0.2266786376344053,,
58.0,1990-05-01,Zeeland,0.666156482565635,,,0.0,-1.5053621895354865,,
59.0,1990-05-01,Zuid-Holland,3.410992624532312,,,0.0,1.487081592756217,,
60.0,1990-06-01,Drenthe,-0.5415714198997029,,,0.0,-1.0521706297180344,,
61.0,1990-06-01,Flevoland,-0.4317779742210358,,,0.0,-0.9524340992609523,,
62.0,1990-06-01,Friesland,-0.761158311257037,,,0.0,-0.6815982209571082,,
63.0,1990-06-01,Gelderland,2.203264722066974,,,0.0,0.9589488557843924,,
64.0,1990-06-01,Groningen,-0.5415714198997029,,,0.0,-1.0289073219540792,,
65.0,1990-06-01,Limburg,0.775949928244302,,,0.0,0.0075417125728072,,
66.0,1990-06-01,Noord-Brabant,2.5326450591029754,,,0.0,1.359605384092034,,
67.0,1990-06-01,Noord-Holland,1.7640909393523057,,,0.0,1.0743410235384998,,
68.0,1990-06-01,Overijssel,0.2269826998509666,,,0.0,0.1062752550472887,,
69.0,1990-06-01,Utrecht,3.520786070210979,,,0.0,0.2266786376344053,,
70.0,1990-06-01,Zeeland,-0.3219845285423687,,,0.0,-1.5053621895354865,,
71.0,1990-06-01,Zuid-Holland,2.642438504781642,,,0.0,1.487081592756217,,
72.0,1990-07-01,Drenthe,-0.8709517569357041,,,0.0,-1.0521706297180344,,
73.0,1990-07-01,Flevoland,-0.761158311257037,,,0.0,-0.9524340992609523,,
74.0,1990-07-01,Friesland,-1.0905386482930384,,,0.0,-0.6815982209571082,,
75.0,1990-07-01,Gelderland,1.5445040479949714,,,0.0,0.9589488557843924,,
76.0,1990-07-01,Groningen,-0.65136486557837,,,0.0,-1.0289073219540792,,
77.0,1990-07-01,Limburg,0.775949928244302,,,0.0,0.0075417125728072,,
78.0,1990-07-01,Noord-Brabant,2.093471276388307,,,0.0,1.359605384092034,,
79.0,1990-07-01,Noord-Holland,1.2151237109589703,,,0.0,1.0743410235384998,,
80.0,1990-07-01,Overijssel,-0.3219845285423687,,,0.0,0.1062752550472887,,
81.0,1990-07-01,Utrecht,2.642438504781642,,,0.0,0.2266786376344053,,
82.0,1990-07-01,Zeeland,-0.1023976371850346,,,0.0,-1.5053621895354865,,
83.0,1990-07-01,Zuid-Holland,2.093471276388307,,,0.0,1.487081592756217,,
84.0,1990-08-01,Drenthe,-0.2121910828637017,,,0.0,-1.0521706297180344,,
85.0,1990-08-01,Flevoland,-0.1023976371850346,,,0.0,-0.9524340992609523,,
86.0,1990-08-01,Friesland,-0.4317779742210358,,,0.0,-0.6815982209571082,,
87.0,1990-08-01,Gelderland,2.642438504781642,,,0.0,0.9589488557843924,,
88.0,1990-08-01,Groningen,0.0073958084936324,,,0.0,-1.0289073219540792,,
89.0,1990-08-01,Limburg,2.093471276388307,,,0.0,0.0075417125728072,,
90.0,1990-08-01,Noord-Brabant,3.630579515889646,,,0.0,1.359605384092034,,
91.0,1990-08-01,Noord-Holland,2.4228516134243083,,,0.0,1.0743410235384998,,
92.0,1990-08-01,Overijssel,0.666156482565635,,,0.0,0.1062752550472887,,
93.0,1990-08-01,Utrecht,4.069753298604314,,,0.0,0.2266786376344053,,
94.0,1990-08-01,Zeeland,0.775949928244302,,,0.0,-1.5053621895354865,,
95.0,1990-08-01,Zuid-Holland,3.520786070210979,,,0.0,1.487081592756217,,
96.0,1990-09-01,Drenthe,-0.2121910828637017,,,0.0,-1.0521706297180344,,
97.0,1990-09-01,Flevoland,0.3367761455296337,,,0.0,-0.9524340992609523,,
98.0,1990-09-01,Friesland,-0.761158311257037,,,0.0,-0.6815982209571082,,
99.0,1990-09-01,Gelderland,2.313058167745641,,,0.0,0.9589488557843924,,
100.0,1990-09-01,Groningen,-0.3219845285423687,,,0.0,-1.0289073219540792,,
101.0,1990-09-01,Limburg,1.8738843850309728,,,0.0,0.0075417125728072,,
102.0,1990-09-01,Noord-Brabant,2.642438504781642,,,0.0,1.359605384092034,,
103.0,1990-09-01,Noord-Holland,1.8738843850309728,,,0.0,1.0743410235384998,,
104.0,1990-09-01,Overijssel,0.775949928244302,,,0.0,0.1062752550472887,,
105.0,1990-09-01,Utrecht,3.3011991788536448,,,0.0,0.2266786376344053,,
106.0,1990-09-01,Zeeland,0.1171892541722995,,,0.0,-1.5053621895354865,,
107.0,1990-09-01,Zuid-Holland,2.5326450591029754,,,0.0,1.487081592756217,,
108.0,1990-10-01,Drenthe,1.2151237109589703,,,0.0,-1.0521706297180344,,
109.0,1990-10-01,Flevoland,1.6542974936736383,,,0.0,-0.9524340992609523,,
110.0,1990-10-01,Friesland,1.2151237109589703,,,0.0,-0.6815982209571082,,
111.0,1990-10-01,Gelderland,2.752231950460309,,,0.0,0.9589488557843924,,
112.0,1990-10-01,Groningen,1.4347106023163043,,,0.0,-1.0289073219540792,,
113.0,1990-10-01,Limburg,1.98367783070964,,,0.0,0.0075417125728072,,
114.0,1990-10-01,Noord-Brabant,2.752231950460309,,,0.0,1.359605384092034,,
115.0,1990-10-01,Noord-Holland,3.0816122874963106,,,0.0,1.0743410235384998,,
116.0,1990-10-01,Overijssel,2.093471276388307,,,0.0,0.1062752550472887,,
117.0,1990-10-01,Utrecht,3.85016640724698,,,0.0,0.2266786376344053,,
118.0,1990-10-01,Zeeland,1.98367783070964,,,0.0,-1.5053621895354865,,
119.0,1990-10-01,Zuid-Holland,3.520786070210979,,,0.0,1.487081592756217,,
120.0,1990-11-01,Drenthe,0.8857433739229691,,,0.0,-1.0521706297180344,,
121.0,1990-11-01,Flevoland,1.5445040479949714,,,0.0,-0.9524340992609523,,
122.0,1990-11-01,Friesland,0.5563630368869679,,,0.0,-0.6815982209571082,,
123.0,1990-11-01,Gelderland,2.752231950460309,,,0.0,0.9589488557843924,,
124.0,1990-11-01,Groningen,1.1053302652803032,,,0.0,-1.0289073219540792,,
125.0,1990-11-01,Limburg,2.203264722066974,,,0.0,0.0075417125728072,,
126.0,1990-11-01,Noord-Brabant,2.5326450591029754,,,0.0,1.359605384092034,,
127.0,1990-11-01,Noord-Holland,3.0816122874963106,,,0.0,1.0743410235384998,,
128.0,1990-11-01,Overijssel,1.7640909393523057,,,0.0,0.1062752550472887,,
129.0,1990-11-01,Utrecht,4.069753298604314,,,0.0,0.2266786376344053,,
130.0,1990-11-01,Zeeland,1.98367783070964,,,0.0,-1.5053621895354865,,
131.0,1990-11-01,Zuid-Holland,3.630579515889646,,,0.0,1.487081592756217,,
132.0,1990-12-01,Drenthe,0.775949928244302,,,0.0,-1.0521706297180344,,
133.0,1990-12-01,Flevoland,1.1053302652803032,,,0.0,-0.9524340992609523,,
134.0,1990-12-01,Friesland,0.666156482565635,,,0.0,-0.6815982209571082,,
135.0,1990-12-01,Gelderland,2.203264722066974,,,0.0,0.9589488557843924,,
136.0,1990-12-01,Groningen,1.1053302652803032,,,0.0,-1.0289073219540792,,
137.0,1990-12-01,Limburg,2.093471276388307,,,0.0,0.0075417125728072,,
138.0,1990-12-01,Noord-Brabant,2.313058167745641,,,0.0,1.359605384092034,,
139.0,1990-12-01,Noord-Holland,2.313058167745641,,,0.0,1.0743410235384998,,
140.0,1990-12-01,Overijssel,1.2151237109589703,,,0.0,0.1062752550472887,,
141.0,1990-12-01,Utrecht,3.3011991788536448,,,0.0,0.2266786376344053,,
142.0,1990-12-01,Zeeland,1.6542974936736383,,,0.0,-1.5053621895354865,,
143.0,1990-12-01,Zuid-Holland,2.752231950460309,,,0.0,1.487081592756217,,
144.0,2016-01-01,Drenthe,0.0073958084936324,,1.4072898406747885,0.0,-1.0521706297180344,,
145.0,2016-01-01,Flevoland,0.4465695912083007,,0.4840564144462256,0.0,-0.9524340992609523,,
146.0,2016-01-01,Friesland,-0.1023976371850346,2.0089011796829093,1.176481484117648,0.0,-0.6815982209571082,,
147.0,2016-01-01,Gelderland,1.1053302652803032,0.6611156118611788,0.9456731275605073,0.0,0.9589488557843924,,
148.0,2016-01-01,Groningen,0.9955368196016362,2.548015406811601,3.4845650496890546,0.0,-1.0289073219540792,,
149.0,2016-01-01,Limburg,0.666156482565635,0.1220013847324868,-0.4391770117823371,0.0,0.0075417125728072,,
150.0,2016-01-01,Noord-Brabant,1.1053302652803032,0.6611156118611788,0.253248057889085,0.0,1.359605384092034,,
151.0,2016-01-01,Noord-Holland,1.7640909393523057,1.4697869525542169,0.9456731275605073,0.0,1.0743410235384998,,
152.0,2016-01-01,Overijssel,0.3367761455296337,2.278458293247255,0.7148647710033664,0.0,0.1062752550472887,,
153.0,2016-01-01,Utrecht,1.5445040479949714,0.6611156118611788,0.253248057889085,0.0,0.2266786376344053,,
154.0,2016-01-01,Zeeland,0.1171892541722995,,0.253248057889085,0.0,-1.5053621895354865,,
155.0,2016-01-01,Zuid-Holland,2.093471276388307,0.6611156118611788,0.7148647710033664,0.0,1.487081592756217,,
156.0,2016-02-01,Drenthe,-0.65136486557837,,-0.9007937248966186,0.0,-1.0521706297180344,,
157.0,2016-02-01,Flevoland,-0.1023976371850346,,-0.6699853683394779,0.0,-0.9524340992609523,,
158.0,2016-02-01,Friesland,-0.8709517569357041,-0.4171128423962051,-0.6699853683394779,0.0,-0.6815982209571082,,
159.0,2016-02-01,Gelderland,0.775949928244302,0.1220013847324868,0.253248057889085,0.0,0.9589488557843924,,
160.0,2016-02-01,Groningen,0.3367761455296337,-0.1475557288318591,0.9456731275605073,0.0,-1.0289073219540792,,
161.0,2016-02-01,Limburg,0.5563630368869679,0.3915584982968328,-0.6699853683394779,0.0,0.0075417125728072,,
162.0,2016-02-01,Noord-Brabant,0.8857433739229691,0.1220013847324868,-0.2083686552251964,0.0,1.359605384092034,,
163.0,2016-02-01,Noord-Holland,1.4347106023163043,0.6611156118611788,0.253248057889085,0.0,1.0743410235384998,,
164.0,2016-02-01,Overijssel,-0.4317779742210358,0.3915584982968328,-0.6699853683394779,0.0,0.1062752550472887,,
165.0,2016-02-01,Utrecht,1.2151237109589703,0.1220013847324868,-0.2083686552251964,0.0,0.2266786376344053,,
166.0,2016-02-01,Zeeland,-0.1023976371850346,,-0.2083686552251964,0.0,-1.5053621895354865,,
167.0,2016-02-01,Zuid-Holland,1.8738843850309728,0.1220013847324868,0.253248057889085,0.0,1.487081592756217,,
168.0,2016-03-01,Drenthe,-0.8709517569357041,,-0.2083686552251964,0.0,-1.0521706297180344,,
169.0,2016-03-01,Flevoland,-0.5415714198997029,,0.0224397013319442,0.0,-0.9524340992609523,,
170.0,2016-03-01,Friesland,-0.8709517569357041,-0.1475557288318591,0.0224397013319442,0.0,-0.6815982209571082,,
171.0,2016-03-01,Gelderland,0.8857433739229691,1.200229838989871,1.176481484117648,0.0,0.9589488557843924,,
172.0,2016-03-01,Groningen,0.2269826998509666,0.9306727254255248,1.6380981972319293,0.0,-1.0289073219540792,,
173.0,2016-03-01,Limburg,0.666156482565635,2.0089011796829093,1.176481484117648,0.0,0.0075417125728072,,
174.0,2016-03-01,Noord-Brabant,0.666156482565635,1.4697869525542169,0.7148647710033664,0.0,1.359605384092034,,
175.0,2016-03-01,Noord-Holland,1.3249171566376374,1.4697869525542169,0.9456731275605073,0.0,1.0743410235384998,,
176.0,2016-03-01,Overijssel,-0.761158311257037,1.4697869525542169,0.0224397013319442,0.0,0.1062752550472887,,
177.0,2016-03-01,Utrecht,0.9955368196016362,1.200229838989871,0.4840564144462256,0.0,0.2266786376344053,,
178.0,2016-03-01,Zeeland,-0.1023976371850346,,1.176481484117648,0.0,-1.5053621895354865,,
179.0,2016-03-01,Zuid-Holland,1.5445040479949714,0.9306727254255248,0.9456731275605073,0.0,1.487081592756217,,
180.0,2016-04-01,Drenthe,-0.9807452026143711,,-1.3624104380109,0.0,-1.0521706297180344,,
181.0,2016-04-01,Flevoland,-0.65136486557837,,-0.9007937248966186,0.0,-0.9524340992609523,,
182.0,2016-04-01,Friesland,-1.2003320939717053,-0.6866699559605512,-0.6699853683394779,0.0,-0.6815982209571082,,
183.0,2016-04-01,Gelderland,0.3367761455296337,-0.4171128423962051,-0.2083686552251964,0.0,0.9589488557843924,,
184.0,2016-04-01,Groningen,0.0073958084936324,-0.1475557288318591,0.7148647710033664,0.0,-1.0289073219540792,,
185.0,2016-04-01,Limburg,0.1171892541722995,-0.1475557288318591,-0.6699853683394779,0.0,0.0075417125728072,,
186.0,2016-04-01,Noord-Brabant,0.2269826998509666,-0.1475557288318591,-0.4391770117823371,0.0,1.359605384092034,,
187.0,2016-04-01,Noord-Holland,0.9955368196016362,0.1220013847324868,0.0224397013319442,0.0,1.0743410235384998,,
188.0,2016-04-01,Overijssel,-0.8709517569357041,-0.1475557288318591,-1.1316020814537593,0.0,0.1062752550472887,,
189.0,2016-04-01,Utrecht,0.666156482565635,-0.4171128423962051,-0.6699853683394779,0.0,0.2266786376344053,,
190.0,2016-04-01,Zeeland,-0.4317779742210358,,0.0224397013319442,0.0,-1.5053621895354865,,
191.0,2016-04-01,Zuid-Holland,1.2151237109589703,-0.1475557288318591,-0.2083686552251964,0.0,1.487081592756217,,
192.0,2016-05-01,Drenthe,-0.9807452026143711,,-0.6699853683394779,0.0,-1.0521706297180344,,
193.0,2016-05-01,Flevoland,-0.761158311257037,,-0.2083686552251964,0.0,-0.9524340992609523,,
194.0,2016-05-01,Friesland,-1.0905386482930384,-0.1475557288318591,0.253248057889085,0.0,-0.6815982209571082,,
195.0,2016-05-01,Gelderland,0.3367761455296337,-0.1475557288318591,0.4840564144462256,0.0,0.9589488557843924,,
196.0,2016-05-01,Groningen,-0.2121910828637017,-0.1475557288318591,1.4072898406747885,0.0,-1.0289073219540792,,
197.0,2016-05-01,Limburg,0.0073958084936324,-0.1475557288318591,0.253248057889085,0.0,0.0075417125728072,,
198.0,2016-05-01,Noord-Brabant,0.1171892541722995,0.3915584982968328,0.4840564144462256,0.0,1.359605384092034,,
199.0,2016-05-01,Noord-Holland,0.666156482565635,0.9306727254255248,0.7148647710033664,0.0,1.0743410235384998,,
200.0,2016-05-01,Overijssel,-0.9807452026143711,-0.1475557288318591,-0.2083686552251964,0.0,0.1062752550472887,,
201.0,2016-05-01,Utrecht,0.2269826998509666,-0.1475557288318591,0.0224397013319442,0.0,0.2266786376344053,,
202.0,2016-05-01,Zeeland,-0.3219845285423687,,0.9456731275605073,0.0,-1.5053621895354865,,
203.0,2016-05-01,Zuid-Holland,0.8857433739229691,0.1220013847324868,0.4840564144462256,0.0,1.487081592756217,,
204.0,2016-06-01,Drenthe,-1.0905386482930384,,-0.6699853683394779,0.0,-1.0521706297180344,,
205.0,2016-06-01,Flevoland,-1.0905386482930384,,-0.4391770117823371,0.0,-0.9524340992609523,,
206.0,2016-06-01,Friesland,-1.2003320939717053,-0.4171128423962051,0.253248057889085,0.0,-0.6815982209571082,,
207.0,2016-06-01,Gelderland,0.0073958084936324,-0.6866699559605512,0.0224397013319442,0.0,0.9589488557843924,,
208.0,2016-06-01,Groningen,-0.2121910828637017,-0.1475557288318591,1.6380981972319293,0.0,-1.0289073219540792,,
209.0,2016-06-01,Limburg,-0.2121910828637017,0.3915584982968328,0.253248057889085,0.0,0.0075417125728072,,
210.0,2016-06-01,Noord-Brabant,0.0073958084936324,0.9306727254255248,0.253248057889085,0.0,1.359605384092034,,
211.0,2016-06-01,Noord-Holland,0.4465695912083007,0.3915584982968328,0.4840564144462256,0.0,1.0743410235384998,,
212.0,2016-06-01,Overijssel,-1.2003320939717053,-0.4171128423962051,0.0224397013319442,0.0,0.1062752550472887,,
213.0,2016-06-01,Utrecht,0.1171892541722995,-0.4171128423962051,-0.2083686552251964,0.0,0.2266786376344053,,
214.0,2016-06-01,Zeeland,-0.65136486557837,,0.4840564144462256,0.0,-1.5053621895354865,,
215.0,2016-06-01,Zuid-Holland,0.775949928244302,-0.1475557288318591,0.4840564144462256,0.0,1.487081592756217,,
216.0,2016-07-01,Drenthe,-1.3101255396503724,,-1.1316020814537593,0.0,-1.0521706297180344,,
217.0,2016-07-01,Flevoland,-1.0905386482930384,,-0.9007937248966186,0.0,-0.9524340992609523,,
218.0,2016-07-01,Friesland,-1.3101255396503724,-1.7648984102179353,-0.6699853683394779,0.0,-0.6815982209571082,,
219.0,2016-07-01,Gelderland,0.1171892541722995,-1.2257841830892433,-0.2083686552251964,0.0,0.9589488557843924,,
220.0,2016-07-01,Groningen,-0.4317779742210358,-0.9562270695248972,-0.2083686552251964,0.0,-1.0289073219540792,,
221.0,2016-07-01,Limburg,-0.3219845285423687,-0.6866699559605512,-0.2083686552251964,0.0,0.0075417125728072,,
222.0,2016-07-01,Noord-Brabant,-0.2121910828637017,-0.1475557288318591,0.0224397013319442,0.0,1.359605384092034,,
223.0,2016-07-01,Noord-Holland,0.3367761455296337,-0.4171128423962051,-0.2083686552251964,0.0,1.0743410235384998,,
224.0,2016-07-01,Overijssel,-1.0905386482930384,-1.2257841830892433,-0.9007937248966186,0.0,0.1062752550472887,,
225.0,2016-07-01,Utrecht,0.2269826998509666,-1.2257841830892433,-0.6699853683394779,0.0,0.2266786376344053,,
226.0,2016-07-01,Zeeland,-0.9807452026143711,,-0.6699853683394779,0.0,-1.5053621895354865,,
227.0,2016-07-01,Zuid-Holland,0.5563630368869679,-1.2257841830892433,-0.2083686552251964,0.0,1.487081592756217,,
228.0,2016-08-01,Drenthe,-1.0905386482930384,,-1.1316020814537593,0.0,-1.0521706297180344,,
229.0,2016-08-01,Flevoland,-0.9807452026143711,,-0.9007937248966186,0.0,-0.9524340992609523,,
230.0,2016-08-01,Friesland,-1.3101255396503724,-1.4953412966535893,-0.9007937248966186,0.0,-0.6815982209571082,,
231.0,2016-08-01,Gelderland,0.1171892541722995,-1.2257841830892433,-0.6699853683394779,0.0,0.9589488557843924,,
232.0,2016-08-01,Groningen,-0.3219845285423687,-1.2257841830892433,-0.2083686552251964,0.0,-1.0289073219540792,,
233.0,2016-08-01,Limburg,-0.1023976371850346,-0.9562270695248972,-0.4391770117823371,0.0,0.0075417125728072,,
234.0,2016-08-01,Noord-Brabant,0.0073958084936324,-0.4171128423962051,-0.2083686552251964,0.0,1.359605384092034,,
235.0,2016-08-01,Noord-Holland,0.5563630368869679,-0.1475557288318591,0.0224397013319442,0.0,1.0743410235384998,,
236.0,2016-08-01,Overijssel,-1.0905386482930384,-1.4953412966535893,-0.9007937248966186,0.0,0.1062752550472887,,
237.0,2016-08-01,Utrecht,0.2269826998509666,-0.9562270695248972,-0.6699853683394779,0.0,0.2266786376344053,,
238.0,2016-08-01,Zeeland,-0.65136486557837,,0.7148647710033664,0.0,-1.5053621895354865,,
239.0,2016-08-01,Zuid-Holland,0.775949928244302,-0.4171128423962051,0.0224397013319442,0.0,1.487081592756217,,
240.0,2016-09-01,Drenthe,-0.65136486557837,,0.0224397013319442,0.0,-1.0521706297180344,,
241.0,2016-09-01,Flevoland,-0.5415714198997029,,0.7148647710033664,0.0,-0.9524340992609523,,
242.0,2016-09-01,Friesland,-0.8709517569357041,-0.4171128423962051,0.0224397013319442,0.0,-0.6815982209571082,,
243.0,2016-09-01,Gelderland,0.9955368196016362,-0.4171128423962051,1.4072898406747885,0.0,0.9589488557843924,,
244.0,2016-09-01,Groningen,0.3367761455296337,0.1220013847324868,1.176481484117648,0.0,-1.0289073219540792,,
245.0,2016-09-01,Limburg,0.5563630368869679,-0.4171128423962051,0.9456731275605073,0.0,0.0075417125728072,,
246.0,2016-09-01,Noord-Brabant,0.775949928244302,0.6611156118611788,1.4072898406747885,0.0,1.359605384092034,,
247.0,2016-09-01,Noord-Holland,1.5445040479949714,0.3915584982968328,0.9456731275605073,0.0,1.0743410235384998,,
248.0,2016-09-01,Overijssel,-0.65136486557837,-0.1475557288318591,0.253248057889085,0.0,0.1062752550472887,,
249.0,2016-09-01,Utrecht,1.2151237109589703,-0.4171128423962051,0.4840564144462256,0.0,0.2266786376344053,,
250.0,2016-09-01,Zeeland,-0.1023976371850346,,0.7148647710033664,0.0,-1.5053621895354865,,
251.0,2016-09-01,Zuid-Holland,1.8738843850309728,0.3915584982968328,1.176481484117648,0.0,1.487081592756217,,
252.0,2016-10-01,Drenthe,-0.761158311257037,,-0.6699853683394779,0.0,-1.0521706297180344,,
253.0,2016-10-01,Flevoland,-0.4317779742210358,,-0.4391770117823371,0.0,-0.9524340992609523,,
254.0,2016-10-01,Friesland,-0.761158311257037,-0.4171128423962051,-1.1316020814537593,0.0,-0.6815982209571082,,
255.0,2016-10-01,Gelderland,0.8857433739229691,0.3915584982968328,0.4840564144462256,0.0,0.9589488557843924,,
256.0,2016-10-01,Groningen,0.5563630368869679,0.1220013847324868,0.7148647710033664,0.0,-1.0289073219540792,,
257.0,2016-10-01,Limburg,0.5563630368869679,0.6611156118611788,0.0224397013319442,0.0,0.0075417125728072,,
258.0,2016-10-01,Noord-Brabant,0.775949928244302,0.9306727254255248,0.7148647710033664,0.0,1.359605384092034,,
259.0,2016-10-01,Noord-Holland,1.2151237109589703,0.9306727254255248,0.253248057889085,0.0,1.0743410235384998,,
260.0,2016-10-01,Overijssel,-0.5415714198997029,0.1220013847324868,-0.4391770117823371,0.0,0.1062752550472887,,
261.0,2016-10-01,Utrecht,0.8857433739229691,0.1220013847324868,-0.2083686552251964,0.0,0.2266786376344053,,
262.0,2016-10-01,Zeeland,0.1171892541722995,,0.0224397013319442,0.0,-1.5053621895354865,,
263.0,2016-10-01,Zuid-Holland,1.5445040479949714,0.6611156118611788,0.253248057889085,0.0,1.487081592756217,,
264.0,2016-11-01,Drenthe,-0.1023976371850346,,-0.6699853683394779,0.0,-1.0521706297180344,,
265.0,2016-11-01,Flevoland,0.3367761455296337,,-0.4391770117823371,0.0,-0.9524340992609523,,
266.0,2016-11-01,Friesland,-0.2121910828637017,-0.1475557288318591,-0.9007937248966186,0.0,-0.6815982209571082,,
267.0,2016-11-01,Gelderland,1.3249171566376374,0.6611156118611788,0.9456731275605073,0.0,0.9589488557843924,,
268.0,2016-11-01,Groningen,0.9955368196016362,0.1220013847324868,0.9456731275605073,0.0,-1.0289073219540792,,
269.0,2016-11-01,Limburg,0.8857433739229691,0.6611156118611788,0.0224397013319442,0.0,0.0075417125728072,,
270.0,2016-11-01,Noord-Brabant,1.2151237109589703,1.200229838989871,0.7148647710033664,0.0,1.359605384092034,,
271.0,2016-11-01,Noord-Holland,1.98367783070964,0.9306727254255248,0.253248057889085,0.0,1.0743410235384998,,
272.0,2016-11-01,Overijssel,0.1171892541722995,0.3915584982968328,-0.2083686552251964,0.0,0.1062752550472887,,
273.0,2016-11-01,Utrecht,1.6542974936736383,0.3915584982968328,0.0224397013319442,0.0,0.2266786376344053,,
274.0,2016-11-01,Zeeland,0.4465695912083007,,-0.2083686552251964,0.0,-1.5053621895354865,,
275.0,2016-11-01,Zuid-Holland,2.203264722066974,0.6611156118611788,0.253248057889085,0.0,1.487081592756217,,
276.0,2016-12-01,Drenthe,0.3367761455296337,,1.4072898406747885,0.0,-1.0521706297180344,,
277.0,2016-12-01,Flevoland,1.1053302652803032,,1.4072898406747885,0.0,-0.9524340992609523,,
278.0,2016-12-01,Friesland,0.666156482565635,1.200229838989871,0.9456731275605073,0.0,-0.6815982209571082,,
279.0,2016-12-01,Gelderland,1.8738843850309728,2.548015406811601,3.2537566931319137,0.0,0.9589488557843924,,
280.0,2016-12-01,Groningen,1.5445040479949714,2.0089011796829093,3.7153734062461954,0.0,-1.0289073219540792,,
281.0,2016-12-01,Limburg,1.5445040479949714,2.278458293247255,1.6380981972319293,0.0,0.0075417125728072,,
282.0,2016-12-01,Noord-Brabant,1.8738843850309728,3.087129633940293,2.7921399800176325,0.0,1.359605384092034,,
283.0,2016-12-01,Noord-Holland,2.642438504781642,3.087129633940293,2.7921399800176325,0.0,1.0743410235384998,,
284.0,2016-12-01,Overijssel,0.775949928244302,2.548015406811601,1.6380981972319293,0.0,0.1062752550472887,,
285.0,2016-12-01,Utrecht,2.313058167745641,2.548015406811601,2.330523266903352,0.0,0.2266786376344053,,
286.0,2016-12-01,Zeeland,1.4347106023163043,,2.330523266903352,0.0,-1.5053621895354865,,
287.0,2016-12-01,Zuid-Holland,2.8620253961389763,2.8175725203759474,3.0229483365747734,0.0,1.487081592756217,,
288.0,2017-01-01,Drenthe,0.2269826998509666,,1.86890655378907,0.0,-1.0521706297180344,,
289.0,2017-01-01,Flevoland,0.5563630368869679,,1.86890655378907,0.0,-0.9524340992609523,,
290.0,2017-01-01,Friesland,0.2269826998509666,2.278458293247255,1.6380981972319293,0.0,-0.6815982209571082,,
291.0,2017-01-01,Gelderland,1.98367783070964,3.087129633940293,3.7153734062461954,0.0,0.9589488557843924,,
292.0,2017-01-01,Groningen,1.4347106023163043,3.087129633940293,4.407798475917618,0.0,-1.0289073219540792,,
293.0,2017-01-01,Limburg,1.6542974936736383,2.548015406811601,1.86890655378907,0.0,0.0075417125728072,,
294.0,2017-01-01,Noord-Brabant,1.8738843850309728,3.35668674750464,2.7921399800176325,0.0,1.359605384092034,,
295.0,2017-01-01,Noord-Holland,2.642438504781642,3.087129633940293,2.561331623460492,0.0,1.0743410235384998,,
296.0,2017-01-01,Overijssel,0.4465695912083007,3.087129633940293,1.86890655378907,0.0,0.1062752550472887,,
297.0,2017-01-01,Utrecht,2.203264722066974,2.8175725203759474,2.330523266903352,0.0,0.2266786376344053,,
298.0,2017-01-01,Zeeland,0.9955368196016362,,2.561331623460492,0.0,-1.5053621895354865,,
299.0,2017-01-01,Zuid-Holland,2.8620253961389763,2.548015406811601,2.561331623460492,0.0,1.487081592756217,,
300.0,2017-02-01,Drenthe,-0.4317779742210358,,2.561331623460492,0.0,-1.0521706297180344,,
301.0,2017-02-01,Flevoland,0.0073958084936324,,2.561331623460492,0.0,-0.9524340992609523,,
302.0,2017-02-01,Friesland,-0.3219845285423687,3.626243861068985,2.330523266903352,0.0,-0.6815982209571082,,
303.0,2017-02-01,Gelderland,1.2151237109589703,3.35668674750464,3.946181762803336,0.0,0.9589488557843924,,
304.0,2017-02-01,Groningen,0.3367761455296337,2.8175725203759474,4.407798475917618,0.0,-1.0289073219540792,,
305.0,2017-02-01,Limburg,0.8857433739229691,2.278458293247255,1.6380981972319293,0.0,0.0075417125728072,,
306.0,2017-02-01,Noord-Brabant,1.2151237109589703,3.35668674750464,2.7921399800176325,0.0,1.359605384092034,,
307.0,2017-02-01,Noord-Holland,1.6542974936736383,3.8958009746333313,3.0229483365747734,0.0,1.0743410235384998,,
308.0,2017-02-01,Overijssel,0.0073958084936324,3.35668674750464,2.7921399800176325,0.0,0.1062752550472887,,
309.0,2017-02-01,Utrecht,1.3249171566376374,3.087129633940293,2.561331623460492,0.0,0.2266786376344053,,
310.0,2017-02-01,Zeeland,0.5563630368869679,,2.330523266903352,0.0,-1.5053621895354865,,
311.0,2017-02-01,Zuid-Holland,2.093471276388307,3.35668674750464,3.0229483365747734,0.0,1.487081592756217,,
312.0,2017-03-01,Drenthe,-0.65136486557837,,-0.4391770117823371,0.0,-1.0521706297180344,,
313.0,2017-03-01,Flevoland,-0.2121910828637017,,-0.2083686552251964,0.0,-0.9524340992609523,,
314.0,2017-03-01,Friesland,-0.65136486557837,0.1220013847324868,0.0224397013319442,0.0,-0.6815982209571082,,
315.0,2017-03-01,Gelderland,0.9955368196016362,0.1220013847324868,1.176481484117648,0.0,0.9589488557843924,,
316.0,2017-03-01,Groningen,0.3367761455296337,0.3915584982968328,1.176481484117648,0.0,-1.0289073219540792,,
317.0,2017-03-01,Limburg,0.4465695912083007,0.1220013847324868,0.253248057889085,0.0,0.0075417125728072,,
318.0,2017-03-01,Noord-Brabant,0.8857433739229691,0.6611156118611788,0.7148647710033664,0.0,1.359605384092034,,
319.0,2017-03-01,Noord-Holland,1.7640909393523057,0.9306727254255248,0.9456731275605073,0.0,1.0743410235384998,,
320.0,2017-03-01,Overijssel,-0.4317779742210358,-0.1475557288318591,0.0224397013319442,0.0,0.1062752550472887,,
321.0,2017-03-01,Utrecht,1.2151237109589703,0.3915584982968328,0.4840564144462256,0.0,0.2266786376344053,,
322.0,2017-03-01,Zeeland,0.1171892541722995,,0.4840564144462256,0.0,-1.5053621895354865,,
323.0,2017-03-01,Zuid-Holland,2.203264722066974,0.6611156118611788,1.176481484117648,0.0,1.487081592756217,,
324.0,2017-04-01,Drenthe,-0.9807452026143711,,-0.4391770117823371,0.0,-1.0521706297180344,,
325.0,2017-04-01,Flevoland,-0.8709517569357041,,-0.2083686552251964,0.0,-0.9524340992609523,,
326.0,2017-04-01,Friesland,-1.3101255396503724,-0.6866699559605512,-0.9007937248966186,0.0,-0.6815982209571082,,
327.0,2017-04-01,Gelderland,0.5563630368869679,0.3915584982968328,0.9456731275605073,0.0,0.9589488557843924,,
328.0,2017-04-01,Groningen,-0.4317779742210358,-0.4171128423962051,0.0224397013319442,0.0,-1.0289073219540792,,
329.0,2017-04-01,Limburg,0.3367761455296337,0.9306727254255248,0.9456731275605073,0.0,0.0075417125728072,,
330.0,2017-04-01,Noord-Brabant,0.3367761455296337,0.6611156118611788,0.4840564144462256,0.0,1.359605384092034,,
331.0,2017-04-01,Noord-Holland,0.775949928244302,0.1220013847324868,0.253248057889085,0.0,1.0743410235384998,,
332.0,2017-04-01,Overijssel,-1.0905386482930384,0.1220013847324868,-0.4391770117823371,0.0,0.1062752550472887,,
333.0,2017-04-01,Utrecht,0.4465695912083007,-0.1475557288318591,-0.2083686552251964,0.0,0.2266786376344053,,
334.0,2017-04-01,Zeeland,-0.4317779742210358,,0.7148647710033664,0.0,-1.5053621895354865,,
335.0,2017-04-01,Zuid-Holland,1.1053302652803032,0.3915584982968328,0.7148647710033664,0.0,1.487081592756217,,
336.0,2017-05-01,Drenthe,-0.65136486557837,,-0.9007937248966186,0.0,-1.0521706297180344,,
337.0,2017-05-01,Flevoland,-0.761158311257037,,-0.9007937248966186,0.0,-0.9524340992609523,,
338.0,2017-05-01,Friesland,-1.0905386482930384,-0.4171128423962051,-0.6699853683394779,0.0,-0.6815982209571082,,
339.0,2017-05-01,Gelderland,0.3367761455296337,0.1220013847324868,0.253248057889085,0.0,0.9589488557843924,,
340.0,2017-05-01,Groningen,-0.2121910828637017,-0.4171128423962051,0.253248057889085,0.0,-1.0289073219540792,,
341.0,2017-05-01,Limburg,0.0073958084936324,-0.1475557288318591,-0.2083686552251964,0.0,0.0075417125728072,,
342.0,2017-05-01,Noord-Brabant,0.3367761455296337,0.1220013847324868,0.0224397013319442,0.0,1.359605384092034,,
343.0,2017-05-01,Noord-Holland,0.775949928244302,0.1220013847324868,0.0224397013319442,0.0,1.0743410235384998,,
344.0,2017-05-01,Overijssel,-0.9807452026143711,-0.6866699559605512,-0.4391770117823371,0.0,0.1062752550472887,,
345.0,2017-05-01,Utrecht,0.1171892541722995,-0.1475557288318591,-0.4391770117823371,0.0,0.2266786376344053,,
346.0,2017-05-01,Zeeland,-0.2121910828637017,,-0.2083686552251964,0.0,-1.5053621895354865,,
347.0,2017-05-01,Zuid-Holland,0.9955368196016362,0.1220013847324868,0.0224397013319442,0.0,1.487081592756217,,
348.0,2017-06-01,Drenthe,-0.8709517569357041,,-0.6699853683394779,0.0,-1.0521706297180344,,
349.0,2017-06-01,Flevoland,-0.9807452026143711,,-0.9007937248966186,0.0,-0.9524340992609523,,
350.0,2017-06-01,Friesland,-1.2003320939717053,-0.9562270695248972,-1.1316020814537593,0.0,-0.6815982209571082,,
351.0,2017-06-01,Gelderland,0.2269826998509666,-0.4171128423962051,0.253248057889085,0.0,0.9589488557843924,,
352.0,2017-06-01,Groningen,-0.4317779742210358,-0.9562270695248972,0.4840564144462256,0.0,-1.0289073219540792,,
353.0,2017-06-01,Limburg,-0.1023976371850346,-0.6866699559605512,0.253248057889085,0.0,0.0075417125728072,,
354.0,2017-06-01,Noord-Brabant,-0.1023976371850346,-0.1475557288318591,0.253248057889085,0.0,1.359605384092034,,
355.0,2017-06-01,Noord-Holland,0.4465695912083007,-0.4171128423962051,0.253248057889085,0.0,1.0743410235384998,,
356.0,2017-06-01,Overijssel,-0.9807452026143711,-0.9562270695248972,-0.4391770117823371,0.0,0.1062752550472887,,
357.0,2017-06-01,Utrecht,0.0073958084936324,-0.6866699559605512,-0.2083686552251964,0.0,0.2266786376344053,,
358.0,2017-06-01,Zeeland,-0.65136486557837,,-0.2083686552251964,0.0,-1.5053621895354865,,
359.0,2017-06-01,Zuid-Holland,0.666156482565635,-0.4171128423962051,0.253248057889085,0.0,1.487081592756217,,
360.0,2017-07-01,Drenthe,-1.3101255396503724,,-1.3624104380109,0.0,-1.0521706297180344,,
361.0,2017-07-01,Flevoland,-1.0905386482930384,,-1.1316020814537593,0.0,-0.9524340992609523,,
362.0,2017-07-01,Friesland,-1.3101255396503724,-1.7648984102179353,-1.3624104380109,0.0,-0.6815982209571082,,
363.0,2017-07-01,Gelderland,0.0073958084936324,-0.6866699559605512,-0.2083686552251964,0.0,0.9589488557843924,,
364.0,2017-07-01,Groningen,-0.5415714198997029,-1.4953412966535893,0.253248057889085,0.0,-1.0289073219540792,,
365.0,2017-07-01,Limburg,-0.3219845285423687,-0.6866699559605512,-0.2083686552251964,0.0,0.0075417125728072,,
366.0,2017-07-01,Noord-Brabant,-0.2121910828637017,-0.4171128423962051,-0.4391770117823371,0.0,1.359605384092034,,
367.0,2017-07-01,Noord-Holland,0.2269826998509666,-0.6866699559605512,-0.2083686552251964,0.0,1.0743410235384998,,
368.0,2017-07-01,Overijssel,-1.2003320939717053,-1.2257841830892433,-0.6699853683394779,0.0,0.1062752550472887,,
369.0,2017-07-01,Utrecht,-0.1023976371850346,-0.9562270695248972,-0.6699853683394779,0.0,0.2266786376344053,,
370.0,2017-07-01,Zeeland,-0.8709517569357041,,-0.6699853683394779,0.0,-1.5053621895354865,,
371.0,2017-07-01,Zuid-Holland,0.4465695912083007,-0.6866699559605512,-0.2083686552251964,0.0,1.487081592756217,,
372.0,2017-08-01,Drenthe,-1.0905386482930384,,-1.1316020814537593,0.0,-1.0521706297180344,,
373.0,2017-08-01,Flevoland,-0.761158311257037,,-0.6699853683394779,0.0,-0.9524340992609523,,
374.0,2017-08-01,Friesland,-1.2003320939717053,-1.4953412966535893,-1.1316020814537593,0.0,-0.6815982209571082,,
375.0,2017-08-01,Gelderland,0.2269826998509666,-0.1475557288318591,0.253248057889085,0.0,0.9589488557843924,,
376.0,2017-08-01,Groningen,-0.4317779742210358,-0.6866699559605512,1.176481484117648,0.0,-1.0289073219540792,,
377.0,2017-08-01,Limburg,0.0073958084936324,-0.1475557288318591,0.0224397013319442,0.0,0.0075417125728072,,
378.0,2017-08-01,Noord-Brabant,0.2269826998509666,0.1220013847324868,0.0224397013319442,0.0,1.359605384092034,,
379.0,2017-08-01,Noord-Holland,0.775949928244302,-0.1475557288318591,0.253248057889085,0.0,1.0743410235384998,,
380.0,2017-08-01,Overijssel,-0.9807452026143711,-0.6866699559605512,-0.6699853683394779,0.0,0.1062752550472887,,
381.0,2017-08-01,Utrecht,0.3367761455296337,-0.4171128423962051,-0.4391770117823371,0.0,0.2266786376344053,,
382.0,2017-08-01,Zeeland,-0.5415714198997029,,0.0224397013319442,0.0,-1.5053621895354865,,
383.0,2017-08-01,Zuid-Holland,1.1053302652803032,-0.1475557288318591,0.253248057889085,0.0,1.487081592756217,,
384.0,2017-09-01,Drenthe,-0.9807452026143711,,-1.3624104380109,0.0,-1.0521706297180344,,
385.0,2017-09-01,Flevoland,-0.5415714198997029,,-0.9007937248966186,0.0,-0.9524340992609523,,
386.0,2017-09-01,Friesland,-1.0905386482930384,-0.6866699559605512,-1.1316020814537593,0.0,-0.6815982209571082,,
387.0,2017-09-01,Gelderland,0.4465695912083007,0.1220013847324868,0.0224397013319442,0.0,0.9589488557843924,,
388.0,2017-09-01,Groningen,0.0073958084936324,-0.1475557288318591,0.7148647710033664,0.0,-1.0289073219540792,,
389.0,2017-09-01,Limburg,0.0073958084936324,-0.4171128423962051,-0.4391770117823371,0.0,0.0075417125728072,,
390.0,2017-09-01,Noord-Brabant,0.3367761455296337,0.1220013847324868,0.0224397013319442,0.0,1.359605384092034,,
391.0,2017-09-01,Noord-Holland,1.1053302652803032,0.1220013847324868,0.253248057889085,0.0,1.0743410235384998,,
392.0,2017-09-01,Overijssel,-0.761158311257037,-0.1475557288318591,-0.9007937248966186,0.0,0.1062752550472887,,
393.0,2017-09-01,Utrecht,0.666156482565635,-0.1475557288318591,-0.4391770117823371,0.0,0.2266786376344053,,
394.0,2017-09-01,Zeeland,-0.5415714198997029,,-0.4391770117823371,0.0,-1.5053621895354865,,
395.0,2017-09-01,Zuid-Holland,1.4347106023163043,0.3915584982968328,0.0224397013319442,0.0,1.487081592756217,,
396.0,2017-10-01,Drenthe,-0.8709517569357041,,-1.1316020814537593,0.0,-1.0521706297180344,,
397.0,2017-10-01,Flevoland,-0.4317779742210358,,-0.4391770117823371,0.0,-0.9524340992609523,,
398.0,2017-10-01,Friesland,-1.0905386482930384,-0.9562270695248972,-0.6699853683394779,0.0,-0.6815982209571082,,
399.0,2017-10-01,Gelderland,0.5563630368869679,-0.4171128423962051,0.4840564144462256,0.0,0.9589488557843924,,
400.0,2017-10-01,Groningen,-0.1023976371850346,-0.9562270695248972,0.9456731275605073,0.0,-1.0289073219540792,,
401.0,2017-10-01,Limburg,0.0073958084936324,-0.6866699559605512,-0.2083686552251964,0.0,0.0075417125728072,,
402.0,2017-10-01,Noord-Brabant,0.3367761455296337,-0.4171128423962051,0.253248057889085,0.0,1.359605384092034,,
403.0,2017-10-01,Noord-Holland,0.775949928244302,-0.4171128423962051,0.4840564144462256,0.0,1.0743410235384998,,
404.0,2017-10-01,Overijssel,-0.65136486557837,-0.6866699559605512,-0.4391770117823371,0.0,0.1062752550472887,,
405.0,2017-10-01,Utrecht,0.5563630368869679,-0.6866699559605512,0.0224397013319442,0.0,0.2266786376344053,,
406.0,2017-10-01,Zeeland,-0.65136486557837,,-0.4391770117823371,0.0,-1.5053621895354865,,
407.0,2017-10-01,Zuid-Holland,1.1053302652803032,-0.1475557288318591,0.7148647710033664,0.0,1.487081592756217,,
408.0,2017-11-01,Drenthe,-0.3219845285423687,,-1.1316020814537593,0.0,-1.0521706297180344,,
409.0,2017-11-01,Flevoland,0.2269826998509666,,-0.9007937248966186,0.0,-0.9524340992609523,,
410.0,2017-11-01,Friesland,-0.65136486557837,-0.4171128423962051,-0.9007937248966186,0.0,-0.6815982209571082,,
411.0,2017-11-01,Gelderland,1.3249171566376374,0.6611156118611788,0.4840564144462256,0.0,0.9589488557843924,,
412.0,2017-11-01,Groningen,0.666156482565635,-0.4171128423962051,0.4840564144462256,0.0,-1.0289073219540792,,
413.0,2017-11-01,Limburg,0.5563630368869679,0.6611156118611788,0.0224397013319442,0.0,0.0075417125728072,,
414.0,2017-11-01,Noord-Brabant,1.1053302652803032,0.9306727254255248,0.4840564144462256,0.0,1.359605384092034,,
415.0,2017-11-01,Noord-Holland,1.7640909393523057,0.1220013847324868,0.4840564144462256,0.0,1.0743410235384998,,
416.0,2017-11-01,Overijssel,-0.1023976371850346,0.3915584982968328,-0.2083686552251964,0.0,0.1062752550472887,,
417.0,2017-11-01,Utrecht,1.5445040479949714,0.3915584982968328,0.0224397013319442,0.0,0.2266786376344053,,
418.0,2017-11-01,Zeeland,-0.2121910828637017,,-0.4391770117823371,0.0,-1.5053621895354865,,
419.0,2017-11-01,Zuid-Holland,1.98367783070964,0.3915584982968328,0.7148647710033664,0.0,1.487081592756217,,
420.0,2017-12-01,Drenthe,-0.5415714198997029,,-1.824027151125181,0.0,-1.0521706297180344,,
421.0,2017-12-01,Flevoland,0.1171892541722995,,-1.3624104380109,0.0,-0.9524340992609523,,
422.0,2017-12-01,Friesland,-0.761158311257037,-0.6866699559605512,-1.5932187945680407,0.0,-0.6815982209571082,,
423.0,2017-12-01,Gelderland,1.2151237109589703,0.1220013847324868,0.0224397013319442,0.0,0.9589488557843924,,
424.0,2017-12-01,Groningen,0.3367761455296337,-0.4171128423962051,-0.2083686552251964,0.0,-1.0289073219540792,,
425.0,2017-12-01,Limburg,0.4465695912083007,0.1220013847324868,-0.6699853683394779,0.0,0.0075417125728072,,
426.0,2017-12-01,Noord-Brabant,0.8857433739229691,0.3915584982968328,-0.2083686552251964,0.0,1.359605384092034,,
427.0,2017-12-01,Noord-Holland,1.4347106023163043,0.1220013847324868,0.0224397013319442,0.0,1.0743410235384998,,
428.0,2017-12-01,Overijssel,-0.3219845285423687,-0.1475557288318591,-1.3624104380109,0.0,0.1062752550472887,,
429.0,2017-12-01,Utrecht,1.3249171566376374,0.1220013847324868,-0.4391770117823371,0.0,0.2266786376344053,,
430.0,2017-12-01,Zeeland,0.0073958084936324,,-0.9007937248966186,0.0,-1.5053621895354865,,
431.0,2017-12-01,Zuid-Holland,1.7640909393523057,0.3915584982968328,0.0224397013319442,0.0,1.487081592756217,,
432.0,2018-01-01,Drenthe,-0.5415714198997029,,-0.6699853683394779,0.0,-1.0521706297180344,,
433.0,2018-01-01,Flevoland,-0.1023976371850346,,-0.6699853683394779,0.0,-0.9524340992609523,,
434.0,2018-01-01,Friesland,-0.65136486557837,-0.1475557288318591,-0.6699853683394779,0.0,-0.6815982209571082,,
435.0,2018-01-01,Gelderland,0.666156482565635,0.3915584982968328,0.253248057889085,0.0,0.9589488557843924,,
436.0,2018-01-01,Groningen,0.4465695912083007,0.3915584982968328,1.4072898406747885,0.0,-1.0289073219540792,,
437.0,2018-01-01,Limburg,0.1171892541722995,0.1220013847324868,-0.4391770117823371,0.0,0.0075417125728072,,
438.0,2018-01-01,Noord-Brabant,0.666156482565635,0.6611156118611788,0.253248057889085,0.0,1.359605384092034,,
439.0,2018-01-01,Noord-Holland,1.1053302652803032,0.6611156118611788,0.4840564144462256,0.0,1.0743410235384998,,
440.0,2018-01-01,Overijssel,-0.4317779742210358,0.1220013847324868,-0.4391770117823371,0.0,0.1062752550472887,,
441.0,2018-01-01,Utrecht,0.8857433739229691,0.3915584982968328,0.0224397013319442,0.0,0.2266786376344053,,
442.0,2018-01-01,Zeeland,-0.2121910828637017,,-0.4391770117823371,0.0,-1.5053621895354865,,
443.0,2018-01-01,Zuid-Holland,1.5445040479949714,0.6611156118611788,0.4840564144462256,0.0,1.487081592756217,,
444.0,2018-02-01,Drenthe,-0.2121910828637017,,0.9456731275605073,0.0,-1.0521706297180344,,
445.0,2018-02-01,Flevoland,0.0073958084936324,,2.330523266903352,0.0,-0.9524340992609523,,
446.0,2018-02-01,Friesland,-0.4317779742210358,2.0089011796829093,0.9456731275605073,0.0,-0.6815982209571082,,
447.0,2018-02-01,Gelderland,1.2151237109589703,2.278458293247255,2.561331623460492,0.0,0.9589488557843924,,
448.0,2018-02-01,Groningen,0.666156482565635,2.0089011796829093,3.2537566931319137,0.0,-1.0289073219540792,,
449.0,2018-02-01,Limburg,0.775949928244302,2.278458293247255,1.6380981972319293,0.0,0.0075417125728072,,
450.0,2018-02-01,Noord-Brabant,1.1053302652803032,2.278458293247255,1.6380981972319293,0.0,1.359605384092034,,
451.0,2018-02-01,Noord-Holland,1.5445040479949714,2.548015406811601,2.0997149103462105,0.0,1.0743410235384998,,
452.0,2018-02-01,Overijssel,-0.1023976371850346,2.278458293247255,1.4072898406747885,0.0,0.1062752550472887,,
453.0,2018-02-01,Utrecht,1.1053302652803032,2.0089011796829093,1.6380981972319293,0.0,0.2266786376344053,,
454.0,2018-02-01,Zeeland,0.3367761455296337,,0.9456731275605073,0.0,-1.5053621895354865,,
455.0,2018-02-01,Zuid-Holland,1.7640909393523057,2.278458293247255,1.86890655378907,0.0,1.487081592756217,,
456.0,2018-03-01,Drenthe,-0.65136486557837,,0.0224397013319442,0.0,-1.0521706297180344,,
457.0,2018-03-01,Flevoland,-0.3219845285423687,,1.176481484117648,0.0,-0.9524340992609523,,
458.0,2018-03-01,Friesland,-0.761158311257037,2.0089011796829093,1.4072898406747885,0.0,-0.6815982209571082,,
459.0,2018-03-01,Gelderland,0.5563630368869679,1.7393440661185628,1.86890655378907,0.0,0.9589488557843924,,
460.0,2018-03-01,Groningen,0.2269826998509666,2.0089011796829093,3.2537566931319137,0.0,-1.0289073219540792,,
461.0,2018-03-01,Limburg,0.2269826998509666,1.4697869525542169,0.7148647710033664,0.0,0.0075417125728072,,
462.0,2018-03-01,Noord-Brabant,0.775949928244302,1.7393440661185628,1.4072898406747885,0.0,1.359605384092034,,
463.0,2018-03-01,Noord-Holland,1.5445040479949714,2.548015406811601,2.330523266903352,0.0,1.0743410235384998,,
464.0,2018-03-01,Overijssel,-0.5415714198997029,1.4697869525542169,1.176481484117648,0.0,0.1062752550472887,,
465.0,2018-03-01,Utrecht,0.8857433739229691,1.7393440661185628,1.4072898406747885,0.0,0.2266786376344053,,
466.0,2018-03-01,Zeeland,0.1171892541722995,,0.7148647710033664,0.0,-1.5053621895354865,,
467.0,2018-03-01,Zuid-Holland,1.8738843850309728,2.278458293247255,1.86890655378907,0.0,1.487081592756217,,
468.0,2018-04-01,Drenthe,-0.65136486557837,,0.7148647710033664,0.0,-1.0521706297180344,,
469.0,2018-04-01,Flevoland,-0.4317779742210358,,1.176481484117648,0.0,-0.9524340992609523,,
470.0,2018-04-01,Friesland,-0.9807452026143711,1.7393440661185628,1.6380981972319293,0.0,-0.6815982209571082,,
471.0,2018-04-01,Gelderland,0.5563630368869679,1.7393440661185628,2.330523266903352,0.0,0.9589488557843924,,
472.0,2018-04-01,Groningen,0.0073958084936324,1.7393440661185628,2.7921399800176325,0.0,-1.0289073219540792,,
473.0,2018-04-01,Limburg,0.1171892541722995,1.200229838989871,1.4072898406747885,0.0,0.0075417125728072,,
474.0,2018-04-01,Noord-Brabant,0.5563630368869679,2.0089011796829093,1.86890655378907,0.0,1.359605384092034,,
475.0,2018-04-01,Noord-Holland,1.4347106023163043,2.548015406811601,2.561331623460492,0.0,1.0743410235384998,,
476.0,2018-04-01,Overijssel,-0.761158311257037,1.4697869525542169,1.4072898406747885,0.0,0.1062752550472887,,
477.0,2018-04-01,Utrecht,0.775949928244302,2.0089011796829093,2.0997149103462105,0.0,0.2266786376344053,,
478.0,2018-04-01,Zeeland,0.1171892541722995,,1.6380981972319293,0.0,-1.5053621895354865,,
479.0,2018-04-01,Zuid-Holland,1.5445040479949714,2.278458293247255,2.0997149103462105,0.0,1.487081592756217,,
480.0,2018-05-01,Drenthe,-0.761158311257037,,0.4840564144462256,0.0,-1.0521706297180344,,
481.0,2018-05-01,Flevoland,-0.65136486557837,,0.9456731275605073,0.0,-0.9524340992609523,,
482.0,2018-05-01,Friesland,-1.0905386482930384,0.3915584982968328,0.9456731275605073,0.0,-0.6815982209571082,,
483.0,2018-05-01,Gelderland,0.3367761455296337,0.9306727254255248,1.6380981972319293,0.0,0.9589488557843924,,
484.0,2018-05-01,Groningen,-0.2121910828637017,0.6611156118611788,1.176481484117648,0.0,-1.0289073219540792,,
485.0,2018-05-01,Limburg,-0.1023976371850346,0.9306727254255248,1.6380981972319293,0.0,0.0075417125728072,,
486.0,2018-05-01,Noord-Brabant,0.2269826998509666,1.4697869525542169,1.6380981972319293,0.0,1.359605384092034,,
487.0,2018-05-01,Noord-Holland,0.775949928244302,1.7393440661185628,2.0997149103462105,0.0,1.0743410235384998,,
488.0,2018-05-01,Overijssel,-0.9807452026143711,0.1220013847324868,0.9456731275605073,0.0,0.1062752550472887,,
489.0,2018-05-01,Utrecht,0.0073958084936324,0.9306727254255248,1.6380981972319293,0.0,0.2266786376344053,,
490.0,2018-05-01,Zeeland,0.1171892541722995,,2.7921399800176325,0.0,-1.5053621895354865,,
491.0,2018-05-01,Zuid-Holland,0.775949928244302,2.0089011796829093,2.0997149103462105,0.0,1.487081592756217,,
492.0,2018-06-01,Drenthe,-1.0905386482930384,,-0.4391770117823371,0.0,-1.0521706297180344,,
493.0,2018-06-01,Flevoland,-0.8709517569357041,,-0.2083686552251964,0.0,-0.9524340992609523,,
494.0,2018-06-01,Friesland,-1.2003320939717053,-0.6866699559605512,-0.4391770117823371,0.0,-0.6815982209571082,,
495.0,2018-06-01,Gelderland,0.0073958084936324,0.3915584982968328,0.9456731275605073,0.0,0.9589488557843924,,
496.0,2018-06-01,Groningen,-0.5415714198997029,-0.4171128423962051,0.4840564144462256,0.0,-1.0289073219540792,,
497.0,2018-06-01,Limburg,-0.3219845285423687,0.3915584982968328,1.176481484117648,0.0,0.0075417125728072,,
498.0,2018-06-01,Noord-Brabant,-0.2121910828637017,0.3915584982968328,0.7148647710033664,0.0,1.359605384092034,,
499.0,2018-06-01,Noord-Holland,0.1171892541722995,0.1220013847324868,0.7148647710033664,0.0,1.0743410235384998,,
500.0,2018-06-01,Overijssel,-1.2003320939717053,-0.1475557288318591,0.0224397013319442,0.0,0.1062752550472887,,
501.0,2018-06-01,Utrecht,-0.3219845285423687,-0.1475557288318591,0.253248057889085,0.0,0.2266786376344053,,
502.0,2018-06-01,Zeeland,-0.65136486557837,,1.4072898406747885,0.0,-1.5053621895354865,,
503.0,2018-06-01,Zuid-Holland,0.1171892541722995,0.1220013847324868,0.7148647710033664,0.0,1.487081592756217,,
504.0,2018-07-01,Drenthe,-0.9807452026143711,,-0.9007937248966186,0.0,-1.0521706297180344,,
505.0,2018-07-01,Flevoland,-0.761158311257037,,-0.9007937248966186,0.0,-0.9524340992609523,,
506.0,2018-07-01,Friesland,-1.3101255396503724,-1.4953412966535893,-0.6699853683394779,0.0,-0.6815982209571082,,
507.0,2018-07-01,Gelderland,0.1171892541722995,-0.4171128423962051,0.4840564144462256,0.0,0.9589488557843924,,
508.0,2018-07-01,Groningen,-0.5415714198997029,-1.2257841830892433,-0.4391770117823371,0.0,-1.0289073219540792,,
509.0,2018-07-01,Limburg,-0.1023976371850346,-0.1475557288318591,1.4072898406747885,0.0,0.0075417125728072,,
510.0,2018-07-01,Noord-Brabant,0.0073958084936324,-0.4171128423962051,0.4840564144462256,0.0,1.359605384092034,,
511.0,2018-07-01,Noord-Holland,0.3367761455296337,-0.4171128423962051,0.4840564144462256,0.0,1.0743410235384998,,
512.0,2018-07-01,Overijssel,-1.0905386482930384,-0.9562270695248972,-0.6699853683394779,0.0,0.1062752550472887,,
513.0,2018-07-01,Utrecht,-0.2121910828637017,-0.9562270695248972,-0.2083686552251964,0.0,0.2266786376344053,,
514.0,2018-07-01,Zeeland,-0.3219845285423687,,0.0224397013319442,0.0,-1.5053621895354865,,
515.0,2018-07-01,Zuid-Holland,0.2269826998509666,-0.6866699559605512,0.253248057889085,0.0,1.487081592756217,,
516.0,2018-08-01,Drenthe,-0.761158311257037,,-1.1316020814537593,0.0,-1.0521706297180344,,
517.0,2018-08-01,Flevoland,-0.761158311257037,,-0.9007937248966186,0.0,-0.9524340992609523,,
518.0,2018-08-01,Friesland,-1.0905386482930384,-1.4953412966535893,-0.9007937248966186,0.0,-0.6815982209571082,,
519.0,2018-08-01,Gelderland,0.2269826998509666,-0.4171128423962051,0.0224397013319442,0.0,0.9589488557843924,,
520.0,2018-08-01,Groningen,-0.3219845285423687,-1.2257841830892433,-0.6699853683394779,0.0,-1.0289073219540792,,
521.0,2018-08-01,Limburg,0.0073958084936324,-0.4171128423962051,0.4840564144462256,0.0,0.0075417125728072,,
522.0,2018-08-01,Noord-Brabant,0.1171892541722995,-0.4171128423962051,-0.4391770117823371,0.0,1.359605384092034,,
523.0,2018-08-01,Noord-Holland,0.666156482565635,-0.6866699559605512,-0.2083686552251964,0.0,1.0743410235384998,,
524.0,2018-08-01,Overijssel,-0.761158311257037,-0.9562270695248972,-0.9007937248966186,0.0,0.1062752550472887,,
525.0,2018-08-01,Utrecht,0.2269826998509666,-0.6866699559605512,-0.6699853683394779,0.0,0.2266786376344053,,
526.0,2018-08-01,Zeeland,-0.5415714198997029,,-0.9007937248966186,0.0,-1.5053621895354865,,
527.0,2018-08-01,Zuid-Holland,0.666156482565635,-0.6866699559605512,-0.4391770117823371,0.0,1.487081592756217,,
528.0,2018-09-01,Drenthe,-0.761158311257037,,-0.9007937248966186,0.0,-1.0521706297180344,,
529.0,2018-09-01,Flevoland,-0.5415714198997029,,-0.4391770117823371,0.0,-0.9524340992609523,,
530.0,2018-09-01,Friesland,-0.9807452026143711,-1.2257841830892433,-0.9007937248966186,0.0,-0.6815982209571082,,
531.0,2018-09-01,Gelderland,0.666156482565635,-0.1475557288318591,0.253248057889085,0.0,0.9589488557843924,,
532.0,2018-09-01,Groningen,0.0073958084936324,-0.9562270695248972,0.253248057889085,0.0,-1.0289073219540792,,
533.0,2018-09-01,Limburg,0.3367761455296337,-0.1475557288318591,0.4840564144462256,0.0,0.0075417125728072,,
534.0,2018-09-01,Noord-Brabant,0.4465695912083007,-0.1475557288318591,0.253248057889085,0.0,1.359605384092034,,
535.0,2018-09-01,Noord-Holland,0.9955368196016362,-0.4171128423962051,0.253248057889085,0.0,1.0743410235384998,,
536.0,2018-09-01,Overijssel,-0.65136486557837,-0.9562270695248972,-0.9007937248966186,0.0,0.1062752550472887,,
537.0,2018-09-01,Utrecht,0.666156482565635,-0.4171128423962051,-0.2083686552251964,0.0,0.2266786376344053,,
538.0,2018-09-01,Zeeland,-0.4317779742210358,,-0.4391770117823371,0.0,-1.5053621895354865,,
539.0,2018-09-01,Zuid-Holland,1.1053302652803032,-0.4171128423962051,0.0224397013319442,0.0,1.487081592756217,,
540.0,2018-10-01,Drenthe,-0.65136486557837,,-0.4391770117823371,0.0,-1.0521706297180344,,
541.0,2018-10-01,Flevoland,-0.3219845285423687,,0.0224397013319442,0.0,-0.9524340992609523,,
542.0,2018-10-01,Friesland,-0.761158311257037,-0.4171128423962051,-0.2083686552251964,0.0,-0.6815982209571082,,
543.0,2018-10-01,Gelderland,0.9955368196016362,0.3915584982968328,0.7148647710033664,0.0,0.9589488557843924,,
544.0,2018-10-01,Groningen,0.3367761455296337,-0.4171128423962051,1.86890655378907,0.0,-1.0289073219540792,,
545.0,2018-10-01,Limburg,0.5563630368869679,0.6611156118611788,0.9456731275605073,0.0,0.0075417125728072,,
546.0,2018-10-01,Noord-Brabant,0.775949928244302,0.1220013847324868,0.4840564144462256,0.0,1.359605384092034,,
547.0,2018-10-01,Noord-Holland,1.4347106023163043,0.1220013847324868,0.4840564144462256,0.0,1.0743410235384998,,
548.0,2018-10-01,Overijssel,-0.4317779742210358,-0.4171128423962051,-0.4391770117823371,0.0,0.1062752550472887,,
549.0,2018-10-01,Utrecht,0.9955368196016362,-0.1475557288318591,0.253248057889085,0.0,0.2266786376344053,,
550.0,2018-10-01,Zeeland,-0.1023976371850346,,-0.2083686552251964,0.0,-1.5053621895354865,,
551.0,2018-10-01,Zuid-Holland,1.6542974936736383,0.3915584982968328,0.7148647710033664,0.0,1.487081592756217,,
552.0,2018-11-01,Drenthe,-0.2121910828637017,,0.253248057889085,0.0,-1.0521706297180344,,
553.0,2018-11-01,Flevoland,0.2269826998509666,,0.253248057889085,0.0,-0.9524340992609523,,
554.0,2018-11-01,Friesland,-0.1023976371850346,1.200229838989871,0.4840564144462256,0.0,-0.6815982209571082,,
555.0,2018-11-01,Gelderland,0.9955368196016362,1.4697869525542169,0.9456731275605073,0.0,0.9589488557843924,,
556.0,2018-11-01,Groningen,0.666156482565635,1.200229838989871,2.0997149103462105,0.0,-1.0289073219540792,,
557.0,2018-11-01,Limburg,0.775949928244302,1.200229838989871,0.4840564144462256,0.0,0.0075417125728072,,
558.0,2018-11-01,Noord-Brabant,0.9955368196016362,1.4697869525542169,0.9456731275605073,0.0,1.359605384092034,,
559.0,2018-11-01,Noord-Holland,1.6542974936736383,2.0089011796829093,1.176481484117648,0.0,1.0743410235384998,,
560.0,2018-11-01,Overijssel,0.1171892541722995,0.6611156118611788,0.4840564144462256,0.0,0.1062752550472887,,
561.0,2018-11-01,Utrecht,1.1053302652803032,1.4697869525542169,0.9456731275605073,0.0,0.2266786376344053,,
562.0,2018-11-01,Zeeland,0.5563630368869679,,0.9456731275605073,0.0,-1.5053621895354865,,
563.0,2018-11-01,Zuid-Holland,1.6542974936736383,2.0089011796829093,1.176481484117648,0.0,1.487081592756217,,
564.0,2018-12-01,Drenthe,-0.4317779742210358,,-0.9007937248966186,0.0,-1.0521706297180344,,
565.0,2018-12-01,Flevoland,0.0073958084936324,,-0.4391770117823371,0.0,-0.9524340992609523,,
566.0,2018-12-01,Friesland,-0.4317779742210358,-0.4171128423962051,-0.6699853683394779,0.0,-0.6815982209571082,,
567.0,2018-12-01,Gelderland,0.666156482565635,0.6611156118611788,0.253248057889085,0.0,0.9589488557843924,,
568.0,2018-12-01,Groningen,0.3367761455296337,-0.1475557288318591,1.176481484117648,0.0,-1.0289073219540792,,
569.0,2018-12-01,Limburg,0.3367761455296337,0.3915584982968328,-0.2083686552251964,0.0,0.0075417125728072,,
570.0,2018-12-01,Noord-Brabant,0.775949928244302,0.6611156118611788,0.4840564144462256,0.0,1.359605384092034,,
571.0,2018-12-01,Noord-Holland,1.4347106023163043,0.6611156118611788,0.4840564144462256,0.0,1.0743410235384998,,
572.0,2018-12-01,Overijssel,-0.2121910828637017,0.1220013847324868,-0.4391770117823371,0.0,0.1062752550472887,,
573.0,2018-12-01,Utrecht,0.9955368196016362,0.3915584982968328,0.253248057889085,0.0,0.2266786376344053,,
574.0,2018-12-01,Zeeland,-0.1023976371850346,,0.253248057889085,0.0,-1.5053621895354865,,
575.0,2018-12-01,Zuid-Holland,1.5445040479949714,0.6611156118611788,0.7148647710033664,0.0,1.487081592756217,,
576.0,2019-01-01,Drenthe,-0.5415714198997029,,0.4840564144462256,0.0,-1.0521706297180344,,
577.0,2019-01-01,Flevoland,-0.1023976371850346,,0.253248057889085,0.0,-0.9524340992609523,,
578.0,2019-01-01,Friesland,-0.65136486557837,0.6611156118611788,0.4840564144462256,0.0,-0.6815982209571082,,
579.0,2019-01-01,Gelderland,0.8857433739229691,1.4697869525542169,1.176481484117648,0.0,0.9589488557843924,,
580.0,2019-01-01,Groningen,0.4465695912083007,0.6611156118611788,2.561331623460492,0.0,-1.0289073219540792,,
581.0,2019-01-01,Limburg,0.5563630368869679,1.4697869525542169,0.7148647710033664,0.0,0.0075417125728072,,
582.0,2019-01-01,Noord-Brabant,0.9955368196016362,1.200229838989871,1.176481484117648,0.0,1.359605384092034,,
583.0,2019-01-01,Noord-Holland,1.3249171566376374,0.9306727254255248,0.9456731275605073,0.0,1.0743410235384998,,
584.0,2019-01-01,Overijssel,-0.3219845285423687,0.9306727254255248,0.4840564144462256,0.0,0.1062752550472887,,
585.0,2019-01-01,Utrecht,1.1053302652803032,1.200229838989871,0.9456731275605073,0.0,0.2266786376344053,,
586.0,2019-01-01,Zeeland,0.0073958084936324,,0.4840564144462256,0.0,-1.5053621895354865,,
587.0,2019-01-01,Zuid-Holland,1.6542974936736383,1.200229838989871,1.4072898406747885,0.0,1.487081592756217,,
588.0,2019-02-01,Drenthe,0.1171892541722995,,1.176481484117648,0.0,-1.0521706297180344,,
589.0,2019-02-01,Flevoland,0.666156482565635,,1.6380981972319293,0.0,-0.9524340992609523,,
590.0,2019-02-01,Friesland,0.2269826998509666,2.278458293247255,2.0997149103462105,0.0,-0.6815982209571082,,
591.0,2019-02-01,Gelderland,1.7640909393523057,2.278458293247255,2.330523266903352,0.0,0.9589488557843924,,
592.0,2019-02-01,Groningen,1.3249171566376374,2.278458293247255,3.7153734062461954,0.0,-1.0289073219540792,,
593.0,2019-02-01,Limburg,1.1053302652803032,1.4697869525542169,1.176481484117648,0.0,0.0075417125728072,,
594.0,2019-02-01,Noord-Brabant,1.7640909393523057,2.278458293247255,2.0997149103462105,0.0,1.359605384092034,,
595.0,2019-02-01,Noord-Holland,2.752231950460309,2.8175725203759474,2.561331623460492,0.0,1.0743410235384998,,
596.0,2019-02-01,Overijssel,0.4465695912083007,1.7393440661185628,1.86890655378907,0.0,0.1062752550472887,,
597.0,2019-02-01,Utrecht,2.093471276388307,2.278458293247255,1.86890655378907,0.0,0.2266786376344053,,
598.0,2019-02-01,Zeeland,0.8857433739229691,,2.0997149103462105,0.0,-1.5053621895354865,,
599.0,2019-02-01,Zuid-Holland,2.8620253961389763,2.548015406811601,2.561331623460492,0.0,1.487081592756217,,
600.0,2019-03-01,Drenthe,-1.0905386482930384,,-0.4391770117823371,0.0,-1.0521706297180344,,
601.0,2019-03-01,Flevoland,-0.761158311257037,,0.253248057889085,0.0,-0.9524340992609523,,
602.0,2019-03-01,Friesland,-1.0905386482930384,-0.4171128423962051,0.0224397013319442,0.0,-0.6815982209571082,,
603.0,2019-03-01,Gelderland,0.2269826998509666,0.6611156118611788,0.7148647710033664,0.0,0.9589488557843924,,
604.0,2019-03-01,Groningen,-0.3219845285423687,-0.4171128423962051,1.4072898406747885,0.0,-1.0289073219540792,,
605.0,2019-03-01,Limburg,-0.1023976371850346,0.3915584982968328,0.253248057889085,0.0,0.0075417125728072,,
606.0,2019-03-01,Noord-Brabant,0.2269826998509666,0.6611156118611788,0.7148647710033664,0.0,1.359605384092034,,
607.0,2019-03-01,Noord-Holland,0.775949928244302,0.9306727254255248,1.176481484117648,0.0,1.0743410235384998,,
608.0,2019-03-01,Overijssel,-0.8709517569357041,-0.1475557288318591,0.253248057889085,0.0,0.1062752550472887,,
609.0,2019-03-01,Utrecht,0.2269826998509666,0.6611156118611788,0.4840564144462256,0.0,0.2266786376344053,,
610.0,2019-03-01,Zeeland,-0.4317779742210358,,1.176481484117648,0.0,-1.5053621895354865,,
611.0,2019-03-01,Zuid-Holland,1.1053302652803032,1.200229838989871,1.6380981972319293,0.0,1.487081592756217,,
612.0,2019-04-01,Drenthe,-0.761158311257037,,1.6380981972319293,0.0,-1.0521706297180344,,
613.0,2019-04-01,Flevoland,-0.8709517569357041,,0.9456731275605073,0.0,-0.9524340992609523,,
614.0,2019-04-01,Friesland,-1.0905386482930384,0.9306727254255248,0.9456731275605073,0.0,-0.6815982209571082,,
615.0,2019-04-01,Gelderland,0.2269826998509666,1.200229838989871,1.4072898406747885,0.0,0.9589488557843924,,
616.0,2019-04-01,Groningen,-0.2121910828637017,0.9306727254255248,2.330523266903352,0.0,-1.0289073219540792,,
617.0,2019-04-01,Limburg,0.0073958084936324,1.7393440661185628,1.86890655378907,0.0,0.0075417125728072,,
618.0,2019-04-01,Noord-Brabant,0.3367761455296337,1.7393440661185628,1.86890655378907,0.0,1.359605384092034,,
619.0,2019-04-01,Noord-Holland,0.5563630368869679,1.7393440661185628,1.6380981972319293,0.0,1.0743410235384998,,
620.0,2019-04-01,Overijssel,-0.8709517569357041,0.9306727254255248,1.176481484117648,0.0,0.1062752550472887,,
621.0,2019-04-01,Utrecht,-0.2121910828637017,1.200229838989871,0.9456731275605073,0.0,0.2266786376344053,,
622.0,2019-04-01,Zeeland,0.1171892541722995,,2.7921399800176325,0.0,-1.5053621895354865,,
623.0,2019-04-01,Zuid-Holland,0.775949928244302,2.0089011796829093,1.86890655378907,0.0,1.487081592756217,,
624.0,2019-05-01,Drenthe,-0.8709517569357041,,-0.4391770117823371,0.0,-1.0521706297180344,,
625.0,2019-05-01,Flevoland,-0.9807452026143711,,-0.9007937248966186,0.0,-0.9524340992609523,,
626.0,2019-05-01,Friesland,-1.2003320939717053,-0.6866699559605512,-0.9007937248966186,0.0,-0.6815982209571082,,
627.0,2019-05-01,Gelderland,0.1171892541722995,0.1220013847324868,0.0224397013319442,0.0,0.9589488557843924,,
628.0,2019-05-01,Groningen,-0.2121910828637017,-0.9562270695248972,0.4840564144462256,0.0,-1.0289073219540792,,
629.0,2019-05-01,Limburg,-0.3219845285423687,0.3915584982968328,0.0224397013319442,0.0,0.0075417125728072,,
630.0,2019-05-01,Noord-Brabant,-0.1023976371850346,0.1220013847324868,-0.2083686552251964,0.0,1.359605384092034,,
631.0,2019-05-01,Noord-Holland,0.2269826998509666,-0.1475557288318591,-0.2083686552251964,0.0,1.0743410235384998,,
632.0,2019-05-01,Overijssel,-1.0905386482930384,-0.6866699559605512,-0.6699853683394779,0.0,0.1062752550472887,,
633.0,2019-05-01,Utrecht,-0.1023976371850346,-0.1475557288318591,-0.6699853683394779,0.0,0.2266786376344053,,
634.0,2019-05-01,Zeeland,-0.65136486557837,,0.0224397013319442,0.0,-1.5053621895354865,,
635.0,2019-05-01,Zuid-Holland,0.4465695912083007,0.1220013847324868,0.0224397013319442,0.0,1.487081592756217,,
636.0,2019-06-01,Drenthe,-0.8709517569357041,,0.0224397013319442,0.0,-1.0521706297180344,,
637.0,2019-06-01,Flevoland,-1.0905386482930384,,-0.4391770117823371,0.0,-0.9524340992609523,,
638.0,2019-06-01,Friesland,-1.2003320939717053,-0.9562270695248972,-0.9007937248966186,0.0,-0.6815982209571082,,
639.0,2019-06-01,Gelderland,-0.1023976371850346,-0.1475557288318591,0.253248057889085,0.0,0.9589488557843924,,
640.0,2019-06-01,Groningen,0.0073958084936324,-0.9562270695248972,0.4840564144462256,0.0,-1.0289073219540792,,
641.0,2019-06-01,Limburg,-0.5415714198997029,-0.1475557288318591,0.0224397013319442,0.0,0.0075417125728072,,
642.0,2019-06-01,Noord-Brabant,-0.2121910828637017,-0.1475557288318591,-0.2083686552251964,0.0,1.359605384092034,,
643.0,2019-06-01,Noord-Holland,0.3367761455296337,-0.1475557288318591,0.0224397013319442,0.0,1.0743410235384998,,
644.0,2019-06-01,Overijssel,-0.9807452026143711,-0.4171128423962051,-0.4391770117823371,0.0,0.1062752550472887,,
645.0,2019-06-01,Utrecht,-0.2121910828637017,-0.4171128423962051,-0.4391770117823371,0.0,0.2266786376344053,,
646.0,2019-06-01,Zeeland,-0.5415714198997029,,-0.4391770117823371,0.0,-1.5053621895354865,,
647.0,2019-06-01,Zuid-Holland,0.5563630368869679,-0.1475557288318591,0.253248057889085,0.0,1.487081592756217,,
648.0,2019-07-01,Drenthe,-1.0905386482930384,,-0.4391770117823371,0.0,-1.0521706297180344,,
649.0,2019-07-01,Flevoland,-0.9807452026143711,,-0.4391770117823371,0.0,-0.9524340992609523,,
650.0,2019-07-01,Friesland,-1.2003320939717053,-1.2257841830892433,-0.6699853683394779,0.0,-0.6815982209571082,,
651.0,2019-07-01,Gelderland,0.0073958084936324,-0.4171128423962051,0.253248057889085,0.0,0.9589488557843924,,
652.0,2019-07-01,Groningen,-0.5415714198997029,-1.2257841830892433,0.253248057889085,0.0,-1.0289073219540792,,
653.0,2019-07-01,Limburg,-0.3219845285423687,-0.4171128423962051,0.253248057889085,0.0,0.0075417125728072,,
654.0,2019-07-01,Noord-Brabant,-0.2121910828637017,-0.4171128423962051,0.0224397013319442,0.0,1.359605384092034,,
655.0,2019-07-01,Noord-Holland,0.2269826998509666,-0.1475557288318591,0.0224397013319442,0.0,1.0743410235384998,,
656.0,2019-07-01,Overijssel,-0.9807452026143711,-0.9562270695248972,-0.6699853683394779,0.0,0.1062752550472887,,
657.0,2019-07-01,Utrecht,-0.2121910828637017,-0.6866699559605512,-0.2083686552251964,0.0,0.2266786376344053,,
658.0,2019-07-01,Zeeland,-0.761158311257037,,-0.6699853683394779,0.0,-1.5053621895354865,,
659.0,2019-07-01,Zuid-Holland,0.4465695912083007,-0.4171128423962051,0.253248057889085,0.0,1.487081592756217,,
660.0,2019-08-01,Drenthe,-0.8709517569357041,,-0.2083686552251964,0.0,-1.0521706297180344,,
661.0,2019-08-01,Flevoland,-0.9807452026143711,,0.0224397013319442,0.0,-0.9524340992609523,,
662.0,2019-08-01,Friesland,-1.0905386482930384,-0.6866699559605512,-0.2083686552251964,0.0,-0.6815982209571082,,
663.0,2019-08-01,Gelderland,0.2269826998509666,0.1220013847324868,0.4840564144462256,0.0,0.9589488557843924,,
664.0,2019-08-01,Groningen,-0.3219845285423687,-0.4171128423962051,0.9456731275605073,0.0,-1.0289073219540792,,
665.0,2019-08-01,Limburg,-0.3219845285423687,-0.1475557288318591,0.0224397013319442,0.0,0.0075417125728072,,
666.0,2019-08-01,Noord-Brabant,0.0073958084936324,0.1220013847324868,0.4840564144462256,0.0,1.359605384092034,,
667.0,2019-08-01,Noord-Holland,0.5563630368869679,0.3915584982968328,0.7148647710033664,0.0,1.0743410235384998,,
668.0,2019-08-01,Overijssel,-0.761158311257037,-0.4171128423962051,-0.2083686552251964,0.0,0.1062752550472887,,
669.0,2019-08-01,Utrecht,0.0073958084936324,-0.1475557288318591,0.0224397013319442,0.0,0.2266786376344053,,
670.0,2019-08-01,Zeeland,-0.65136486557837,,-0.2083686552251964,0.0,-1.5053621895354865,,
671.0,2019-08-01,Zuid-Holland,0.5563630368869679,0.1220013847324868,0.7148647710033664,0.0,1.487081592756217,,
672.0,2019-09-01,Drenthe,-0.9807452026143711,,-1.3624104380109,0.0,-1.0521706297180344,,
673.0,2019-09-01,Flevoland,-0.8709517569357041,,-1.1316020814537593,0.0,-0.9524340992609523,,
674.0,2019-09-01,Friesland,-1.2003320939717053,-1.7648984102179353,-1.1316020814537593,0.0,-0.6815982209571082,,
675.0,2019-09-01,Gelderland,0.2269826998509666,-0.9562270695248972,-0.4391770117823371,0.0,0.9589488557843924,,
676.0,2019-09-01,Groningen,-0.2121910828637017,-1.4953412966535893,0.253248057889085,0.0,-1.0289073219540792,,
677.0,2019-09-01,Limburg,-0.3219845285423687,-0.9562270695248972,-0.6699853683394779,0.0,0.0075417125728072,,
678.0,2019-09-01,Noord-Brabant,0.0073958084936324,-0.9562270695248972,-0.6699853683394779,0.0,1.359605384092034,,
679.0,2019-09-01,Noord-Holland,0.5563630368869679,-0.9562270695248972,-0.4391770117823371,0.0,1.0743410235384998,,
680.0,2019-09-01,Overijssel,-0.9807452026143711,-1.4953412966535893,-1.3624104380109,0.0,0.1062752550472887,,
681.0,2019-09-01,Utrecht,0.1171892541722995,-1.2257841830892433,-0.9007937248966186,0.0,0.2266786376344053,,
682.0,2019-09-01,Zeeland,-0.761158311257037,,-1.1316020814537593,0.0,-1.5053621895354865,,
683.0,2019-09-01,Zuid-Holland,0.5563630368869679,-0.9562270695248972,-0.4391770117823371,0.0,1.487081592756217,,
684.0,2019-10-01,Drenthe,-0.8709517569357041,,-1.5932187945680407,0.0,-1.0521706297180344,,
685.0,2019-10-01,Flevoland,-0.65136486557837,,-1.1316020814537593,0.0,-0.9524340992609523,,
686.0,2019-10-01,Friesland,-0.9807452026143711,-1.2257841830892433,-1.3624104380109,0.0,-0.6815982209571082,,
687.0,2019-10-01,Gelderland,0.1171892541722995,-0.6866699559605512,-0.4391770117823371,0.0,0.9589488557843924,,
688.0,2019-10-01,Groningen,0.0073958084936324,-1.2257841830892433,0.253248057889085,0.0,-1.0289073219540792,,
689.0,2019-10-01,Limburg,-0.2121910828637017,-0.9562270695248972,-0.9007937248966186,0.0,0.0075417125728072,,
690.0,2019-10-01,Noord-Brabant,0.2269826998509666,-0.6866699559605512,-0.6699853683394779,0.0,1.359605384092034,,
691.0,2019-10-01,Noord-Holland,0.775949928244302,-0.4171128423962051,-0.4391770117823371,0.0,1.0743410235384998,,
692.0,2019-10-01,Overijssel,-0.8709517569357041,-1.2257841830892433,-1.3624104380109,0.0,0.1062752550472887,,
693.0,2019-10-01,Utrecht,0.3367761455296337,-0.6866699559605512,-1.1316020814537593,0.0,0.2266786376344053,,
694.0,2019-10-01,Zeeland,-0.4317779742210358,,-1.1316020814537593,0.0,-1.5053621895354865,,
695.0,2019-10-01,Zuid-Holland,0.9955368196016362,-0.4171128423962051,-0.4391770117823371,0.0,1.487081592756217,,
696.0,2019-11-01,Drenthe,-0.3219845285423687,,-0.9007937248966186,0.0,-1.0521706297180344,,
697.0,2019-11-01,Flevoland,-0.1023976371850346,,-0.6699853683394779,0.0,-0.9524340992609523,,
698.0,2019-11-01,Friesland,-0.4317779742210358,-0.1475557288318591,-0.6699853683394779,0.0,-0.6815982209571082,,
699.0,2019-11-01,Gelderland,0.8857433739229691,0.3915584982968328,0.0224397013319442,0.0,0.9589488557843924,,
700.0,2019-11-01,Groningen,0.5563630368869679,0.1220013847324868,1.176481484117648,0.0,-1.0289073219540792,,
701.0,2019-11-01,Limburg,0.3367761455296337,0.1220013847324868,-0.6699853683394779,0.0,0.0075417125728072,,
702.0,2019-11-01,Noord-Brabant,0.8857433739229691,0.3915584982968328,0.0224397013319442,0.0,1.359605384092034,,
703.0,2019-11-01,Noord-Holland,1.6542974936736383,0.6611156118611788,0.253248057889085,0.0,1.0743410235384998,,
704.0,2019-11-01,Overijssel,-0.2121910828637017,0.1220013847324868,-0.4391770117823371,0.0,0.1062752550472887,,
705.0,2019-11-01,Utrecht,0.9955368196016362,0.3915584982968328,-0.4391770117823371,0.0,0.2266786376344053,,
706.0,2019-11-01,Zeeland,0.0073958084936324,,-0.9007937248966186,0.0,-1.5053621895354865,,
707.0,2019-11-01,Zuid-Holland,1.7640909393523057,0.3915584982968328,0.0224397013319442,0.0,1.487081592756217,,
708.0,2019-12-01,Drenthe,-0.3219845285423687,,-0.9007937248966186,0.0,-1.0521706297180344,,
709.0,2019-12-01,Flevoland,0.1171892541722995,,-0.4391770117823371,0.0,-0.9524340992609523,,
710.0,2019-12-01,Friesland,-0.4317779742210358,-0.4171128423962051,-0.9007937248966186,0.0,-0.6815982209571082,,
711.0,2019-12-01,Gelderland,0.775949928244302,0.3915584982968328,0.0224397013319442,0.0,0.9589488557843924,,
712.0,2019-12-01,Groningen,0.666156482565635,-0.1475557288318591,1.176481484117648,0.0,-1.0289073219540792,,
713.0,2019-12-01,Limburg,0.2269826998509666,0.1220013847324868,-0.4391770117823371,0.0,0.0075417125728072,,
714.0,2019-12-01,Noord-Brabant,0.775949928244302,0.6611156118611788,0.253248057889085,0.0,1.359605384092034,,
715.0,2019-12-01,Noord-Holland,1.4347106023163043,0.6611156118611788,0.4840564144462256,0.0,1.0743410235384998,,
716.0,2019-12-01,Overijssel,-0.2121910828637017,-0.1475557288318591,-0.6699853683394779,0.0,0.1062752550472887,,
717.0,2019-12-01,Utrecht,0.9955368196016362,0.3915584982968328,0.0224397013319442,0.0,0.2266786376344053,,
718.0,2019-12-01,Zeeland,0.1171892541722995,,0.0224397013319442,0.0,-1.5053621895354865,,
719.0,2019-12-01,Zuid-Holland,1.5445040479949714,0.9306727254255248,0.7148647710033664,0.0,1.487081592756217,,
720.0,2020-01-01,Drenthe,-0.4317779742210358,,-0.9007937248966186,0.0,-1.0521706297180344,,
721.0,2020-01-01,Flevoland,0.0073958084936324,,-0.2083686552251964,0.0,-0.9524340992609523,,
722.0,2020-01-01,Friesland,-0.5415714198997029,-0.1475557288318591,-0.2083686552251964,0.0,-0.6815982209571082,,
723.0,2020-01-01,Gelderland,0.5563630368869679,0.9306727254255248,0.4840564144462256,0.0,0.9589488557843924,,
724.0,2020-01-01,Groningen,0.3367761455296337,-0.1475557288318591,1.4072898406747885,0.0,-1.0289073219540792,,
725.0,2020-01-01,Limburg,0.2269826998509666,0.9306727254255248,0.0224397013319442,-2.598615973946317,0.0075417125728072,,
726.0,2020-01-01,Noord-Brabant,0.666156482565635,0.6611156118611788,0.253248057889085,0.0,1.359605384092034,,
727.0,2020-01-01,Noord-Holland,1.3249171566376374,0.9306727254255248,0.9456731275605073,0.5516694640186255,1.0743410235384998,,
728.0,2020-01-01,Overijssel,-0.2121910828637017,0.3915584982968328,-0.4391770117823371,0.0,0.1062752550472887,,
729.0,2020-01-01,Utrecht,0.8857433739229691,0.9306727254255248,0.4840564144462256,0.1373671233730079,0.2266786376344053,,
730.0,2020-01-01,Zeeland,-0.1023976371850346,,-0.2083686552251964,0.0,-1.5053621895354865,,
731.0,2020-01-01,Zuid-Holland,1.4347106023163043,1.4697869525542169,1.176481484117648,0.9760088877102304,1.487081592756217,,
732.0,2020-02-01,Drenthe,-1.0905386482930384,,-1.1316020814537593,0.0,-1.0521706297180344,,
733.0,2020-02-01,Flevoland,-0.8709517569357041,,-0.6699853683394779,0.0,-0.9524340992609523,,
734.0,2020-02-01,Friesland,-1.2003320939717053,-0.9562270695248972,-0.9007937248966186,0.0,-0.6815982209571082,,
735.0,2020-02-01,Gelderland,0.0073958084936324,-0.6866699559605512,-0.2083686552251964,0.0,0.9589488557843924,,
736.0,2020-02-01,Groningen,-0.3219845285423687,-1.4953412966535893,0.7148647710033664,0.0,-1.0289073219540792,,
737.0,2020-02-01,Limburg,-0.4317779742210358,-0.4171128423962051,-0.6699853683394779,-2.598615973946317,0.0075417125728072,,
738.0,2020-02-01,Noord-Brabant,-0.2121910828637017,-0.6866699559605512,-0.4391770117823371,0.0,1.359605384092034,,
739.0,2020-02-01,Noord-Holland,0.2269826998509666,-0.1475557288318591,0.253248057889085,0.5516694640186255,1.0743410235384998,,
740.0,2020-02-01,Overijssel,-0.9807452026143711,-0.9562270695248972,-0.9007937248966186,0.0,0.1062752550472887,,
741.0,2020-02-01,Utrecht,0.0073958084936324,-0.4171128423962051,-0.2083686552251964,0.1373671233730079,0.2266786376344053,,
742.0,2020-02-01,Zeeland,-0.9807452026143711,,-0.4391770117823371,0.0,-1.5053621895354865,,
743.0,2020-02-01,Zuid-Holland,0.666156482565635,-0.4171128423962051,0.7148647710033664,0.9760088877102304,1.487081592756217,,
744.0,2020-03-01,Drenthe,-1.0905386482930384,,-1.1316020814537593,0.0,-1.0521706297180344,,
745.0,2020-03-01,Flevoland,-0.9807452026143711,,-0.6699853683394779,0.0,-0.9524340992609523,,
746.0,2020-03-01,Friesland,-1.2003320939717053,-0.6866699559605512,-0.6699853683394779,0.0,-0.6815982209571082,,
747.0,2020-03-01,Gelderland,-0.1023976371850346,0.1220013847324868,0.0224397013319442,0.0,0.9589488557843924,,
748.0,2020-03-01,Groningen,-0.4317779742210358,-0.6866699559605512,0.7148647710033664,0.0,-1.0289073219540792,,
749.0,2020-03-01,Limburg,-0.4317779742210358,0.3915584982968328,0.253248057889085,-2.598615973946317,0.0075417125728072,,
750.0,2020-03-01,Noord-Brabant,-0.1023976371850346,0.1220013847324868,0.0224397013319442,0.0,1.359605384092034,,
751.0,2020-03-01,Noord-Holland,0.1171892541722995,0.1220013847324868,0.253248057889085,0.5516694640186255,1.0743410235384998,,
752.0,2020-03-01,Overijssel,-1.0905386482930384,-0.4171128423962051,-0.4391770117823371,0.0,0.1062752550472887,,
753.0,2020-03-01,Utrecht,-0.2121910828637017,-0.1475557288318591,-0.4391770117823371,0.1373671233730079,0.2266786376344053,,
754.0,2020-03-01,Zeeland,-0.761158311257037,,-0.6699853683394779,0.0,-1.5053621895354865,,
755.0,2020-03-01,Zuid-Holland,0.4465695912083007,0.1220013847324868,0.253248057889085,0.9760088877102304,1.487081592756217,,
756.0,2020-04-01,Drenthe,-0.9807452026143711,,0.4840564144462256,0.0,-1.0521706297180344,,
757.0,2020-04-01,Flevoland,-0.9807452026143711,,0.4840564144462256,0.0,-0.9524340992609523,,
758.0,2020-04-01,Friesland,-1.2003320939717053,-0.6866699559605512,-0.2083686552251964,0.0,-0.6815982209571082,,
759.0,2020-04-01,Gelderland,-0.1023976371850346,0.3915584982968328,1.6380981972319293,0.0,0.9589488557843924,,
760.0,2020-04-01,Groningen,-0.65136486557837,-0.6866699559605512,0.7148647710033664,0.0,-1.0289073219540792,,
761.0,2020-04-01,Limburg,-0.2121910828637017,1.200229838989871,2.561331623460492,-2.598615973946317,0.0075417125728072,,
762.0,2020-04-01,Noord-Brabant,0.0073958084936324,0.9306727254255248,1.86890655378907,0.0,1.359605384092034,,
763.0,2020-04-01,Noord-Holland,0.1171892541722995,0.3915584982968328,1.176481484117648,0.5516694640186255,1.0743410235384998,,
764.0,2020-04-01,Overijssel,-1.2003320939717053,-0.1475557288318591,0.4840564144462256,0.0,0.1062752550472887,,
765.0,2020-04-01,Utrecht,-0.4317779742210358,0.1220013847324868,0.253248057889085,0.1373671233730079,0.2266786376344053,,
766.0,2020-04-01,Zeeland,0.0073958084936324,,1.4072898406747885,0.0,-1.5053621895354865,,
767.0,2020-04-01,Zuid-Holland,0.4465695912083007,0.6611156118611788,1.4072898406747885,0.9760088877102304,1.487081592756217,,
768.0,2020-05-01,Drenthe,-0.8709517569357041,,0.0224397013319442,0.0,-1.0521706297180344,,
769.0,2020-05-01,Flevoland,-0.8709517569357041,,-0.6699853683394779,0.0,-0.9524340992609523,,
770.0,2020-05-01,Friesland,-1.2003320939717053,-0.9562270695248972,-0.6699853683394779,0.0,-0.6815982209571082,,
771.0,2020-05-01,Gelderland,-0.2121910828637017,-0.1475557288318591,0.253248057889085,0.0,0.9589488557843924,,
772.0,2020-05-01,Groningen,-0.761158311257037,-1.2257841830892433,0.0224397013319442,0.0,-1.0289073219540792,,
773.0,2020-05-01,Limburg,-0.5415714198997029,0.1220013847324868,0.4840564144462256,-2.598615973946317,0.0075417125728072,,
774.0,2020-05-01,Noord-Brabant,-0.3219845285423687,-0.1475557288318591,0.253248057889085,0.0,1.359605384092034,,
775.0,2020-05-01,Noord-Holland,-0.2121910828637017,-0.1475557288318591,0.0224397013319442,0.5516694640186255,1.0743410235384998,,
776.0,2020-05-01,Overijssel,-1.2003320939717053,-0.9562270695248972,-0.6699853683394779,0.0,0.1062752550472887,,
777.0,2020-05-01,Utrecht,-0.5415714198997029,-0.4171128423962051,-0.4391770117823371,0.1373671233730079,0.2266786376344053,,
778.0,2020-05-01,Zeeland,-0.5415714198997029,,-0.4391770117823371,0.0,-1.5053621895354865,,
779.0,2020-05-01,Zuid-Holland,0.1171892541722995,-0.1475557288318591,0.253248057889085,0.9760088877102304,1.487081592756217,,
780.0,2020-06-01,Drenthe,-0.9807452026143711,,-0.9007937248966186,0.0,-1.0521706297180344,,
781.0,2020-06-01,Flevoland,-1.2003320939717053,,-0.6699853683394779,0.0,-0.9524340992609523,,
782.0,2020-06-01,Friesland,-1.2003320939717053,-0.9562270695248972,-0.9007937248966186,0.0,-0.6815982209571082,,
783.0,2020-06-01,Gelderland,-0.2121910828637017,-0.4171128423962051,-0.2083686552251964,0.0,0.9589488557843924,,
784.0,2020-06-01,Groningen,-0.65136486557837,-1.2257841830892433,0.4840564144462256,0.0,-1.0289073219540792,,
785.0,2020-06-01,Limburg,-0.65136486557837,-0.4171128423962051,-0.2083686552251964,-2.598615973946317,0.0075417125728072,,
786.0,2020-06-01,Noord-Brabant,-0.3219845285423687,-0.4171128423962051,-0.2083686552251964,0.0,1.359605384092034,,
787.0,2020-06-01,Noord-Holland,-0.1023976371850346,-0.4171128423962051,-0.2083686552251964,0.5516694640186255,1.0743410235384998,,
788.0,2020-06-01,Overijssel,-1.0905386482930384,-0.9562270695248972,-0.9007937248966186,0.0,0.1062752550472887,,
789.0,2020-06-01,Utrecht,-0.4317779742210358,-0.6866699559605512,-0.6699853683394779,0.1373671233730079,0.2266786376344053,,
790.0,2020-06-01,Zeeland,-0.761158311257037,,-0.6699853683394779,0.0,-1.5053621895354865,,
791.0,2020-06-01,Zuid-Holland,0.1171892541722995,-0.6866699559605512,0.0224397013319442,0.9760088877102304,1.487081592756217,,
792.0,2020-07-01,Drenthe,-1.3101255396503724,,-1.5932187945680407,0.0,-1.0521706297180344,,
793.0,2020-07-01,Flevoland,-1.2003320939717053,,-1.5932187945680407,0.0,-0.9524340992609523,,
794.0,2020-07-01,Friesland,-1.4199189853290397,-1.7648984102179353,-1.5932187945680407,0.0,-0.6815982209571082,,
795.0,2020-07-01,Gelderland,-0.3219845285423687,-0.9562270695248972,-0.9007937248966186,0.0,0.9589488557843924,,
796.0,2020-07-01,Groningen,-0.761158311257037,-1.4953412966535893,-0.6699853683394779,0.0,-1.0289073219540792,,
797.0,2020-07-01,Limburg,-0.65136486557837,-0.6866699559605512,-0.6699853683394779,-2.598615973946317,0.0075417125728072,,
798.0,2020-07-01,Noord-Brabant,-0.5415714198997029,-1.2257841830892433,-1.1316020814537593,0.0,1.359605384092034,,
799.0,2020-07-01,Noord-Holland,-0.3219845285423687,-0.9562270695248972,-0.9007937248966186,0.5516694640186255,1.0743410235384998,,
800.0,2020-07-01,Overijssel,-1.2003320939717053,-1.4953412966535893,-1.824027151125181,0.0,0.1062752550472887,,
801.0,2020-07-01,Utrecht,-0.4317779742210358,-1.2257841830892433,-1.3624104380109,0.1373671233730079,0.2266786376344053,,
802.0,2020-07-01,Zeeland,-1.0905386482930384,,-1.1316020814537593,0.0,-1.5053621895354865,,
803.0,2020-07-01,Zuid-Holland,0.0073958084936324,-1.2257841830892433,-0.9007937248966186,0.9760088877102304,1.487081592756217,,
804.0,2020-08-01,Drenthe,-0.9807452026143711,,-0.4391770117823371,0.0,-1.0521706297180344,,
805.0,2020-08-01,Flevoland,-1.0905386482930384,,-0.2083686552251964,0.0,-0.9524340992609523,,
806.0,2020-08-01,Friesland,-1.2003320939717053,-0.9562270695248972,-0.4391770117823371,0.0,-0.6815982209571082,,
807.0,2020-08-01,Gelderland,-0.1023976371850346,-0.1475557288318591,0.0224397013319442,0.0,0.9589488557843924,,
808.0,2020-08-01,Groningen,-0.5415714198997029,-0.4171128423962051,1.176481484117648,0.0,-1.0289073219540792,,
809.0,2020-08-01,Limburg,-0.4317779742210358,-0.4171128423962051,0.0224397013319442,-2.598615973946317,0.0075417125728072,,
810.0,2020-08-01,Noord-Brabant,-0.3219845285423687,-0.1475557288318591,0.253248057889085,0.0,1.359605384092034,,
811.0,2020-08-01,Noord-Holland,0.1171892541722995,0.3915584982968328,0.253248057889085,0.5516694640186255,1.0743410235384998,,
812.0,2020-08-01,Overijssel,-0.9807452026143711,-0.6866699559605512,-0.2083686552251964,0.0,0.1062752550472887,,
813.0,2020-08-01,Utrecht,-0.2121910828637017,-0.4171128423962051,0.0224397013319442,0.1373671233730079,0.2266786376344053,,
814.0,2020-08-01,Zeeland,-0.65136486557837,,0.0224397013319442,0.0,-1.5053621895354865,,
815.0,2020-08-01,Zuid-Holland,0.4465695912083007,0.1220013847324868,0.7148647710033664,0.9760088877102304,1.487081592756217,,
816.0,2020-09-01,Drenthe,-0.9807452026143711,,-0.9007937248966186,0.0,-1.0521706297180344,,
817.0,2020-09-01,Flevoland,-0.8709517569357041,,-0.4391770117823371,0.0,-0.9524340992609523,,
818.0,2020-09-01,Friesland,-1.0905386482930384,-0.9562270695248972,-0.9007937248966186,0.0,-0.6815982209571082,,
819.0,2020-09-01,Gelderland,0.4465695912083007,0.1220013847324868,0.253248057889085,0.0,0.9589488557843924,,
820.0,2020-09-01,Groningen,-0.1023976371850346,-0.1475557288318591,0.4840564144462256,0.0,-1.0289073219540792,,
821.0,2020-09-01,Limburg,0.1171892541722995,-0.1475557288318591,0.4840564144462256,-2.598615973946317,0.0075417125728072,,
822.0,2020-09-01,Noord-Brabant,0.2269826998509666,-0.1475557288318591,0.4840564144462256,0.0,1.359605384092034,,
823.0,2020-09-01,Noord-Holland,0.5563630368869679,0.1220013847324868,0.253248057889085,0.5516694640186255,1.0743410235384998,,
824.0,2020-09-01,Overijssel,-0.761158311257037,-0.6866699559605512,-0.9007937248966186,0.0,0.1062752550472887,,
825.0,2020-09-01,Utrecht,0.2269826998509666,-0.1475557288318591,-0.4391770117823371,0.1373671233730079,0.2266786376344053,,
826.0,2020-09-01,Zeeland,-0.5415714198997029,,-0.6699853683394779,0.0,-1.5053621895354865,,
827.0,2020-09-01,Zuid-Holland,0.9955368196016362,-0.1475557288318591,0.4840564144462256,0.9760088877102304,1.487081592756217,,
828.0,2020-10-01,Drenthe,-1.0905386482930384,,-1.824027151125181,0.0,-1.0521706297180344,,
829.0,2020-10-01,Flevoland,-0.761158311257037,,-1.5932187945680407,0.0,-0.9524340992609523,,
830.0,2020-10-01,Friesland,-1.0905386482930384,-1.4953412966535893,-1.824027151125181,0.0,-0.6815982209571082,,
831.0,2020-10-01,Gelderland,-0.2121910828637017,-0.9562270695248972,-0.9007937248966186,0.0,0.9589488557843924,,
832.0,2020-10-01,Groningen,-0.3219845285423687,-1.2257841830892433,-0.4391770117823371,0.0,-1.0289073219540792,,
833.0,2020-10-01,Limburg,-0.4317779742210358,-0.9562270695248972,-1.1316020814537593,-2.598615973946317,0.0075417125728072,,
834.0,2020-10-01,Noord-Brabant,-0.1023976371850346,-0.6866699559605512,-0.9007937248966186,0.0,1.359605384092034,,
835.0,2020-10-01,Noord-Holland,0.4465695912083007,-0.6866699559605512,-1.1316020814537593,0.5516694640186255,1.0743410235384998,,
836.0,2020-10-01,Overijssel,-0.9807452026143711,-1.2257841830892433,-1.5932187945680407,0.0,0.1062752550472887,,
837.0,2020-10-01,Utrecht,-0.1023976371850346,-0.9562270695248972,-1.3624104380109,0.1373671233730079,0.2266786376344053,,
838.0,2020-10-01,Zeeland,-0.761158311257037,,-1.5932187945680407,0.0,-1.5053621895354865,,
839.0,2020-10-01,Zuid-Holland,0.5563630368869679,-0.9562270695248972,-0.9007937248966186,0.9760088877102304,1.487081592756217,,
840.0,2020-11-01,Drenthe,-0.65136486557837,,-0.4391770117823371,0.0,-1.0521706297180344,,
841.0,2020-11-01,Flevoland,-0.1023976371850346,,0.0224397013319442,0.0,-0.9524340992609523,,
842.0,2020-11-01,Friesland,-0.65136486557837,-0.1475557288318591,-0.2083686552251964,0.0,-0.6815982209571082,,
843.0,2020-11-01,Gelderland,0.5563630368869679,1.200229838989871,1.176481484117648,0.0,0.9589488557843924,,
844.0,2020-11-01,Groningen,0.1171892541722995,0.3915584982968328,1.4072898406747885,0.0,-1.0289073219540792,,
845.0,2020-11-01,Limburg,0.2269826998509666,0.3915584982968328,0.253248057889085,-2.598615973946317,0.0075417125728072,,
846.0,2020-11-01,Noord-Brabant,0.5563630368869679,1.200229838989871,0.9456731275605073,0.0,1.359605384092034,,
847.0,2020-11-01,Noord-Holland,1.1053302652803032,0.9306727254255248,0.7148647710033664,2.276286747155494,1.0743410235384998,,
848.0,2020-11-01,Overijssel,-0.3219845285423687,0.6611156118611788,0.0224397013319442,0.0,0.1062752550472887,,
849.0,2020-11-01,Utrecht,0.666156482565635,0.9306727254255248,0.4840564144462256,0.1373671233730079,0.2266786376344053,,
850.0,2020-11-01,Zeeland,-0.1023976371850346,,1.176481484117648,0.0,-1.5053621895354865,,
851.0,2020-11-01,Zuid-Holland,1.4347106023163043,0.9306727254255248,1.176481484117648,0.9760088877102304,1.487081592756217,,
852.0,2020-12-01,Drenthe,-0.4317779742210358,,-0.9007937248966186,0.0,-1.0521706297180344,,
853.0,2020-12-01,Flevoland,-0.2121910828637017,,-0.9007937248966186,0.0,-0.9524340992609523,,
854.0,2020-12-01,Friesland,-0.3219845285423687,0.1220013847324868,-0.9007937248966186,0.0,-0.6815982209571082,,
855.0,2020-12-01,Gelderland,0.4465695912083007,0.3915584982968328,-0.4391770117823371,-0.6872851265576272,0.9589488557843924,,
856.0,2020-12-01,Groningen,0.2269826998509666,0.3915584982968328,0.4840564144462256,0.0,-1.0289073219540792,,
857.0,2020-12-01,Limburg,0.1171892541722995,-0.4171128423962051,-1.1316020814537593,-2.598615973946317,0.0075417125728072,,
858.0,2020-12-01,Noord-Brabant,0.3367761455296337,0.3915584982968328,-0.6699853683394779,0.0,1.359605384092034,,
859.0,2020-12-01,Noord-Holland,1.1053302652803032,0.3915584982968328,-0.4391770117823371,2.276286747155494,1.0743410235384998,,
860.0,2020-12-01,Overijssel,-0.2121910828637017,0.1220013847324868,-0.9007937248966186,0.0,0.1062752550472887,,
861.0,2020-12-01,Utrecht,0.5563630368869679,0.3915584982968328,-0.9007937248966186,0.1373671233730079,0.2266786376344053,,
862.0,2020-12-01,Zeeland,-0.3219845285423687,,-0.9007937248966186,0.0,-1.5053621895354865,,
863.0,2020-12-01,Zuid-Holland,1.2151237109589703,0.1220013847324868,-0.2083686552251964,0.9760088877102304,1.487081592756217,,
864.0,2021-01-01,Drenthe,-0.8709517569357041,,-1.1316020814537593,0.0,-1.0521706297180344,,
865.0,2021-01-01,Flevoland,-0.4317779742210358,,-1.1316020814537593,0.0,-0.9524340992609523,,
866.0,2021-01-01,Friesland,-0.8709517569357041,-0.9562270695248972,-1.5932187945680407,0.0,-0.6815982209571082,,
867.0,2021-01-01,Gelderland,0.3367761455296337,0.6611156118611788,0.0224397013319442,-0.6872851265576272,0.9589488557843924,,
868.0,2021-01-01,Groningen,-0.1023976371850346,-0.6866699559605512,-0.4391770117823371,0.0,-1.0289073219540792,,
869.0,2021-01-01,Limburg,0.2269826998509666,0.3915584982968328,-0.6699853683394779,-2.598615973946317,0.0075417125728072,,
870.0,2021-01-01,Noord-Brabant,0.3367761455296337,0.3915584982968328,-0.4391770117823371,0.0,1.359605384092034,,
871.0,2021-01-01,Noord-Holland,0.666156482565635,0.1220013847324868,-0.4391770117823371,2.276286747155494,1.0743410235384998,,
872.0,2021-01-01,Overijssel,-0.65136486557837,0.1220013847324868,-0.9007937248966186,0.0,0.1062752550472887,,
873.0,2021-01-01,Utrecht,0.4465695912083007,0.1220013847324868,-0.6699853683394779,0.1373671233730079,0.2266786376344053,,
874.0,2021-01-01,Zeeland,-0.4317779742210358,,-0.6699853683394779,0.0,-1.5053621895354865,,
875.0,2021-01-01,Zuid-Holland,0.8857433739229691,-0.1475557288318591,-0.2083686552251964,0.9760088877102304,1.487081592756217,,
876.0,2021-02-01,Drenthe,-0.761158311257037,,0.0224397013319442,0.0,-1.0521706297180344,,
877.0,2021-02-01,Flevoland,-0.5415714198997029,,0.253248057889085,0.0,-0.9524340992609523,,
878.0,2021-02-01,Friesland,-0.761158311257037,0.1220013847324868,-0.2083686552251964,0.0,-0.6815982209571082,,
879.0,2021-02-01,Gelderland,0.3367761455296337,0.9306727254255248,1.4072898406747885,-0.6872851265576272,0.9589488557843924,,
880.0,2021-02-01,Groningen,0.0073958084936324,-0.1475557288318591,1.176481484117648,0.0,-1.0289073219540792,,
881.0,2021-02-01,Limburg,0.0073958084936324,0.6611156118611788,0.7148647710033664,-2.598615973946317,0.0075417125728072,,
882.0,2021-02-01,Noord-Brabant,0.3367761455296337,0.6611156118611788,0.9456731275605073,0.0,1.359605384092034,,
883.0,2021-02-01,Noord-Holland,0.9955368196016362,0.9306727254255248,0.9456731275605073,2.276286747155494,1.0743410235384998,,
884.0,2021-02-01,Overijssel,-0.5415714198997029,0.3915584982968328,0.4840564144462256,0.0,0.1062752550472887,,
885.0,2021-02-01,Utrecht,0.3367761455296337,0.6611156118611788,0.4840564144462256,0.1373671233730079,0.2266786376344053,,
886.0,2021-02-01,Zeeland,0.0073958084936324,,0.9456731275605073,0.0,-1.5053621895354865,,
887.0,2021-02-01,Zuid-Holland,1.2151237109589703,0.9306727254255248,1.176481484117648,0.9760088877102304,1.487081592756217,,
888.0,2021-03-01,Drenthe,-1.0905386482930384,,-0.4391770117823371,0.0,-1.0521706297180344,,
889.0,2021-03-01,Flevoland,-0.761158311257037,,0.253248057889085,0.0,-0.9524340992609523,,
890.0,2021-03-01,Friesland,-1.0905386482930384,-0.1475557288318591,0.0224397013319442,0.0,-0.6815982209571082,,
891.0,2021-03-01,Gelderland,0.3367761455296337,1.200229838989871,1.6380981972319293,-0.6872851265576272,0.9589488557843924,,
892.0,2021-03-01,Groningen,-0.4317779742210358,-0.1475557288318591,0.9456731275605073,0.0,-1.0289073219540792,,
893.0,2021-03-01,Limburg,0.1171892541722995,0.9306727254255248,0.9456731275605073,-2.598615973946317,0.0075417125728072,,
894.0,2021-03-01,Noord-Brabant,0.2269826998509666,0.9306727254255248,1.176481484117648,0.0,1.359605384092034,,
895.0,2021-03-01,Noord-Holland,0.5563630368869679,0.9306727254255248,0.9456731275605073,2.276286747155494,1.0743410235384998,,
896.0,2021-03-01,Overijssel,-0.9807452026143711,0.1220013847324868,0.4840564144462256,0.0,0.1062752550472887,,
897.0,2021-03-01,Utrecht,0.2269826998509666,0.9306727254255248,0.9456731275605073,0.1373671233730079,0.2266786376344053,,
898.0,2021-03-01,Zeeland,-0.2121910828637017,,1.176481484117648,0.0,-1.5053621895354865,,
899.0,2021-03-01,Zuid-Holland,0.9955368196016362,1.200229838989871,1.6380981972319293,0.9760088877102304,1.487081592756217,,
900.0,2021-04-01,Drenthe,-1.2003320939717053,,-0.9007937248966186,0.0,-1.0521706297180344,,
901.0,2021-04-01,Flevoland,-0.9807452026143711,,-0.4391770117823371,0.0,-0.9524340992609523,,
902.0,2021-04-01,Friesland,-1.4199189853290397,-0.9562270695248972,-0.6699853683394779,0.0,-0.6815982209571082,,
903.0,2021-04-01,Gelderland,0.0073958084936324,-0.1475557288318591,0.4840564144462256,-0.6872851265576272,0.9589488557843924,,
904.0,2021-04-01,Groningen,-0.761158311257037,-0.9562270695248972,0.253248057889085,0.0,-1.0289073219540792,,
905.0,2021-04-01,Limburg,-0.3219845285423687,0.6611156118611788,0.9456731275605073,-2.598615973946317,0.0075417125728072,,
906.0,2021-04-01,Noord-Brabant,-0.2121910828637017,-0.1475557288318591,0.253248057889085,0.0,1.359605384092034,,
907.0,2021-04-01,Noord-Holland,-0.1023976371850346,-0.1475557288318591,0.0224397013319442,2.276286747155494,1.0743410235384998,,
908.0,2021-04-01,Overijssel,-1.3101255396503724,-0.6866699559605512,-0.2083686552251964,0.0,0.1062752550472887,,
909.0,2021-04-01,Utrecht,-0.5415714198997029,-0.4171128423962051,-0.4391770117823371,0.1373671233730079,0.2266786376344053,,
910.0,2021-04-01,Zeeland,-0.4317779742210358,,0.253248057889085,0.0,-1.5053621895354865,,
911.0,2021-04-01,Zuid-Holland,0.1171892541722995,-0.1475557288318591,0.4840564144462256,0.9760088877102304,1.487081592756217,,
912.0,2021-05-01,Drenthe,-1.3101255396503724,,-2.054835507682322,0.0,-1.0521706297180344,,
913.0,2021-05-01,Flevoland,-1.0905386482930384,,-1.3624104380109,0.0,-0.9524340992609523,,
914.0,2021-05-01,Friesland,-1.4199189853290397,-1.2257841830892433,-1.5932187945680407,0.0,-0.6815982209571082,,
915.0,2021-05-01,Gelderland,-0.3219845285423687,-0.6866699559605512,-0.6699853683394779,-0.6872851265576272,0.9589488557843924,,
916.0,2021-05-01,Groningen,-0.8709517569357041,-1.2257841830892433,-0.9007937248966186,0.0,-1.0289073219540792,,
917.0,2021-05-01,Limburg,-0.761158311257037,-0.6866699559605512,-0.9007937248966186,-2.598615973946317,0.0075417125728072,,
918.0,2021-05-01,Noord-Brabant,-0.4317779742210358,-0.6866699559605512,-0.9007937248966186,0.0,1.359605384092034,,
919.0,2021-05-01,Noord-Holland,-0.2121910828637017,-0.4171128423962051,-0.6699853683394779,2.276286747155494,1.0743410235384998,,
920.0,2021-05-01,Overijssel,-1.3101255396503724,-1.4953412966535893,-1.5932187945680407,0.0,0.1062752550472887,,
921.0,2021-05-01,Utrecht,-0.5415714198997029,-0.9562270695248972,-1.1316020814537593,0.1373671233730079,0.2266786376344053,,
922.0,2021-05-01,Zeeland,-0.8709517569357041,,-1.1316020814537593,0.0,-1.5053621895354865,,
923.0,2021-05-01,Zuid-Holland,0.2269826998509666,-0.4171128423962051,-0.4391770117823371,0.9760088877102304,1.487081592756217,,
924.0,2021-06-01,Drenthe,-1.0905386482930384,,-0.6699853683394779,0.0,-1.0521706297180344,,
925.0,2021-06-01,Flevoland,-1.2003320939717053,,0.0224397013319442,0.0,-0.9524340992609523,,
926.0,2021-06-01,Friesland,-1.3101255396503724,-0.6866699559605512,-0.2083686552251964,0.0,-0.6815982209571082,,
927.0,2021-06-01,Gelderland,-0.2121910828637017,0.1220013847324868,0.7148647710033664,-0.6872851265576272,0.9589488557843924,,
928.0,2021-06-01,Groningen,-0.761158311257037,-0.1475557288318591,1.4072898406747885,0.0,-1.0289073219540792,,
929.0,2021-06-01,Limburg,-0.5415714198997029,0.3915584982968328,0.7148647710033664,-2.598615973946317,0.0075417125728072,,
930.0,2021-06-01,Noord-Brabant,-0.2121910828637017,0.3915584982968328,0.253248057889085,0.0,1.359605384092034,,
931.0,2021-06-01,Noord-Holland,-0.1023976371850346,0.1220013847324868,0.0224397013319442,2.276286747155494,1.0743410235384998,,
932.0,2021-06-01,Overijssel,-1.2003320939717053,-0.1475557288318591,-0.2083686552251964,0.0,0.1062752550472887,,
933.0,2021-06-01,Utrecht,-0.5415714198997029,-0.1475557288318591,-0.2083686552251964,0.1373671233730079,0.2266786376344053,,
934.0,2021-06-01,Zeeland,-0.5415714198997029,,-0.4391770117823371,0.0,-1.5053621895354865,,
935.0,2021-06-01,Zuid-Holland,0.3367761455296337,0.1220013847324868,0.7148647710033664,0.9760088877102304,1.487081592756217,,
936.0,2021-07-01,Drenthe,-1.4199189853290397,,-0.9007937248966186,0.0,-1.0521706297180344,,
937.0,2021-07-01,Flevoland,-1.3101255396503724,,-0.2083686552251964,0.0,-0.9524340992609523,,
938.0,2021-07-01,Friesland,-1.5297124310077066,-1.2257841830892433,-0.6699853683394779,0.0,-0.6815982209571082,,
939.0,2021-07-01,Gelderland,-0.5415714198997029,-0.1475557288318591,0.253248057889085,-0.6872851265576272,0.9589488557843924,,
940.0,2021-07-01,Groningen,-0.8709517569357041,-0.6866699559605512,0.0224397013319442,0.0,-1.0289073219540792,,
941.0,2021-07-01,Limburg,-0.761158311257037,-0.4171128423962051,-0.2083686552251964,-2.598615973946317,0.0075417125728072,,
942.0,2021-07-01,Noord-Brabant,-0.5415714198997029,-0.4171128423962051,-0.4391770117823371,0.0,1.359605384092034,,
943.0,2021-07-01,Noord-Holland,-0.3219845285423687,0.1220013847324868,0.0224397013319442,2.276286747155494,1.0743410235384998,,
944.0,2021-07-01,Overijssel,-1.3101255396503724,-0.9562270695248972,-0.4391770117823371,0.0,0.1062752550472887,,
945.0,2021-07-01,Utrecht,-0.5415714198997029,-0.4171128423962051,-0.4391770117823371,0.1373671233730079,0.2266786376344053,,
946.0,2021-07-01,Zeeland,-0.9807452026143711,,-0.4391770117823371,0.0,-1.5053621895354865,,
947.0,2021-07-01,Zuid-Holland,-0.1023976371850346,0.1220013847324868,0.4840564144462256,0.9760088877102304,1.487081592756217,,
948.0,2021-08-01,Drenthe,-1.4199189853290397,,-1.5932187945680407,0.0,-1.0521706297180344,,
949.0,2021-08-01,Flevoland,-1.3101255396503724,,-1.1316020814537593,0.0,-0.9524340992609523,,
950.0,2021-08-01,Friesland,-1.5297124310077066,-1.4953412966535893,-1.3624104380109,0.0,-0.6815982209571082,,
951.0,2021-08-01,Gelderland,-0.5415714198997029,-0.9562270695248972,-0.6699853683394779,-0.6872851265576272,0.9589488557843924,,
952.0,2021-08-01,Groningen,-0.8709517569357041,-1.2257841830892433,-0.6699853683394779,0.0,-1.0289073219540792,,
953.0,2021-08-01,Limburg,-0.761158311257037,-0.6866699559605512,-0.9007937248966186,-2.598615973946317,0.0075417125728072,,
954.0,2021-08-01,Noord-Brabant,-0.5415714198997029,-0.6866699559605512,-0.9007937248966186,0.0,1.359605384092034,,
955.0,2021-08-01,Noord-Holland,-0.2121910828637017,-0.6866699559605512,-0.6699853683394779,2.276286747155494,1.0743410235384998,,
956.0,2021-08-01,Overijssel,-1.3101255396503724,-1.2257841830892433,-1.3624104380109,0.0,0.1062752550472887,,
957.0,2021-08-01,Utrecht,-0.65136486557837,-0.9562270695248972,-1.1316020814537593,0.1373671233730079,0.2266786376344053,,
958.0,2021-08-01,Zeeland,-1.0905386482930384,,-0.9007937248966186,0.0,-1.5053621895354865,,
959.0,2021-08-01,Zuid-Holland,-0.1023976371850346,-0.6866699559605512,-0.4391770117823371,0.9760088877102304,1.487081592756217,,
960.0,2021-09-01,Drenthe,-1.2003320939717053,,-1.1316020814537593,0.0,-1.0521706297180344,,
961.0,2021-09-01,Flevoland,-0.8709517569357041,,-0.2083686552251964,0.0,-0.9524340992609523,,
962.0,2021-09-01,Friesland,-1.3101255396503724,-0.9562270695248972,-0.4391770117823371,0.0,-0.6815982209571082,,
963.0,2021-09-01,Gelderland,0.1171892541722995,0.1220013847324868,0.253248057889085,-0.6872851265576272,0.9589488557843924,,
964.0,2021-09-01,Groningen,-0.4317779742210358,-0.4171128423962051,0.0224397013319442,0.0,-1.0289073219540792,,
965.0,2021-09-01,Limburg,-0.2121910828637017,0.3915584982968328,0.4840564144462256,-2.598615973946317,0.0075417125728072,,
966.0,2021-09-01,Noord-Brabant,0.0073958084936324,0.3915584982968328,0.253248057889085,0.0,1.359605384092034,,
967.0,2021-09-01,Noord-Holland,0.4465695912083007,0.1220013847324868,0.253248057889085,2.276286747155494,1.0743410235384998,,
968.0,2021-09-01,Overijssel,-0.9807452026143711,-0.6866699559605512,-0.4391770117823371,0.0,0.1062752550472887,,
969.0,2021-09-01,Utrecht,0.0073958084936324,0.1220013847324868,-0.2083686552251964,0.1373671233730079,0.2266786376344053,,
970.0,2021-09-01,Zeeland,-0.4317779742210358,,-0.2083686552251964,0.0,-1.5053621895354865,,
971.0,2021-09-01,Zuid-Holland,0.666156482565635,0.6611156118611788,0.9456731275605073,0.9760088877102304,1.487081592756217,,
972.0,2021-10-01,Drenthe,-0.9807452026143711,,-1.3624104380109,0.0,-1.0521706297180344,,
973.0,2021-10-01,Flevoland,-0.761158311257037,,-1.1316020814537593,0.0,-0.9524340992609523,,
974.0,2021-10-01,Friesland,-1.0905386482930384,-0.9562270695248972,-0.9007937248966186,0.0,-0.6815982209571082,,
975.0,2021-10-01,Gelderland,0.1171892541722995,-0.1475557288318591,-0.4391770117823371,-0.6872851265576272,0.9589488557843924,,
976.0,2021-10-01,Groningen,-0.3219845285423687,-0.6866699559605512,-0.2083686552251964,0.0,-1.0289073219540792,,
977.0,2021-10-01,Limburg,-0.3219845285423687,-0.4171128423962051,-0.6699853683394779,-2.598615973946317,0.0075417125728072,,
978.0,2021-10-01,Noord-Brabant,0.1171892541722995,0.1220013847324868,-0.4391770117823371,0.0,1.359605384092034,,
979.0,2021-10-01,Noord-Holland,0.666156482565635,-0.1475557288318591,0.0224397013319442,2.276286747155494,1.0743410235384998,,
980.0,2021-10-01,Overijssel,-0.8709517569357041,-0.6866699559605512,-1.1316020814537593,0.0,0.1062752550472887,,
981.0,2021-10-01,Utrecht,0.1171892541722995,-0.1475557288318591,-0.9007937248966186,0.1373671233730079,0.2266786376344053,,
982.0,2021-10-01,Zeeland,-0.65136486557837,,-0.9007937248966186,0.0,-1.5053621895354865,,
983.0,2021-10-01,Zuid-Holland,0.775949928244302,-0.1475557288318591,0.0224397013319442,0.9760088877102304,1.487081592756217,,
984.0,2021-11-01,Drenthe,-0.65136486557837,,-0.9007937248966186,0.0,-1.0521706297180344,,
985.0,2021-11-01,Flevoland,-0.2121910828637017,,-0.6699853683394779,0.0,-0.9524340992609523,,
986.0,2021-11-01,Friesland,-0.8709517569357041,-0.6866699559605512,-0.6699853683394779,0.0,-0.6815982209571082,,
987.0,2021-11-01,Gelderland,0.9955368196016362,1.200229838989871,0.4840564144462256,-0.6872851265576272,0.9589488557843924,,
988.0,2021-11-01,Groningen,0.1171892541722995,0.1220013847324868,0.4840564144462256,0.0,-1.0289073219540792,,
989.0,2021-11-01,Limburg,0.4465695912083007,0.9306727254255248,0.4840564144462256,-2.598615973946317,0.0075417125728072,,
990.0,2021-11-01,Noord-Brabant,0.775949928244302,1.200229838989871,0.4840564144462256,0.0,1.359605384092034,,
991.0,2021-11-01,Noord-Holland,1.2151237109589703,0.3915584982968328,0.253248057889085,2.276286747155494,1.0743410235384998,,
992.0,2021-11-01,Overijssel,-0.5415714198997029,0.3915584982968328,0.0224397013319442,0.0,0.1062752550472887,,
993.0,2021-11-01,Utrecht,0.8857433739229691,0.9306727254255248,-0.2083686552251964,0.1373671233730079,0.2266786376344053,,
994.0,2021-11-01,Zeeland,-0.3219845285423687,,0.0224397013319442,0.0,-1.5053621895354865,,
995.0,2021-11-01,Zuid-Holland,1.4347106023163043,0.3915584982968328,0.4840564144462256,0.9760088877102304,1.487081592756217,,
996.0,2021-12-01,Drenthe,-0.5415714198997029,,-1.5932187945680407,0.0,-1.0521706297180344,,
997.0,2021-12-01,Flevoland,-0.2121910828637017,,-1.3624104380109,0.0,-0.9524340992609523,,
998.0,2021-12-01,Friesland,-0.5415714198997029,-0.4171128423962051,-1.1316020814537593,0.0,-0.6815982209571082,,
999.0,2021-12-01,Gelderland,0.4465695912083007,0.1220013847324868,-0.2083686552251964,-0.6872851265576272,0.9589488557843924,,
1000.0,2021-12-01,Groningen,0.3367761455296337,-0.4171128423962051,0.4840564144462256,0.0,-1.0289073219540792,,
1001.0,2021-12-01,Limburg,0.1171892541722995,0.1220013847324868,-0.6699853683394779,-2.598615973946317,0.0075417125728072,,
1002.0,2021-12-01,Noord-Brabant,0.5563630368869679,0.3915584982968328,-0.4391770117823371,0.0,1.359605384092034,,
1003.0,2021-12-01,Noord-Holland,1.1053302652803032,0.1220013847324868,-0.2083686552251964,2.276286747155494,1.0743410235384998,,
1004.0,2021-12-01,Overijssel,-0.3219845285423687,-0.4171128423962051,-0.6699853683394779,0.0,0.1062752550472887,,
1005.0,2021-12-01,Utrecht,0.5563630368869679,0.3915584982968328,-0.9007937248966186,0.1373671233730079,0.2266786376344053,,
1006.0,2021-12-01,Zeeland,-0.2121910828637017,,-0.4391770117823371,0.0,-1.5053621895354865,,
1007.0,2021-12-01,Zuid-Holland,1.1053302652803032,0.3915584982968328,0.0224397013319442,0.9760088877102304,1.487081592756217,,
1008.0,2022-01-01,Drenthe,-0.8709517569357041,,-0.6699853683394779,0.0,-1.0521706297180344,,
1009.0,2022-01-01,Flevoland,-0.4317779742210358,,-0.2083686552251964,0.0,-0.9524340992609523,,
1010.0,2022-01-01,Friesland,-0.8709517569357041,-0.4171128423962051,0.0224397013319442,0.0,-0.6815982209571082,,
1011.0,2022-01-01,Gelderland,0.4465695912083007,1.200229838989871,1.176481484117648,-0.6872851265576272,0.9589488557843924,,
1012.0,2022-01-01,Groningen,-0.3219845285423687,-0.1475557288318591,1.4072898406747885,0.0,-1.0289073219540792,,
1013.0,2022-01-01,Limburg,0.1171892541722995,0.9306727254255248,0.4840564144462256,-2.598615973946317,0.0075417125728072,,
1014.0,2022-01-01,Noord-Brabant,0.666156482565635,1.7393440661185628,1.176481484117648,0.0,1.359605384092034,,
1015.0,2022-01-01,Noord-Holland,0.8857433739229691,0.6611156118611788,0.9456731275605073,2.276286747155494,1.0743410235384998,,
1016.0,2022-01-01,Overijssel,-0.65136486557837,0.6611156118611788,0.253248057889085,0.0,0.1062752550472887,,
1017.0,2022-01-01,Utrecht,0.5563630368869679,1.200229838989871,0.4840564144462256,0.1373671233730079,0.2266786376344053,,
1018.0,2022-01-01,Zeeland,-0.2121910828637017,,0.9456731275605073,0.0,-1.5053621895354865,,
1019.0,2022-01-01,Zuid-Holland,1.2151237109589703,1.200229838989871,1.176481484117648,0.9760088877102304,1.487081592756217,,
1020.0,2022-02-01,Drenthe,-1.2003320939717053,,-1.3624104380109,0.0,-1.0521706297180344,,
1021.0,2022-02-01,Flevoland,-0.8709517569357041,,-0.9007937248966186,0.0,-0.9524340992609523,,
1022.0,2022-02-01,Friesland,-1.2003320939717053,-0.9562270695248972,-0.6699853683394779,0.0,-0.6815982209571082,,
1023.0,2022-02-01,Gelderland,-0.2121910828637017,-0.4171128423962051,-0.2083686552251964,-0.6872851265576272,0.9589488557843924,,
1024.0,2022-02-01,Groningen,-0.65136486557837,-0.9562270695248972,0.4840564144462256,0.0,-1.0289073219540792,,
1025.0,2022-02-01,Limburg,-0.65136486557837,-0.9562270695248972,-0.9007937248966186,-2.598615973946317,0.0075417125728072,,
1026.0,2022-02-01,Noord-Brabant,-0.1023976371850346,-0.1475557288318591,-0.4391770117823371,0.0,1.359605384092034,,
1027.0,2022-02-01,Noord-Holland,0.2269826998509666,-0.1475557288318591,0.253248057889085,2.276286747155494,1.0743410235384998,,
1028.0,2022-02-01,Overijssel,-1.0905386482930384,-1.2257841830892433,-0.6699853683394779,0.0,0.1062752550472887,,
1029.0,2022-02-01,Utrecht,-0.2121910828637017,-0.4171128423962051,-0.4391770117823371,0.1373671233730079,0.2266786376344053,,
1030.0,2022-02-01,Zeeland,-0.9807452026143711,,-0.6699853683394779,0.0,-1.5053621895354865,,
1031.0,2022-02-01,Zuid-Holland,0.4465695912083007,-0.4171128423962051,0.253248057889085,0.9760088877102304,1.487081592756217,,
1032.0,2022-03-01,Drenthe,-0.761158311257037,,0.9456731275605073,0.0,-1.0521706297180344,,
1033.0,2022-03-01,Flevoland,-0.761158311257037,,1.86890655378907,0.0,-0.9524340992609523,,
1034.0,2022-03-01,Friesland,-0.761158311257037,1.7393440661185628,2.0997149103462105,0.0,-0.6815982209571082,,
1035.0,2022-03-01,Gelderland,0.666156482565635,2.0089011796829093,2.7921399800176325,-0.6872851265576272,0.9589488557843924,,
1036.0,2022-03-01,Groningen,0.0073958084936324,2.0089011796829093,3.0229483365747734,0.0,-1.0289073219540792,,
1037.0,2022-03-01,Limburg,0.4465695912083007,2.278458293247255,3.0229483365747734,-2.598615973946317,0.0075417125728072,,
1038.0,2022-03-01,Noord-Brabant,0.775949928244302,2.8175725203759474,2.7921399800176325,0.0,1.359605384092034,,
1039.0,2022-03-01,Noord-Holland,0.9955368196016362,2.548015406811601,2.561331623460492,2.276286747155494,1.0743410235384998,,
1040.0,2022-03-01,Overijssel,-0.761158311257037,1.4697869525542169,2.330523266903352,0.0,0.1062752550472887,,
1041.0,2022-03-01,Utrecht,0.2269826998509666,2.278458293247255,1.86890655378907,0.1373671233730079,0.2266786376344053,,
1042.0,2022-03-01,Zeeland,0.775949928244302,,3.2537566931319137,0.0,-1.5053621895354865,,
1043.0,2022-03-01,Zuid-Holland,1.4347106023163043,2.548015406811601,3.0229483365747734,0.9760088877102304,1.487081592756217,,
1044.0,2022-04-01,Drenthe,-1.0905386482930384,,-1.3624104380109,0.0,-1.0521706297180344,,
1045.0,2022-04-01,Flevoland,-0.9807452026143711,,-1.1316020814537593,0.0,-0.9524340992609523,,
1046.0,2022-04-01,Friesland,-1.2003320939717053,-0.4171128423962051,-0.9007937248966186,0.0,-0.6815982209571082,,
1047.0,2022-04-01,Gelderland,-0.2121910828637017,-0.1475557288318591,-0.2083686552251964,-0.6872851265576272,0.9589488557843924,,
1048.0,2022-04-01,Groningen,-0.761158311257037,-0.6866699559605512,-0.4391770117823371,0.0,-1.0289073219540792,,
1049.0,2022-04-01,Limburg,-0.5415714198997029,-0.1475557288318591,0.0224397013319442,-2.598615973946317,0.0075417125728072,,
1050.0,2022-04-01,Noord-Brabant,-0.2121910828637017,0.3915584982968328,-0.2083686552251964,0.0,1.359605384092034,,
1051.0,2022-04-01,Noord-Holland,0.0073958084936324,-0.1475557288318591,-0.2083686552251964,2.276286747155494,1.0743410235384998,,
1052.0,2022-04-01,Overijssel,-1.2003320939717053,-0.9562270695248972,-0.6699853683394779,0.0,0.1062752550472887,,
1053.0,2022-04-01,Utrecht,-0.5415714198997029,-0.4171128423962051,-0.9007937248966186,0.1373671233730079,0.2266786376344053,,
1054.0,2022-04-01,Zeeland,-0.3219845285423687,,0.0224397013319442,0.0,-1.5053621895354865,,
1055.0,2022-04-01,Zuid-Holland,0.2269826998509666,-0.1475557288318591,0.0224397013319442,0.9760088877102304,1.487081592756217,,
1056.0,2022-05-01,Drenthe,-0.9807452026143711,,-0.4391770117823371,0.0,-1.0521706297180344,,
1057.0,2022-05-01,Flevoland,-0.9807452026143711,,-1.1316020814537593,0.0,-0.9524340992609523,,
1058.0,2022-05-01,Friesland,-1.2003320939717053,-0.6866699559605512,0.0224397013319442,0.0,-0.6815982209571082,,
1059.0,2022-05-01,Gelderland,-0.3219845285423687,-0.1475557288318591,0.4840564144462256,-0.6872851265576272,0.9589488557843924,,
1060.0,2022-05-01,Groningen,-0.65136486557837,-0.6866699559605512,0.4840564144462256,0.0,-1.0289073219540792,,
1061.0,2022-05-01,Limburg,-0.5415714198997029,-0.4171128423962051,0.253248057889085,-2.598615973946317,0.0075417125728072,,
1062.0,2022-05-01,Noord-Brabant,-0.2121910828637017,0.3915584982968328,0.253248057889085,0.0,1.359605384092034,,
1063.0,2022-05-01,Noord-Holland,0.2269826998509666,0.1220013847324868,0.4840564144462256,2.276286747155494,1.0743410235384998,,
1064.0,2022-05-01,Overijssel,-1.2003320939717053,-0.6866699559605512,-0.4391770117823371,0.0,0.1062752550472887,,
1065.0,2022-05-01,Utrecht,-0.3219845285423687,-0.4171128423962051,-0.4391770117823371,0.1373671233730079,0.2266786376344053,,
1066.0,2022-05-01,Zeeland,-0.65136486557837,,-0.4391770117823371,0.0,-1.5053621895354865,,
1067.0,2022-05-01,Zuid-Holland,0.5563630368869679,-0.1475557288318591,0.4840564144462256,0.9760088877102304,1.487081592756217,,
1068.0,2022-06-01,Drenthe,-1.2003320939717053,,-1.3624104380109,0.0,-1.0521706297180344,,
1069.0,2022-06-01,Flevoland,-1.2003320939717053,,-1.5932187945680407,0.0,-0.9524340992609523,,
1070.0,2022-06-01,Friesland,-1.4199189853290397,-0.9562270695248972,-0.9007937248966186,0.0,-0.6815982209571082,,
1071.0,2022-06-01,Gelderland,-0.4317779742210358,-0.6866699559605512,-0.2083686552251964,-0.6872851265576272,0.9589488557843924,,
1072.0,2022-06-01,Groningen,-0.761158311257037,-0.9562270695248972,-0.4391770117823371,0.0,-1.0289073219540792,,
1073.0,2022-06-01,Limburg,-0.65136486557837,-0.9562270695248972,-0.2083686552251964,-2.598615973946317,0.0075417125728072,,
1074.0,2022-06-01,Noord-Brabant,-0.4317779742210358,-0.4171128423962051,-0.4391770117823371,0.0,1.359605384092034,,
1075.0,2022-06-01,Noord-Holland,-0.1023976371850346,-0.4171128423962051,-0.2083686552251964,2.276286747155494,1.0743410235384998,,
1076.0,2022-06-01,Overijssel,-1.2003320939717053,-1.4953412966535893,-1.1316020814537593,0.0,0.1062752550472887,,
1077.0,2022-06-01,Utrecht,-0.5415714198997029,-0.6866699559605512,-0.6699853683394779,0.1373671233730079,0.2266786376344053,,
1078.0,2022-06-01,Zeeland,-0.761158311257037,,-0.4391770117823371,0.0,-1.5053621895354865,,
1079.0,2022-06-01,Zuid-Holland,0.0073958084936324,-0.6866699559605512,-0.2083686552251964,0.9760088877102304,1.487081592756217,,
1080.0,2022-07-01,Drenthe,-1.2003320939717053,,-1.5932187945680407,0.0,-1.0521706297180344,,
1081.0,2022-07-01,Flevoland,-1.2003320939717053,,-1.1316020814537593,0.0,-0.9524340992609523,,
1082.0,2022-07-01,Friesland,-1.5297124310077066,-1.7648984102179353,-1.1316020814537593,0.0,-0.6815982209571082,,
1083.0,2022-07-01,Gelderland,-0.3219845285423687,-0.9562270695248972,-0.4391770117823371,-0.6872851265576272,0.9589488557843924,,
1084.0,2022-07-01,Groningen,-0.8709517569357041,-1.2257841830892433,-0.9007937248966186,0.0,-1.0289073219540792,,
1085.0,2022-07-01,Limburg,-0.65136486557837,-0.9562270695248972,-0.2083686552251964,-2.598615973946317,0.0075417125728072,,
1086.0,2022-07-01,Noord-Brabant,-0.4317779742210358,-0.9562270695248972,-0.4391770117823371,0.0,1.359605384092034,,
1087.0,2022-07-01,Noord-Holland,-0.2121910828637017,-0.9562270695248972,-0.6699853683394779,2.276286747155494,1.0743410235384998,,
1088.0,2022-07-01,Overijssel,-1.2003320939717053,-1.7648984102179353,-1.1316020814537593,0.0,0.1062752550472887,,
1089.0,2022-07-01,Utrecht,-0.65136486557837,-0.9562270695248972,-0.9007937248966186,0.1373671233730079,0.2266786376344053,,
1090.0,2022-07-01,Zeeland,-0.9807452026143711,,-0.6699853683394779,0.0,-1.5053621895354865,,
1091.0,2022-07-01,Zuid-Holland,0.0073958084936324,-0.9562270695248972,-0.4391770117823371,0.9760088877102304,1.487081592756217,,
1092.0,2022-08-01,Drenthe,-0.9807452026143711,,-0.6699853683394779,0.0,-1.0521706297180344,,
1093.0,2022-08-01,Flevoland,-1.0905386482930384,,-0.9007937248966186,0.0,-0.9524340992609523,,
1094.0,2022-08-01,Friesland,-1.3101255396503724,-1.4953412966535893,-0.6699853683394779,0.0,-0.6815982209571082,,
1095.0,2022-08-01,Gelderland,-0.1023976371850346,-0.6866699559605512,0.253248057889085,-0.6872851265576272,0.9589488557843924,,
1096.0,2022-08-01,Groningen,-0.761158311257037,-0.6866699559605512,-0.2083686552251964,0.0,-1.0289073219540792,,
1097.0,2022-08-01,Limburg,-0.3219845285423687,-0.4171128423962051,0.4840564144462256,-2.598615973946317,0.0075417125728072,,
1098.0,2022-08-01,Noord-Brabant,-0.3219845285423687,-0.6866699559605512,0.0224397013319442,0.0,1.359605384092034,,
1099.0,2022-08-01,Noord-Holland,-0.1023976371850346,-0.6866699559605512,-0.2083686552251964,2.276286747155494,1.0743410235384998,,
1100.0,2022-08-01,Overijssel,-1.0905386482930384,-1.2257841830892433,-0.6699853683394779,0.0,0.1062752550472887,,
1101.0,2022-08-01,Utrecht,-0.5415714198997029,-0.6866699559605512,-0.4391770117823371,0.1373671233730079,0.2266786376344053,,
1102.0,2022-08-01,Zeeland,-0.5415714198997029,,-0.2083686552251964,0.0,-1.5053621895354865,,
1103.0,2022-08-01,Zuid-Holland,0.1171892541722995,-0.6866699559605512,0.253248057889085,0.9760088877102304,1.487081592756217,,
1104.0,2022-09-01,Drenthe,-1.0905386482930384,,-1.3624104380109,0.0,-1.0521706297180344,,
1105.0,2022-09-01,Flevoland,-0.9807452026143711,,-1.1316020814537593,0.0,-0.9524340992609523,,
1106.0,2022-09-01,Friesland,-1.3101255396503724,-1.4953412966535893,-1.1316020814537593,0.0,-0.6815982209571082,,
1107.0,2022-09-01,Gelderland,0.0073958084936324,-0.9562270695248972,-0.4391770117823371,-0.6872851265576272,0.9589488557843924,,
1108.0,2022-09-01,Groningen,-0.4317779742210358,-0.6866699559605512,-0.2083686552251964,0.0,-1.0289073219540792,,
1109.0,2022-09-01,Limburg,-0.4317779742210358,-0.9562270695248972,-0.6699853683394779,-2.598615973946317,0.0075417125728072,,
1110.0,2022-09-01,Noord-Brabant,-0.1023976371850346,-0.6866699559605512,-0.6699853683394779,0.0,1.359605384092034,,
1111.0,2022-09-01,Noord-Holland,0.5563630368869679,-0.9562270695248972,-0.6699853683394779,2.276286747155494,1.0743410235384998,,
1112.0,2022-09-01,Overijssel,-0.9807452026143711,-1.4953412966535893,-1.1316020814537593,0.0,0.1062752550472887,,
1113.0,2022-09-01,Utrecht,0.0073958084936324,-0.9562270695248972,-0.9007937248966186,0.1373671233730079,0.2266786376344053,,
1114.0,2022-09-01,Zeeland,-0.8709517569357041,,-0.6699853683394779,0.0,-1.5053621895354865,,
1115.0,2022-09-01,Zuid-Holland,0.5563630368869679,-0.9562270695248972,-0.4391770117823371,0.9760088877102304,1.487081592756217,,
1116.0,2022-10-01,Drenthe,-0.8709517569357041,,-0.9007937248966186,0.0,-1.0521706297180344,,
1117.0,2022-10-01,Flevoland,-0.5415714198997029,,-0.6699853683394779,0.0,-0.9524340992609523,,
1118.0,2022-10-01,Friesland,-0.8709517569357041,-1.2257841830892433,-0.4391770117823371,0.0,-0.6815982209571082,,
1119.0,2022-10-01,Gelderland,0.1171892541722995,-0.4171128423962051,0.253248057889085,-0.6872851265576272,0.9589488557843924,,
1120.0,2022-10-01,Groningen,-0.3219845285423687,-0.6866699559605512,0.7148647710033664,0.0,-1.0289073219540792,,
1121.0,2022-10-01,Limburg,-0.5415714198997029,-0.6866699559605512,0.253248057889085,-2.598615973946317,0.0075417125728072,,
1122.0,2022-10-01,Noord-Brabant,0.0073958084936324,-0.1475557288318591,0.253248057889085,0.0,1.359605384092034,,
1123.0,2022-10-01,Noord-Holland,0.8857433739229691,-0.4171128423962051,0.253248057889085,2.276286747155494,1.0743410235384998,,
1124.0,2022-10-01,Overijssel,-0.65136486557837,-0.9562270695248972,-0.6699853683394779,0.0,0.1062752550472887,,
1125.0,2022-10-01,Utrecht,0.3367761455296337,-0.4171128423962051,-0.2083686552251964,0.1373671233730079,0.2266786376344053,,
1126.0,2022-10-01,Zeeland,-0.5415714198997029,,0.253248057889085,0.0,-1.5053621895354865,,
1127.0,2022-10-01,Zuid-Holland,0.8857433739229691,-0.4171128423962051,0.253248057889085,0.9760088877102304,1.487081592756217,,
1128.0,2022-11-01,Drenthe,-0.65136486557837,,-1.1316020814537593,0.0,-1.0521706297180344,,
1129.0,2022-11-01,Flevoland,-0.5415714198997029,,-1.1316020814537593,0.0,-0.9524340992609523,,
1130.0,2022-11-01,Friesland,-0.761158311257037,-0.6866699559605512,-1.1316020814537593,0.0,-0.6815982209571082,,
1131.0,2022-11-01,Gelderland,0.0073958084936324,-0.1475557288318591,-0.2083686552251964,-0.6872851265576272,0.9589488557843924,,
1132.0,2022-11-01,Groningen,-0.2121910828637017,-0.4171128423962051,0.4840564144462256,0.0,-1.0289073219540792,,
1133.0,2022-11-01,Limburg,-0.5415714198997029,-0.6866699559605512,-0.9007937248966186,-2.598615973946317,0.0075417125728072,,
1134.0,2022-11-01,Noord-Brabant,0.1171892541722995,-0.1475557288318591,-0.4391770117823371,0.0,1.359605384092034,,
1135.0,2022-11-01,Noord-Holland,0.8857433739229691,0.1220013847324868,-0.2083686552251964,2.276286747155494,1.0743410235384998,,
1136.0,2022-11-01,Overijssel,-0.5415714198997029,-0.6866699559605512,-1.1316020814537593,0.0,0.1062752550472887,,
1137.0,2022-11-01,Utrecht,0.3367761455296337,-0.1475557288318591,-0.6699853683394779,0.1373671233730079,0.2266786376344053,,
1138.0,2022-11-01,Zeeland,-0.4317779742210358,,-0.4391770117823371,0.0,-1.5053621895354865,,
1139.0,2022-11-01,Zuid-Holland,0.775949928244302,-0.1475557288318591,-0.2083686552251964,0.9760088877102304,1.487081592756217,,
1140.0,2022-12-01,Drenthe,-0.4317779742210358,,0.0224397013319442,0.0,-1.0521706297180344,,
1141.0,2022-12-01,Flevoland,-0.1023976371850346,,0.0224397013319442,0.0,-0.9524340992609523,,
1142.0,2022-12-01,Friesland,-0.5415714198997029,0.1220013847324868,-0.4391770117823371,0.0,-0.6815982209571082,,
1143.0,2022-12-01,Gelderland,0.3367761455296337,1.4697869525542169,1.4072898406747885,-0.6872851265576272,0.9589488557843924,,
1144.0,2022-12-01,Groningen,0.2269826998509666,0.6611156118611788,1.4072898406747885,0.0,-1.0289073219540792,,
1145.0,2022-12-01,Limburg,-0.1023976371850346,1.4697869525542169,0.4840564144462256,-2.598615973946317,0.0075417125728072,,
1146.0,2022-12-01,Noord-Brabant,0.5563630368869679,1.4697869525542169,0.9456731275605073,0.0,1.359605384092034,,
1147.0,2022-12-01,Noord-Holland,1.3249171566376374,1.4697869525542169,0.7148647710033664,2.276286747155494,1.0743410235384998,,
1148.0,2022-12-01,Overijssel,-0.3219845285423687,1.4697869525542169,0.4840564144462256,0.0,0.1062752550472887,,
1149.0,2022-12-01,Utrecht,0.666156482565635,1.4697869525542169,0.4840564144462256,0.1373671233730079,0.2266786376344053,,
1150.0,2022-12-01,Zeeland,0.1171892541722995,,0.9456731275605073,0.0,-1.5053621895354865,,
1151.0,2022-12-01,Zuid-Holland,1.3249171566376374,1.200229838989871,0.9456731275605073,0.9760088877102304,1.487081592756217,,
1152.0,2023-01-01,Drenthe,-1.0905386482930384,,-1.5932187945680407,0.0,-1.0521706297180344,,
1153.0,2023-01-01,Flevoland,-0.8709517569357041,,-1.1316020814537593,0.0,-0.9524340992609523,,
1154.0,2023-01-01,Friesland,-1.2003320939717053,-1.4953412966535893,-1.1316020814537593,0.0,-0.6815982209571082,,
1155.0,2023-01-01,Gelderland,-0.3219845285423687,-0.1475557288318591,-0.2083686552251964,-0.6872851265576272,0.9589488557843924,,
1156.0,2023-01-01,Groningen,-0.5415714198997029,-0.9562270695248972,0.0224397013319442,0.0,-1.0289073219540792,,
1157.0,2023-01-01,Limburg,-0.5415714198997029,0.1220013847324868,-0.6699853683394779,-2.598615973946317,0.0075417125728072,,
1158.0,2023-01-01,Noord-Brabant,-0.1023976371850346,0.3915584982968328,-0.4391770117823371,0.0,1.359605384092034,,
1159.0,2023-01-01,Noord-Holland,0.2269826998509666,-0.1475557288318591,-0.2083686552251964,2.276286747155494,1.0743410235384998,,
1160.0,2023-01-01,Overijssel,-0.9807452026143711,-0.1475557288318591,-0.9007937248966186,0.0,0.1062752550472887,,
1161.0,2023-01-01,Utrecht,-0.2121910828637017,-0.1475557288318591,-0.6699853683394779,0.1373671233730079,0.2266786376344053,,
1162.0,2023-01-01,Zeeland,-0.761158311257037,,-0.2083686552251964,0.0,-1.5053621895354865,,
1163.0,2023-01-01,Zuid-Holland,0.3367761455296337,-0.1475557288318591,0.0224397013319442,0.9760088877102304,1.487081592756217,,
1164.0,2023-02-01,Drenthe,-0.761158311257037,,-0.2083686552251964,0.0,-1.0521706297180344,,
1165.0,2023-02-01,Flevoland,-0.4317779742210358,,0.4840564144462256,0.0,-0.9524340992609523,,
1166.0,2023-02-01,Friesland,-0.8709517569357041,-0.6866699559605512,0.253248057889085,0.0,-0.6815982209571082,,
1167.0,2023-02-01,Gelderland,0.4465695912083007,0.9306727254255248,1.6380981972319293,-0.6872851265576272,0.9589488557843924,,
1168.0,2023-02-01,Groningen,-0.1023976371850346,0.1220013847324868,2.0997149103462105,0.0,-1.0289073219540792,,
1169.0,2023-02-01,Limburg,-0.1023976371850346,0.9306727254255248,0.7148647710033664,-2.598615973946317,0.0075417125728072,,
1170.0,2023-02-01,Noord-Brabant,0.4465695912083007,1.7393440661185628,1.4072898406747885,0.0,1.359605384092034,,
1171.0,2023-02-01,Noord-Holland,1.1053302652803032,1.200229838989871,1.4072898406747885,2.276286747155494,1.0743410235384998,,
1172.0,2023-02-01,Overijssel,-0.4317779742210358,0.9306727254255248,0.9456731275605073,0.0,0.1062752550472887,,
1173.0,2023-02-01,Utrecht,0.5563630368869679,0.9306727254255248,0.9456731275605073,0.1373671233730079,0.2266786376344053,,
1174.0,2023-02-01,Zeeland,-0.1023976371850346,,1.4072898406747885,0.0,-1.5053621895354865,,
1175.0,2023-02-01,Zuid-Holland,1.4347106023163043,1.200229838989871,1.6380981972319293,0.9760088877102304,1.487081592756217,,
1176.0,2023-03-01,Drenthe,-1.2003320939717053,,-1.824027151125181,0.0,-1.0521706297180344,,
1177.0,2023-03-01,Flevoland,-1.0905386482930384,,-1.3624104380109,0.0,-0.9524340992609523,,
1178.0,2023-03-01,Friesland,-1.3101255396503724,-1.4953412966535893,-0.9007937248966186,0.0,-0.6815982209571082,,
1179.0,2023-03-01,Gelderland,-0.4317779742210358,-0.6866699559605512,-0.6699853683394779,-0.6872851265576272,0.9589488557843924,,
1180.0,2023-03-01,Groningen,-0.5415714198997029,-1.2257841830892433,0.0224397013319442,0.0,-1.0289073219540792,,
1181.0,2023-03-01,Limburg,-0.65136486557837,-0.6866699559605512,-0.9007937248966186,-2.598615973946317,0.0075417125728072,,
1182.0,2023-03-01,Noord-Brabant,-0.2121910828637017,-0.6866699559605512,-0.9007937248966186,0.0,1.359605384092034,,
1183.0,2023-03-01,Noord-Holland,0.2269826998509666,-0.4171128423962051,-0.4391770117823371,2.276286747155494,1.0743410235384998,,
1184.0,2023-03-01,Overijssel,-1.0905386482930384,-1.2257841830892433,-1.1316020814537593,0.0,0.1062752550472887,,
1185.0,2023-03-01,Utrecht,-0.3219845285423687,-0.6866699559605512,-0.9007937248966186,0.1373671233730079,0.2266786376344053,,
1186.0,2023-03-01,Zeeland,-0.8709517569357041,,-0.6699853683394779,0.0,-1.5053621895354865,,
1187.0,2023-03-01,Zuid-Holland,0.3367761455296337,-0.6866699559605512,-0.4391770117823371,0.9760088877102304,1.487081592756217,,
1188.0,2023-04-01,Drenthe,-1.2003320939717053,,-0.4391770117823371,0.0,-1.0521706297180344,,
1189.0,2023-04-01,Flevoland,-1.3101255396503724,,-1.1316020814537593,0.0,-0.9524340992609523,,
1190.0,2023-04-01,Friesland,-1.3101255396503724,-0.4171128423962051,-0.6699853683394779,0.0,-0.6815982209571082,,
1191.0,2023-04-01,Gelderland,-0.4317779742210358,-0.4171128423962051,-0.4391770117823371,-0.6872851265576272,0.9589488557843924,,
1192.0,2023-04-01,Groningen,-0.761158311257037,-0.4171128423962051,0.4840564144462256,0.0,-1.0289073219540792,,
1193.0,2023-04-01,Limburg,-0.761158311257037,-0.4171128423962051,-0.6699853683394779,-2.598615973946317,0.0075417125728072,,
1194.0,2023-04-01,Noord-Brabant,-0.4317779742210358,-0.1475557288318591,-0.4391770117823371,0.0,1.359605384092034,,
1195.0,2023-04-01,Noord-Holland,-0.1023976371850346,0.1220013847324868,-0.2083686552251964,2.276286747155494,1.0743410235384998,,
1196.0,2023-04-01,Overijssel,-1.2003320939717053,-0.4171128423962051,-0.6699853683394779,0.0,0.1062752550472887,,
1197.0,2023-04-01,Utrecht,-0.65136486557837,-0.1475557288318591,-0.9007937248966186,0.1373671233730079,0.2266786376344053,,
1198.0,2023-04-01,Zeeland,-0.761158311257037,,0.0224397013319442,0.0,-1.5053621895354865,,
1199.0,2023-04-01,Zuid-Holland,0.0073958084936324,0.1220013847324868,0.0224397013319442,0.9760088877102304,1.487081592756217,,
1200.0,2023-05-01,Drenthe,-1.2003320939717053,,-0.2083686552251964,0.0,-1.0521706297180344,,
1201.0,2023-05-01,Flevoland,-1.3101255396503724,,-0.6699853683394779,0.0,-0.9524340992609523,,
1202.0,2023-05-01,Friesland,-1.5297124310077066,-1.2257841830892433,-0.4391770117823371,0.0,-0.6815982209571082,,
1203.0,2023-05-01,Gelderland,-0.5415714198997029,-0.1475557288318591,0.4840564144462256,-0.6872851265576272,0.9589488557843924,,
1204.0,2023-05-01,Groningen,-0.9807452026143711,-0.9562270695248972,0.7148647710033664,0.0,-1.0289073219540792,,
1205.0,2023-05-01,Limburg,-0.761158311257037,-0.4171128423962051,0.7148647710033664,-2.598615973946317,0.0075417125728072,,
1206.0,2023-05-01,Noord-Brabant,-0.5415714198997029,-0.1475557288318591,0.253248057889085,0.0,1.359605384092034,,
1207.0,2023-05-01,Noord-Holland,-0.3219845285423687,-0.1475557288318591,0.253248057889085,2.276286747155494,1.0743410235384998,,
1208.0,2023-05-01,Overijssel,-1.3101255396503724,-0.6866699559605512,-0.2083686552251964,0.0,0.1062752550472887,,
1209.0,2023-05-01,Utrecht,-0.8709517569357041,-0.4171128423962051,0.0224397013319442,0.1373671233730079,0.2266786376344053,,
1210.0,2023-05-01,Zeeland,-0.65136486557837,,1.4072898406747885,0.0,-1.5053621895354865,,
1211.0,2023-05-01,Zuid-Holland,-0.2121910828637017,-0.1475557288318591,0.4840564144462256,0.9760088877102304,1.487081592756217,,
1212.0,2023-06-01,Drenthe,-0.8709517569357041,,0.0224397013319442,0.0,-1.0521706297180344,,
1213.0,2023-06-01,Flevoland,-1.0905386482930384,,-0.4391770117823371,0.0,-0.9524340992609523,,
1214.0,2023-06-01,Friesland,-1.4199189853290397,-1.4953412966535893,-0.4391770117823371,0.0,-0.6815982209571082,,
1215.0,2023-06-01,Gelderland,-0.3219845285423687,-0.4171128423962051,0.4840564144462256,-0.6872851265576272,0.9589488557843924,,
1216.0,2023-06-01,Groningen,-0.8709517569357041,-1.2257841830892433,0.7148647710033664,0.0,-1.0289073219540792,,
1217.0,2023-06-01,Limburg,-0.65136486557837,-0.1475557288318591,1.176481484117648,-2.598615973946317,0.0075417125728072,,
1218.0,2023-06-01,Noord-Brabant,-0.5415714198997029,-0.4171128423962051,0.253248057889085,0.0,1.359605384092034,,
1219.0,2023-06-01,Noord-Holland,-0.3219845285423687,-0.4171128423962051,0.253248057889085,2.276286747155494,1.0743410235384998,,
1220.0,2023-06-01,Overijssel,-1.0905386482930384,-0.6866699559605512,0.0224397013319442,0.0,0.1062752550472887,,
1221.0,2023-06-01,Utrecht,-0.761158311257037,-0.4171128423962051,0.0224397013319442,0.1373671233730079,0.2266786376344053,,
1222.0,2023-06-01,Zeeland,-0.5415714198997029,,0.4840564144462256,0.0,-1.5053621895354865,,
1223.0,2023-06-01,Zuid-Holland,-0.1023976371850346,-0.4171128423962051,0.4840564144462256,0.9760088877102304,1.487081592756217,,
1224.0,2023-07-01,Drenthe,-1.2003320939717053,,-1.5932187945680407,0.0,-1.0521706297180344,,
1225.0,2023-07-01,Flevoland,-1.2003320939717053,,-1.3624104380109,0.0,-0.9524340992609523,,
1226.0,2023-07-01,Friesland,-1.4199189853290397,-1.7648984102179353,-1.3624104380109,0.0,-0.6815982209571082,,
1227.0,2023-07-01,Gelderland,-0.5415714198997029,-1.2257841830892433,-0.9007937248966186,-0.6872851265576272,0.9589488557843924,,
1228.0,2023-07-01,Groningen,-0.8709517569357041,-1.7648984102179353,-0.6699853683394779,0.0,-1.0289073219540792,,
1229.0,2023-07-01,Limburg,-0.9807452026143711,-1.2257841830892433,-0.6699853683394779,-2.598615973946317,0.0075417125728072,,
1230.0,2023-07-01,Noord-Brabant,-0.65136486557837,-0.9562270695248972,-0.9007937248966186,0.0,1.359605384092034,,
1231.0,2023-07-01,Noord-Holland,-0.4317779742210358,-1.2257841830892433,-0.6699853683394779,2.276286747155494,1.0743410235384998,,
1232.0,2023-07-01,Overijssel,-1.0905386482930384,-1.4953412966535893,-1.1316020814537593,0.0,0.1062752550472887,,
1233.0,2023-07-01,Utrecht,-0.65136486557837,-0.9562270695248972,-1.1316020814537593,0.1373671233730079,0.2266786376344053,,
1234.0,2023-07-01,Zeeland,-1.2003320939717053,,-0.9007937248966186,0.0,-1.5053621895354865,,
1235.0,2023-07-01,Zuid-Holland,-0.3219845285423687,-1.2257841830892433,-0.6699853683394779,0.9760088877102304,1.487081592756217,,
1236.0,2023-08-01,Drenthe,-1.3101255396503724,,-1.824027151125181,0.0,-1.0521706297180344,,
1237.0,2023-08-01,Flevoland,-1.2003320939717053,,-1.3624104380109,0.0,-0.9524340992609523,,
1238.0,2023-08-01,Friesland,-1.4199189853290397,-1.2257841830892433,-1.1316020814537593,0.0,-0.6815982209571082,,
1239.0,2023-08-01,Gelderland,-0.5415714198997029,-0.9562270695248972,-0.9007937248966186,-0.6872851265576272,0.9589488557843924,,
1240.0,2023-08-01,Groningen,-0.8709517569357041,-1.4953412966535893,-0.6699853683394779,0.0,-1.0289073219540792,,
1241.0,2023-08-01,Limburg,-0.8709517569357041,-1.2257841830892433,-0.6699853683394779,-2.598615973946317,0.0075417125728072,,
1242.0,2023-08-01,Noord-Brabant,-0.5415714198997029,-0.9562270695248972,-1.1316020814537593,0.0,1.359605384092034,,
1243.0,2023-08-01,Noord-Holland,-0.2121910828637017,-1.2257841830892433,-1.1316020814537593,2.276286747155494,1.0743410235384998,,
1244.0,2023-08-01,Overijssel,-1.2003320939717053,-1.2257841830892433,-1.3624104380109,0.0,0.1062752550472887,,
1245.0,2023-08-01,Utrecht,-0.4317779742210358,-0.9562270695248972,-1.1316020814537593,0.1373671233730079,0.2266786376344053,,
1246.0,2023-08-01,Zeeland,-1.0905386482930384,,-1.1316020814537593,0.0,-1.5053621895354865,,
1247.0,2023-08-01,Zuid-Holland,-0.1023976371850346,-1.2257841830892433,-0.9007937248966186,0.9760088877102304,1.487081592756217,,
1248.0,2023-09-01,Drenthe,-0.9807452026143711,,-0.6699853683394779,0.0,-1.0521706297180344,,
1249.0,2023-09-01,Flevoland,-1.0905386482930384,,-0.4391770117823371,0.0,-0.9524340992609523,,
1250.0,2023-09-01,Friesland,-1.2003320939717053,-0.4171128423962051,-0.4391770117823371,0.0,-0.6815982209571082,,
1251.0,2023-09-01,Gelderland,0.0073958084936324,-0.1475557288318591,0.0224397013319442,-0.6872851265576272,0.9589488557843924,,
1252.0,2023-09-01,Groningen,-0.4317779742210358,-0.4171128423962051,0.253248057889085,0.0,-1.0289073219540792,,
1253.0,2023-09-01,Limburg,-0.65136486557837,-0.6866699559605512,0.0224397013319442,-2.598615973946317,0.0075417125728072,,
1254.0,2023-09-01,Noord-Brabant,-0.1023976371850346,0.1220013847324868,0.0224397013319442,0.0,1.359605384092034,,
1255.0,2023-09-01,Noord-Holland,0.5563630368869679,0.1220013847324868,0.4840564144462256,2.276286747155494,1.0743410235384998,,
1256.0,2023-09-01,Overijssel,-0.9807452026143711,-0.4171128423962051,-0.2083686552251964,0.0,0.1062752550472887,,
1257.0,2023-09-01,Utrecht,-0.1023976371850346,0.1220013847324868,0.0224397013319442,0.1373671233730079,0.2266786376344053,,
1258.0,2023-09-01,Zeeland,-0.4317779742210358,,0.0224397013319442,0.0,-1.5053621895354865,,
1259.0,2023-09-01,Zuid-Holland,0.775949928244302,0.1220013847324868,0.7148647710033664,0.9760088877102304,1.487081592756217,,
1260.0,2023-10-01,Drenthe,-1.0905386482930384,,-1.824027151125181,0.0,-1.0521706297180344,,
1261.0,2023-10-01,Flevoland,-0.9807452026143711,,-1.3624104380109,0.0,-0.9524340992609523,,
1262.0,2023-10-01,Friesland,-1.2003320939717053,-0.6866699559605512,-1.3624104380109,0.0,-0.6815982209571082,,
1263.0,2023-10-01,Gelderland,-0.3219845285423687,-0.4171128423962051,-0.6699853683394779,-0.6872851265576272,0.9589488557843924,,
1264.0,2023-10-01,Groningen,-0.65136486557837,-1.2257841830892433,-0.4391770117823371,0.0,-1.0289073219540792,,
1265.0,2023-10-01,Limburg,-0.65136486557837,-0.9562270695248972,-0.6699853683394779,-2.598615973946317,0.0075417125728072,,
1266.0,2023-10-01,Noord-Brabant,-0.2121910828637017,-0.4171128423962051,-0.6699853683394779,0.0,1.359605384092034,,
1267.0,2023-10-01,Noord-Holland,0.2269826998509666,-0.6866699559605512,-0.4391770117823371,2.276286747155494,1.0743410235384998,,
1268.0,2023-10-01,Overijssel,-0.9807452026143711,-0.6866699559605512,-1.1316020814537593,0.0,0.1062752550472887,,
1269.0,2023-10-01,Utrecht,-0.2121910828637017,-0.4171128423962051,-0.9007937248966186,0.1373671233730079,0.2266786376344053,,
1270.0,2023-10-01,Zeeland,-0.761158311257037,,-0.4391770117823371,0.0,-1.5053621895354865,,
1271.0,2023-10-01,Zuid-Holland,0.4465695912083007,-0.6866699559605512,-0.2083686552251964,0.9760088877102304,1.487081592756217,,
1272.0,2023-11-01,Drenthe,-1.2003320939717053,,-2.054835507682322,0.0,-1.0521706297180344,,
1273.0,2023-11-01,Flevoland,-0.8709517569357041,,-1.5932187945680407,0.0,-0.9524340992609523,,
1274.0,2023-11-01,Friesland,-1.2003320939717053,-0.9562270695248972,-1.824027151125181,0.0,-0.6815982209571082,,
1275.0,2023-11-01,Gelderland,-0.3219845285423687,-0.4171128423962051,-0.9007937248966186,-0.6872851265576272,0.9589488557843924,,
1276.0,2023-11-01,Groningen,-0.4317779742210358,-1.4953412966535893,-0.6699853683394779,0.0,-1.0289073219540792,,
1277.0,2023-11-01,Limburg,-0.761158311257037,-0.9562270695248972,-1.3624104380109,-2.598615973946317,0.0075417125728072,,
1278.0,2023-11-01,Noord-Brabant,-0.2121910828637017,-0.4171128423962051,-1.1316020814537593,0.0,1.359605384092034,,
1279.0,2023-11-01,Noord-Holland,0.3367761455296337,-0.6866699559605512,-0.9007937248966186,2.276286747155494,1.0743410235384998,,
1280.0,2023-11-01,Overijssel,-0.8709517569357041,-0.6866699559605512,-1.5932187945680407,0.0,0.1062752550472887,,
1281.0,2023-11-01,Utrecht,-0.1023976371850346,-0.4171128423962051,-1.3624104380109,0.1373671233730079,0.2266786376344053,,
1282.0,2023-11-01,Zeeland,-0.8709517569357041,,-0.9007937248966186,0.0,-1.5053621895354865,,
1283.0,2023-11-01,Zuid-Holland,0.3367761455296337,-0.9562270695248972,-0.9007937248966186,0.9760088877102304,1.487081592756217,,
1284.0,2023-12-01,Drenthe,-0.9807452026143711,,-1.3624104380109,0.0,-1.0521706297180344,,
1285.0,2023-12-01,Flevoland,-0.761158311257037,,-0.9007937248966186,0.0,-0.9524340992609523,,
1286.0,2023-12-01,Friesland,-1.0905386482930384,0.1220013847324868,-0.9007937248966186,0.0,-0.6815982209571082,,
1287.0,2023-12-01,Gelderland,-0.2121910828637017,0.1220013847324868,-0.4391770117823371,-0.6872851265576272,0.9589488557843924,,
1288.0,2023-12-01,Groningen,-0.5415714198997029,-0.4171128423962051,0.4840564144462256,0.0,-1.0289073219540792,,
1289.0,2023-12-01,Limburg,-0.65136486557837,-0.4171128423962051,-1.1316020814537593,-2.598615973946317,0.0075417125728072,,
1290.0,2023-12-01,Noord-Brabant,-0.2121910828637017,0.3915584982968328,-0.6699853683394779,0.0,1.359605384092034,,
1291.0,2023-12-01,Noord-Holland,0.3367761455296337,0.1220013847324868,0.0224397013319442,2.276286747155494,1.0743410235384998,,
1292.0,2023-12-01,Overijssel,-0.761158311257037,-0.4171128423962051,-0.6699853683394779,0.0,0.1062752550472887,,
1293.0,2023-12-01,Utrecht,-0.1023976371850346,0.1220013847324868,-0.6699853683394779,0.1373671233730079,0.2266786376344053,,
1294.0,2023-12-01,Zeeland,-0.761158311257037,,-0.4391770117823371,0.0,-1.5053621895354865,,
1295.0,2023-12-01,Zuid-Holland,0.4465695912083007,0.1220013847324868,0.0224397013319442,0.9760088877102304,1.487081592756217,,
1296.0,2024-01-01,Drenthe,-0.9807452026143711,,-1.1316020814537593,0.0,-1.0521706297180344,,
1297.0,2024-01-01,Flevoland,-0.761158311257037,,-0.6699853683394779,0.0,-0.9524340992609523,,
1298.0,2024-01-01,Friesland,-1.0905386482930384,0.1220013847324868,-0.9007937248966186,0.0,-0.6815982209571082,,
1299.0,2024-01-01,Gelderland,0.0073958084936324,0.6611156118611788,0.0224397013319442,-0.6872851265576272,0.9589488557843924,,
1300.0,2024-01-01,Groningen,-0.4317779742210358,-0.6866699559605512,0.4840564144462256,0.0,-1.0289073219540792,,
1301.0,2024-01-01,Limburg,-0.1023976371850346,0.6611156118611788,0.0224397013319442,-2.598615973946317,0.0075417125728072,,
1302.0,2024-01-01,Noord-Brabant,0.1171892541722995,1.4697869525542169,0.0224397013319442,0.0,1.359605384092034,,
1303.0,2024-01-01,Noord-Holland,0.5563630368869679,0.1220013847324868,0.0224397013319442,2.276286747155494,1.0743410235384998,,
1304.0,2024-01-01,Overijssel,-0.761158311257037,0.1220013847324868,-0.6699853683394779,0.0,0.1062752550472887,,
1305.0,2024-01-01,Utrecht,0.2269826998509666,0.6611156118611788,-0.2083686552251964,0.1373671233730079,0.2266786376344053,,
1306.0,2024-01-01,Zeeland,-0.5415714198997029,,-0.2083686552251964,0.0,-1.5053621895354865,,
1307.0,2024-01-01,Zuid-Holland,0.775949928244302,-0.1475557288318591,0.0224397013319442,0.9760088877102304,1.487081592756217,,
1308.0,2024-02-01,Drenthe,-1.0905386482930384,,-1.3624104380109,0.0,-1.0521706297180344,,
1309.0,2024-02-01,Flevoland,-0.8709517569357041,,-1.1316020814537593,0.0,-0.9524340992609523,,
1310.0,2024-02-01,Friesland,-1.0905386482930384,-1.2257841830892433,-0.9007937248966186,0.0,-0.6815982209571082,,
1311.0,2024-02-01,Gelderland,-0.4317779742210358,-0.1475557288318591,-0.6699853683394779,-0.6872851265576272,0.9589488557843924,,
1312.0,2024-02-01,Groningen,-0.5415714198997029,-0.6866699559605512,0.253248057889085,0.0,-1.0289073219540792,,
1313.0,2024-02-01,Limburg,-0.761158311257037,-0.4171128423962051,-1.1316020814537593,-2.598615973946317,0.0075417125728072,,
1314.0,2024-02-01,Noord-Brabant,-0.3219845285423687,-0.4171128423962051,-0.9007937248966186,0.0,1.359605384092034,,
1315.0,2024-02-01,Noord-Holland,0.3367761455296337,-0.4171128423962051,-0.4391770117823371,2.276286747155494,1.0743410235384998,,
1316.0,2024-02-01,Overijssel,-0.8709517569357041,-0.6866699559605512,-0.9007937248966186,0.0,0.1062752550472887,,
1317.0,2024-02-01,Utrecht,-0.1023976371850346,-0.1475557288318591,-0.9007937248966186,0.1373671233730079,0.2266786376344053,,
1318.0,2024-02-01,Zeeland,-0.761158311257037,,-0.9007937248966186,0.0,-1.5053621895354865,,
1319.0,2024-02-01,Zuid-Holland,0.5563630368869679,-0.4171128423962051,-0.2083686552251964,0.9760088877102304,1.487081592756217,,
1320.0,2024-03-01,Drenthe,-1.0905386482930384,,-0.2083686552251964,0.0,-1.0521706297180344,,
1321.0,2024-03-01,Flevoland,-1.0905386482930384,,-0.4391770117823371,0.0,-0.9524340992609523,,
1322.0,2024-03-01,Friesland,-1.2003320939717053,0.3915584982968328,0.253248057889085,0.0,-0.6815982209571082,,
1323.0,2024-03-01,Gelderland,-0.3219845285423687,0.9306727254255248,0.253248057889085,-0.6872851265576272,0.9589488557843924,,
1324.0,2024-03-01,Groningen,-0.65136486557837,0.9306727254255248,1.4072898406747885,0.0,-1.0289073219540792,,
1325.0,2024-03-01,Limburg,-0.65136486557837,-0.4171128423962051,-0.9007937248966186,-2.598615973946317,0.0075417125728072,,
1326.0,2024-03-01,Noord-Brabant,-0.2121910828637017,0.3915584982968328,-0.2083686552251964,0.0,1.359605384092034,,
1327.0,2024-03-01,Noord-Holland,0.3367761455296337,0.6611156118611788,0.253248057889085,2.276286747155494,1.0743410235384998,,
1328.0,2024-03-01,Overijssel,-1.0905386482930384,0.1220013847324868,0.253248057889085,0.0,0.1062752550472887,,
1329.0,2024-03-01,Utrecht,-0.3219845285423687,0.6611156118611788,-0.2083686552251964,0.1373671233730079,0.2266786376344053,,
1330.0,2024-03-01,Zeeland,-0.5415714198997029,,0.0224397013319442,0.0,-1.5053621895354865,,
1331.0,2024-03-01,Zuid-Holland,0.5563630368869679,0.3915584982968328,0.253248057889085,0.9760088877102304,1.487081592756217,,
1332.0,2024-04-01,Drenthe,-1.3101255396503724,,-1.824027151125181,0.0,-1.0521706297180344,,
1333.0,2024-04-01,Flevoland,-1.3101255396503724,-1.4953412966535893,-1.5932187945680407,0.0,-0.9524340992609523,,
1334.0,2024-04-01,Friesland,-1.4199189853290397,-1.2257841830892433,-1.5932187945680407,0.0,-0.6815982209571082,,
1335.0,2024-04-01,Gelderland,-0.761158311257037,-0.9562270695248972,-1.3624104380109,-0.6872851265576272,0.9589488557843924,,
1336.0,2024-04-01,Groningen,-0.8709517569357041,-0.9562270695248972,-0.9007937248966186,0.0,-1.0289073219540792,,
1337.0,2024-04-01,Limburg,-1.0905386482930384,-1.4953412966535893,-1.3624104380109,-2.598615973946317,0.0075417125728072,,
1338.0,2024-04-01,Noord-Brabant,-0.761158311257037,-0.9562270695248972,-1.3624104380109,0.0,1.359605384092034,,
1339.0,2024-04-01,Noord-Holland,-0.1023976371850346,-0.9562270695248972,-1.1316020814537593,2.276286747155494,1.0743410235384998,,
1340.0,2024-04-01,Overijssel,-1.3101255396503724,-1.7648984102179353,-1.5932187945680407,0.0,0.1062752550472887,,
1341.0,2024-04-01,Utrecht,-0.65136486557837,-0.6866699559605512,-1.3624104380109,0.1373671233730079,0.2266786376344053,,
1342.0,2024-04-01,Zeeland,-1.0905386482930384,,-1.3624104380109,0.0,-1.5053621895354865,,
1343.0,2024-04-01,Zuid-Holland,-0.1023976371850346,-1.2257841830892433,-1.1316020814537593,0.9760088877102304,1.487081592756217,,
1344.0,2024-05-01,Drenthe,-1.0905386482930384,,-0.9007937248966186,0.0,-1.0521706297180344,,
1345.0,2024-05-01,Flevoland,-1.2003320939717053,0.1220013847324868,-0.6699853683394779,0.0,-0.9524340992609523,,
1346.0,2024-05-01,Friesland,-1.3101255396503724,-0.6866699559605512,-0.9007937248966186,0.0,-0.6815982209571082,,
1347.0,2024-05-01,Gelderland,-0.65136486557837,0.1220013847324868,-0.2083686552251964,-0.6872851265576272,0.9589488557843924,,
1348.0,2024-05-01,Groningen,-0.8709517569357041,-0.4171128423962051,0.4840564144462256,0.0,-1.0289073219540792,,
1349.0,2024-05-01,Limburg,-0.8709517569357041,-0.1475557288318591,-0.2083686552251964,-2.598615973946317,0.0075417125728072,,
1350.0,2024-05-01,Noord-Brabant,-0.5415714198997029,0.3915584982968328,0.0224397013319442,0.0,1.359605384092034,,
1351.0,2024-05-01,Noord-Holland,0.0073958084936324,0.3915584982968328,0.0224397013319442,2.276286747155494,1.0743410235384998,,
1352.0,2024-05-01,Overijssel,-1.2003320939717053,-1.2257841830892433,-0.2083686552251964,0.0,0.1062752550472887,,
1353.0,2024-05-01,Utrecht,-0.65136486557837,0.3915584982968328,-0.4391770117823371,0.1373671233730079,0.2266786376344053,,
1354.0,2024-05-01,Zeeland,-0.761158311257037,,-0.2083686552251964,0.0,-1.5053621895354865,,
1355.0,2024-05-01,Zuid-Holland,0.1171892541722995,0.3915584982968328,0.253248057889085,0.9760088877102304,1.487081592756217,,
1356.0,2024-06-01,Drenthe,-1.4199189853290397,,-1.1316020814537593,0.0,-1.0521706297180344,,
1357.0,2024-06-01,Flevoland,-1.3101255396503724,-0.9562270695248972,-0.9007937248966186,0.0,-0.9524340992609523,,
1358.0,2024-06-01,Friesland,-1.5297124310077066,-1.4953412966535893,-1.3624104380109,0.0,-0.6815982209571082,,
1359.0,2024-06-01,Gelderland,-0.761158311257037,-0.4171128423962051,-0.2083686552251964,-0.6872851265576272,0.9589488557843924,,
1360.0,2024-06-01,Groningen,-0.9807452026143711,-0.9562270695248972,0.253248057889085,0.0,-1.0289073219540792,,
1361.0,2024-06-01,Limburg,-0.9807452026143711,-0.6866699559605512,-0.2083686552251964,-2.598615973946317,0.0075417125728072,,
1362.0,2024-06-01,Noord-Brabant,-0.65136486557837,-0.4171128423962051,-0.4391770117823371,0.0,1.359605384092034,,
1363.0,2024-06-01,Noord-Holland,-0.3219845285423687,-0.4171128423962051,-0.4391770117823371,2.276286747155494,1.0743410235384998,,
1364.0,2024-06-01,Overijssel,-1.4199189853290397,-1.2257841830892433,-0.9007937248966186,0.0,0.1062752550472887,,
1365.0,2024-06-01,Utrecht,-0.65136486557837,-0.4171128423962051,-0.6699853683394779,0.1373671233730079,0.2266786376344053,,
1366.0,2024-06-01,Zeeland,-0.9807452026143711,,-0.4391770117823371,0.0,-1.5053621895354865,,
1367.0,2024-06-01,Zuid-Holland,-0.1023976371850346,-0.6866699559605512,-0.2083686552251964,0.9760088877102304,1.487081592756217,,
1368.0,2024-07-01,Drenthe,-1.5297124310077066,,-1.3624104380109,0.0,-1.0521706297180344,,
1369.0,2024-07-01,Flevoland,-1.3101255396503724,-1.2257841830892433,-1.3624104380109,0.0,-0.9524340992609523,,
1370.0,2024-07-01,Friesland,-1.5297124310077066,-2.034455523782281,-1.5932187945680407,0.0,-0.6815982209571082,,
1371.0,2024-07-01,Gelderland,-0.761158311257037,-0.6866699559605512,-0.9007937248966186,-0.6872851265576272,0.9589488557843924,,
1372.0,2024-07-01,Groningen,-1.0905386482930384,-1.2257841830892433,-0.4391770117823371,0.0,-1.0289073219540792,,
1373.0,2024-07-01,Limburg,-0.9807452026143711,-1.2257841830892433,-0.6699853683394779,-2.598615973946317,0.0075417125728072,,
1374.0,2024-07-01,Noord-Brabant,-0.65136486557837,-0.6866699559605512,-0.6699853683394779,0.0,1.359605384092034,,
1375.0,2024-07-01,Noord-Holland,-0.3219845285423687,-0.9562270695248972,-0.9007937248966186,2.276286747155494,1.0743410235384998,,
1376.0,2024-07-01,Overijssel,-1.4199189853290397,-1.7648984102179353,-1.3624104380109,0.0,0.1062752550472887,,
1377.0,2024-07-01,Utrecht,-0.761158311257037,-0.9562270695248972,-0.9007937248966186,0.1373671233730079,0.2266786376344053,,
1378.0,2024-07-01,Zeeland,-0.9807452026143711,,-1.1316020814537593,0.0,-1.5053621895354865,,
1379.0,2024-07-01,Zuid-Holland,-0.1023976371850346,-0.9562270695248972,-0.6699853683394779,0.9760088877102304,1.487081592756217,,
1380.0,2024-08-01,Drenthe,-1.3101255396503724,,-0.6699853683394779,0.0,-1.0521706297180344,,
1381.0,2024-08-01,Flevoland,-1.2003320939717053,-0.6866699559605512,-0.6699853683394779,0.0,-0.9524340992609523,,
1382.0,2024-08-01,Friesland,-1.3101255396503724,-1.4953412966535893,-0.9007937248966186,0.0,-0.6815982209571082,,
1383.0,2024-08-01,Gelderland,-0.65136486557837,-0.4171128423962051,-0.2083686552251964,-0.6872851265576272,0.9589488557843924,,
1384.0,2024-08-01,Groningen,-0.9807452026143711,-0.9562270695248972,0.0224397013319442,0.0,-1.0289073219540792,,
1385.0,2024-08-01,Limburg,-0.8709517569357041,-0.6866699559605512,-0.2083686552251964,-2.598615973946317,0.0075417125728072,,
1386.0,2024-08-01,Noord-Brabant,-0.5415714198997029,0.1220013847324868,0.253248057889085,0.0,1.359605384092034,,
1387.0,2024-08-01,Noord-Holland,-0.2121910828637017,-0.4171128423962051,-0.2083686552251964,2.276286747155494,1.0743410235384998,,
1388.0,2024-08-01,Overijssel,-1.3101255396503724,-0.9562270695248972,-0.6699853683394779,0.0,0.1062752550472887,,
1389.0,2024-08-01,Utrecht,-0.5415714198997029,-0.4171128423962051,-0.2083686552251964,0.1373671233730079,0.2266786376344053,,
1390.0,2024-08-01,Zeeland,-0.9807452026143711,,-0.4391770117823371,0.0,-1.5053621895354865,,
1391.0,2024-08-01,Zuid-Holland,0.0073958084936324,-0.4171128423962051,0.0224397013319442,0.9760088877102304,1.487081592756217,,
1392.0,2024-09-01,Drenthe,-1.3101255396503724,,-0.2083686552251964,0.0,-1.0521706297180344,,
1393.0,2024-09-01,Flevoland,-1.0905386482930384,-0.1475557288318591,-0.4391770117823371,0.0,-0.9524340992609523,,
1394.0,2024-09-01,Friesland,-1.3101255396503724,-0.9562270695248972,-0.9007937248966186,0.0,-0.6815982209571082,,
1395.0,2024-09-01,Gelderland,-0.5415714198997029,-0.4171128423962051,0.0224397013319442,-0.6872851265576272,0.9589488557843924,,
1396.0,2024-09-01,Groningen,-0.761158311257037,-0.4171128423962051,0.253248057889085,0.0,-1.0289073219540792,,
1397.0,2024-09-01,Limburg,-0.761158311257037,-0.4171128423962051,-0.2083686552251964,-2.598615973946317,0.0075417125728072,,
1398.0,2024-09-01,Noord-Brabant,-0.5415714198997029,0.1220013847324868,0.0224397013319442,0.0,1.359605384092034,,
1399.0,2024-09-01,Noord-Holland,-0.1023976371850346,-0.1475557288318591,-0.2083686552251964,2.276286747155494,1.0743410235384998,,
1400.0,2024-09-01,Overijssel,-1.2003320939717053,-0.6866699559605512,-0.6699853683394779,0.0,0.1062752550472887,,
1401.0,2024-09-01,Utrecht,-0.4317779742210358,-0.1475557288318591,-0.2083686552251964,0.1373671233730079,0.2266786376344053,,
1402.0,2024-09-01,Zeeland,-0.9807452026143711,,-0.6699853683394779,0.0,-1.5053621895354865,,
1403.0,2024-09-01,Zuid-Holland,0.1171892541722995,-0.1475557288318591,0.253248057889085,0.9760088877102304,1.487081592756217,,
1404.0,2024-10-01,Drenthe,-1.0905386482930384,,-1.3624104380109,0.0,-1.0521706297180344,,
1405.0,2024-10-01,Flevoland,-0.65136486557837,-0.6866699559605512,-1.1316020814537593,0.0,-0.9524340992609523,,
1406.0,2024-10-01,Friesland,-0.9807452026143711,-1.7648984102179353,-1.824027151125181,0.0,-0.6815982209571082,,
1407.0,2024-10-01,Gelderland,-0.2121910828637017,-0.6866699559605512,-0.4391770117823371,-0.6872851265576272,0.9589488557843924,,
1408.0,2024-10-01,Groningen,-0.4317779742210358,-0.9562270695248972,-0.4391770117823371,0.0,-1.0289073219540792,,
1409.0,2024-10-01,Limburg,-0.5415714198997029,-0.9562270695248972,-1.1316020814537593,-2.598615973946317,0.0075417125728072,,
1410.0,2024-10-01,Noord-Brabant,-0.2121910828637017,-0.4171128423962051,-0.4391770117823371,0.0,1.359605384092034,,
1411.0,2024-10-01,Noord-Holland,0.5563630368869679,-0.6866699559605512,-0.6699853683394779,2.276286747155494,1.0743410235384998,,
1412.0,2024-10-01,Overijssel,-0.9807452026143711,-1.2257841830892433,-1.3624104380109,0.0,0.1062752550472887,,
1413.0,2024-10-01,Utrecht,0.0073958084936324,-0.1475557288318591,-0.9007937248966186,0.1373671233730079,0.2266786376344053,,
1414.0,2024-10-01,Zeeland,-0.5415714198997029,,-1.1316020814537593,0.0,-1.5053621895354865,,
1415.0,2024-10-01,Zuid-Holland,0.666156482565635,-0.6866699559605512,-0.4391770117823371,0.9760088877102304,1.487081592756217,,
1416.0,2024-11-01,Drenthe,-0.9807452026143711,,-1.1316020814537593,0.0,-1.0521706297180344,,
1417.0,2024-11-01,Flevoland,-0.5415714198997029,0.1220013847324868,-0.6699853683394779,0.0,-0.9524340992609523,,
1418.0,2024-11-01,Friesland,-1.0905386482930384,-0.6866699559605512,-1.3624104380109,0.0,-0.6815982209571082,,
1419.0,2024-11-01,Gelderland,0.0073958084936324,0.1220013847324868,-0.4391770117823371,-0.6872851265576272,0.9589488557843924,,
1420.0,2024-11-01,Groningen,-0.4317779742210358,-0.6866699559605512,-0.2083686552251964,0.0,-1.0289073219540792,,
1421.0,2024-11-01,Limburg,-0.4317779742210358,-0.1475557288318591,-0.9007937248966186,-2.598615973946317,0.0075417125728072,,
1422.0,2024-11-01,Noord-Brabant,0.1171892541722995,0.3915584982968328,-0.2083686552251964,0.0,1.359605384092034,,
1423.0,2024-11-01,Noord-Holland,0.5563630368869679,0.1220013847324868,0.0224397013319442,2.276286747155494,1.0743410235384998,,
1424.0,2024-11-01,Overijssel,-0.8709517569357041,-0.6866699559605512,-0.9007937248966186,0.0,0.1062752550472887,,
1425.0,2024-11-01,Utrecht,0.1171892541722995,0.6611156118611788,-0.2083686552251964,0.1373671233730079,0.2266786376344053,,
1426.0,2024-11-01,Zeeland,-0.5415714198997029,,-0.2083686552251964,0.0,-1.5053621895354865,,
1427.0,2024-11-01,Zuid-Holland,0.666156482565635,0.3915584982968328,0.253248057889085,0.9760088877102304,1.487081592756217,,
1428.0,2024-12-01,Drenthe,-0.9807452026143711,,-1.5932187945680407,0.0,-1.0521706297180344,,
1429.0,2024-12-01,Flevoland,-0.5415714198997029,0.1220013847324868,-0.9007937248966186,0.0,-0.9524340992609523,,
1430.0,2024-12-01,Friesland,-0.9807452026143711,-0.1475557288318591,-1.3624104380109,0.0,-0.6815982209571082,,
1431.0,2024-12-01,Gelderland,-0.3219845285423687,-0.4171128423962051,-0.9007937248966186,-0.6872851265576272,0.9589488557843924,,
1432.0,2024-12-01,Groningen,-0.5415714198997029,-0.6866699559605512,-0.4391770117823371,0.0,-1.0289073219540792,,
1433.0,2024-12-01,Limburg,-0.5415714198997029,-0.4171128423962051,-1.1316020814537593,-2.598615973946317,0.0075417125728072,,
1434.0,2024-12-01,Noord-Brabant,-0.3219845285423687,-0.1475557288318591,-0.6699853683394779,0.0,1.359605384092034,,
1435.0,2024-12-01,Noord-Holland,0.3367761455296337,0.1220013847324868,-0.2083686552251964,2.276286747155494,1.0743410235384998,,
1436.0,2024-12-01,Overijssel,-0.8709517569357041,-0.9562270695248972,-1.3624104380109,0.0,0.1062752550472887,,
1437.0,2024-12-01,Utrecht,-0.1023976371850346,0.3915584982968328,-0.6699853683394779,0.1373671233730079,0.2266786376344053,,
1438.0,2024-12-01,Zeeland,-0.761158311257037,,-0.2083686552251964,0.0,-1.5053621895354865,,
1439.0,2024-12-01,Zuid-Holland,0.3367761455296337,0.3915584982968328,0.0224397013319442,0.9760088877102304,1.487081592756217,,
,,,5.0,,12.0,,,2025.0,Drenthe
,,,8.0,7.0,14.0,,,2025.0,Flevoland
,,,4.0,5.0,13.0,,,2025.0,Friesland
,,,17.0,8.0,16.0,,,2025.0,Gelderland
,,,11.0,6.0,18.0,,,2025.0,Groningen
,,,13.0,8.0,15.0,,,2025.0,Limburg
,,,16.0,9.0,15.0,,,2025.0,Noord-Brabant
,,,20.0,8.0,16.0,,,2025.0,Noord-Holland
,,,7.0,6.0,13.0,,,2025.0,Overijssel
,,,17.0,8.0,14.0,,,2025.0,Utrecht
,,,10.0,,15.0,,,2025.0,Zeeland
,,,22.0,8.0,16.0,,,2025.0,Zuid-Holland
,,,5.0,,11.0,,,2026.0,Drenthe
,,,7.0,7.0,13.0,,,2026.0,Flevoland
,,,4.0,5.0,12.0,,,2026.0,Friesland
,,,16.0,7.0,16.0,,,2026.0,Gelderland
,,,11.0,6.0,17.0,,,2026.0,Groningen
,,,12.0,7.0,14.0,,,2026.0,Limburg
,,,16.0,8.0,15.0,,,2026.0,Noord-Brabant
,,,20.0,8.0,15.0,,,2026.0,Noord-Holland
,,,6.0,6.0,13.0,,,2026.0,Overijssel
,,,17.0,7.0,14.0,,,2026.0,Utrecht
,,,9.0,,15.0,,,2026.0,Zeeland
,,,22.0,8.0,16.0,,,2026.0,Zuid-Holland
,,,4.0,,11.0,,,2027.0,Drenthe
,,,6.0,6.0,13.0,,,2027.0,Flevoland
,,,3.0,4.0,12.0,,,2027.0,Friesland
,,,15.0,7.0,15.0,,,2027.0,Gelderland
,,,10.0,5.0,17.0,,,2027.0,Groningen
,,,12.0,7.0,14.0,,,2027.0,Limburg
,,,15.0,8.0,14.0,,,2027.0,Noord-Brabant
,,,19.0,7.0,14.0,,,2027.0,Noord-Holland
,,,6.0,5.0,12.0,,,2027.0,Overijssel
,,,16.0,7.0,13.0,,,2027.0,Utrecht
,,,9.0,,14.0,,,2027.0,Zeeland
,,,21.0,7.0,15.0,,,2027.0,Zuid-Holland
,,,4.0,,10.0,,,2028.0,Drenthe
,,,6.0,6.0,12.0,,,2028.0,Flevoland
,,,3.0,4.0,11.0,,,2028.0,Friesland
,,,15.0,6.0,14.0,,,2028.0,Gelderland
,,,10.0,5.0,16.0,,,2028.0,Groningen
,,,11.0,6.0,13.0,,,2028.0,Limburg
,,,15.0,7.0,14.0,,,2028.0,Noord-Brabant
,,,18.0,7.0,14.0,,,2028.0,Noord-Holland
,,,5.0,5.0,12.0,,,2028.0,Overijssel
,,,16.0,6.0,13.0,,,2028.0,Utrecht
,,,8.0,,14.0,,,2028.0,Zeeland
,,,21.0,7.0,15.0,,,2028.0,Zuid-Holland
,,,3.0,,10.0,,,2029.0,Drenthe
,,,5.0,5.0,12.0,,,2029.0,Flevoland
,,,2.0,3.0,11.0,,,2029.0,Friesland
,,,14.0,6.0,14.0,,,2029.0,Gelderland
,,,9.0,4.0,16.0,,,2029.0,Groningen
,,,11.0,6.0,13.0,,,2029.0,Limburg
,,,14.0,7.0,13.0,,,2029.0,Noord-Brabant
,,,18.0,6.0,13.0,,,2029.0,Noord-Holland
,,,5.0,5.0,11.0,,,2029.0,Overijssel
,,,15.0,6.0,12.0,,,2029.0,Utrecht
,,,8.0,,13.0,,,2029.0,Zeeland
,,,20.0,6.0,14.0,,,2029.0,Zuid-Holland
,,,3.0,,9.0,,,2030.0,Drenthe
,,,5.0,5.0,11.0,,,2030.0,Flevoland
,,,2.0,3.0,10.0,,,2030.0,Friesland
,,,14.0,6.0,13.0,,,2030.0,Gelderland
,,,8.0,4.0,15.0,,,2030.0,Groningen
,,,10.0,5.0,12.0,,,2030.0,Limburg
,,,14.0,6.0,13.0,,,2030.0,Noord-Brabant
,,,17.0,6.0,13.0,,,2030.0,Noord-Holland
,,,4.0,4.0,11.0,,,2030.0,Overijssel
,,,15.0,5.0,12.0,,,2030.0,Utrecht
,,,7.0,,13.0,,,2030.0,Zeeland
,,,20.0,6.0,14.0,,,2030.0,Zuid-Holland
,,,2.0,,9.0,,,2031.0,Drenthe
,,,4.0,4.0,10.0,,,2031.0,Flevoland
,,,1.0,2.0,9.0,,,2031.0,Friesland
,,,13.0,5.0,13.0,,,2031.0,Gelderland
,,,8.0,3.0,14.0,,,2031.0,Groningen
,,,10.0,5.0,12.0,,,2031.0,Limburg
,,,13.0,6.0,12.0,,,2031.0,Noord-Brabant
,,,17.0,5.0,12.0,,,2031.0,Noord-Holland
,,,4.0,4.0,10.0,,,2031.0,Overijssel
,,,14.0,5.0,11.0,,,2031.0,Utrecht
,,,7.0,,12.0,,,2031.0,Zeeland
,,,19.0,5.0,13.0,,,2031.0,Zuid-Holland
